row_id,cluster,cluster_label
0,1,"New, Low-Spend - Elevated Risk"
1,3,"Loyal, Low-Spend - Lowest Risk"
2,3,"Loyal, Low-Spend - Lowest Risk"
3,0,"New, High-Spend - Highest Risk"
4,3,"Loyal, Low-Spend - Lowest Risk"
5,2,"Loyal, High-Spend - Low Risk"
6,0,"New, High-Spend - Highest Risk"
7,2,"Loyal, High-Spend - Low Risk"
8,2,"Loyal, High-Spend - Low Risk"
9,1,"New, Low-Spend - Elevated Risk"
10,1,"New, Low-Spend - Elevated Risk"
11,0,"New, High-Spend - Highest Risk"
12,1,"New, Low-Spend - Elevated Risk"
13,0,"New, High-Spend - Highest Risk"
14,1,"New, Low-Spend - Elevated Risk"
15,0,"New, High-Spend - Highest Risk"
16,1,"New, Low-Spend - Elevated Risk"
17,0,"New, High-Spend - Highest Risk"
18,2,"Loyal, High-Spend - Low Risk"
19,0,"New, High-Spend - Highest Risk"
20,0,"New, High-Spend - Highest Risk"
21,1,"New, Low-Spend - Elevated Risk"
22,2,"Loyal, High-Spend - Low Risk"
23,2,"Loyal, High-Spend - Low Risk"
24,2,"Loyal, High-Spend - Low Risk"
25,0,"New, High-Spend - Highest Risk"
26,2,"Loyal, High-Spend - Low Risk"
27,0,"New, High-Spend - Highest Risk"
28,0,"New, High-Spend - Highest Risk"
29,2,"Loyal, High-Spend - Low Risk"
30,2,"Loyal, High-Spend - Low Risk"
31,1,"New, Low-Spend - Elevated Risk"
32,2,"Loyal, High-Spend - Low Risk"
33,2,"Loyal, High-Spend - Low Risk"
34,2,"Loyal, High-Spend - Low Risk"
35,1,"New, Low-Spend - Elevated Risk"
36,3,"Loyal, Low-Spend - Lowest Risk"
37,0,"New, High-Spend - Highest Risk"
38,2,"Loyal, High-Spend - Low Risk"
39,2,"Loyal, High-Spend - Low Risk"
40,0,"New, High-Spend - Highest Risk"
41,2,"Loyal, High-Spend - Low Risk"
42,0,"New, High-Spend - Highest Risk"
43,1,"New, Low-Spend - Elevated Risk"
44,0,"New, High-Spend - Highest Risk"
45,3,"Loyal, Low-Spend - Lowest Risk"
46,0,"New, High-Spend - Highest Risk"
47,0,"New, High-Spend - Highest Risk"
48,0,"New, High-Spend - Highest Risk"
49,1,"New, Low-Spend - Elevated Risk"
50,1,"New, Low-Spend - Elevated Risk"
51,1,"New, Low-Spend - Elevated Risk"
52,2,"Loyal, High-Spend - Low Risk"
53,2,"Loyal, High-Spend - Low Risk"
54,2,"Loyal, High-Spend - Low Risk"
55,2,"Loyal, High-Spend - Low Risk"
56,2,"Loyal, High-Spend - Low Risk"
57,0,"New, High-Spend - Highest Risk"
58,1,"New, Low-Spend - Elevated Risk"
59,0,"New, High-Spend - Highest Risk"
60,0,"New, High-Spend - Highest Risk"
61,1,"New, Low-Spend - Elevated Risk"
62,1,"New, Low-Spend - Elevated Risk"
63,2,"Loyal, High-Spend - Low Risk"
64,0,"New, High-Spend - Highest Risk"
65,3,"Loyal, Low-Spend - Lowest Risk"
66,3,"Loyal, Low-Spend - Lowest Risk"
67,3,"Loyal, Low-Spend - Lowest Risk"
68,3,"Loyal, Low-Spend - Lowest Risk"
69,2,"Loyal, High-Spend - Low Risk"
70,0,"New, High-Spend - Highest Risk"
71,3,"Loyal, Low-Spend - Lowest Risk"
72,0,"New, High-Spend - Highest Risk"
73,0,"New, High-Spend - Highest Risk"
74,2,"Loyal, High-Spend - Low Risk"
75,1,"New, Low-Spend - Elevated Risk"
76,0,"New, High-Spend - Highest Risk"
77,2,"Loyal, High-Spend - Low Risk"
78,1,"New, Low-Spend - Elevated Risk"
79,1,"New, Low-Spend - Elevated Risk"
80,2,"Loyal, High-Spend - Low Risk"
81,0,"New, High-Spend - Highest Risk"
82,1,"New, Low-Spend - Elevated Risk"
83,1,"New, Low-Spend - Elevated Risk"
84,3,"Loyal, Low-Spend - Lowest Risk"
85,0,"New, High-Spend - Highest Risk"
86,2,"Loyal, High-Spend - Low Risk"
87,0,"New, High-Spend - Highest Risk"
88,3,"Loyal, Low-Spend - Lowest Risk"
89,3,"Loyal, Low-Spend - Lowest Risk"
90,1,"New, Low-Spend - Elevated Risk"
91,3,"Loyal, Low-Spend - Lowest Risk"
92,0,"New, High-Spend - Highest Risk"
93,2,"Loyal, High-Spend - Low Risk"
94,3,"Loyal, Low-Spend - Lowest Risk"
95,3,"Loyal, Low-Spend - Lowest Risk"
96,0,"New, High-Spend - Highest Risk"
97,1,"New, Low-Spend - Elevated Risk"
98,0,"New, High-Spend - Highest Risk"
99,2,"Loyal, High-Spend - Low Risk"
100,0,"New, High-Spend - Highest Risk"
101,0,"New, High-Spend - Highest Risk"
102,1,"New, Low-Spend - Elevated Risk"
103,1,"New, Low-Spend - Elevated Risk"
104,1,"New, Low-Spend - Elevated Risk"
105,0,"New, High-Spend - Highest Risk"
106,2,"Loyal, High-Spend - Low Risk"
107,3,"Loyal, Low-Spend - Lowest Risk"
108,0,"New, High-Spend - Highest Risk"
109,3,"Loyal, Low-Spend - Lowest Risk"
110,0,"New, High-Spend - Highest Risk"
111,3,"Loyal, Low-Spend - Lowest Risk"
112,1,"New, Low-Spend - Elevated Risk"
113,2,"Loyal, High-Spend - Low Risk"
114,3,"Loyal, Low-Spend - Lowest Risk"
115,3,"Loyal, Low-Spend - Lowest Risk"
116,2,"Loyal, High-Spend - Low Risk"
117,2,"Loyal, High-Spend - Low Risk"
118,1,"New, Low-Spend - Elevated Risk"
119,2,"Loyal, High-Spend - Low Risk"
120,2,"Loyal, High-Spend - Low Risk"
121,2,"Loyal, High-Spend - Low Risk"
122,1,"New, Low-Spend - Elevated Risk"
123,0,"New, High-Spend - Highest Risk"
124,3,"Loyal, Low-Spend - Lowest Risk"
125,1,"New, Low-Spend - Elevated Risk"
126,0,"New, High-Spend - Highest Risk"
127,0,"New, High-Spend - Highest Risk"
128,3,"Loyal, Low-Spend - Lowest Risk"
129,0,"New, High-Spend - Highest Risk"
130,2,"Loyal, High-Spend - Low Risk"
131,0,"New, High-Spend - Highest Risk"
132,0,"New, High-Spend - Highest Risk"
133,0,"New, High-Spend - Highest Risk"
134,1,"New, Low-Spend - Elevated Risk"
135,2,"Loyal, High-Spend - Low Risk"
136,0,"New, High-Spend - Highest Risk"
137,1,"New, Low-Spend - Elevated Risk"
138,1,"New, Low-Spend - Elevated Risk"
139,2,"Loyal, High-Spend - Low Risk"
140,2,"Loyal, High-Spend - Low Risk"
141,3,"Loyal, Low-Spend - Lowest Risk"
142,0,"New, High-Spend - Highest Risk"
143,0,"New, High-Spend - Highest Risk"
144,3,"Loyal, Low-Spend - Lowest Risk"
145,1,"New, Low-Spend - Elevated Risk"
146,0,"New, High-Spend - Highest Risk"
147,0,"New, High-Spend - Highest Risk"
148,3,"Loyal, Low-Spend - Lowest Risk"
149,3,"Loyal, Low-Spend - Lowest Risk"
150,3,"Loyal, Low-Spend - Lowest Risk"
151,2,"Loyal, High-Spend - Low Risk"
152,0,"New, High-Spend - Highest Risk"
153,0,"New, High-Spend - Highest Risk"
154,0,"New, High-Spend - Highest Risk"
155,2,"Loyal, High-Spend - Low Risk"
156,2,"Loyal, High-Spend - Low Risk"
157,0,"New, High-Spend - Highest Risk"
158,2,"Loyal, High-Spend - Low Risk"
159,2,"Loyal, High-Spend - Low Risk"
160,0,"New, High-Spend - Highest Risk"
161,0,"New, High-Spend - Highest Risk"
162,0,"New, High-Spend - Highest Risk"
163,2,"Loyal, High-Spend - Low Risk"
164,3,"Loyal, Low-Spend - Lowest Risk"
165,0,"New, High-Spend - Highest Risk"
166,1,"New, Low-Spend - Elevated Risk"
167,2,"Loyal, High-Spend - Low Risk"
168,2,"Loyal, High-Spend - Low Risk"
169,2,"Loyal, High-Spend - Low Risk"
170,3,"Loyal, Low-Spend - Lowest Risk"
171,1,"New, Low-Spend - Elevated Risk"
172,3,"Loyal, Low-Spend - Lowest Risk"
173,3,"Loyal, Low-Spend - Lowest Risk"
174,1,"New, Low-Spend - Elevated Risk"
175,0,"New, High-Spend - Highest Risk"
176,0,"New, High-Spend - Highest Risk"
177,2,"Loyal, High-Spend - Low Risk"
178,0,"New, High-Spend - Highest Risk"
179,1,"New, Low-Spend - Elevated Risk"
180,0,"New, High-Spend - Highest Risk"
181,3,"Loyal, Low-Spend - Lowest Risk"
182,0,"New, High-Spend - Highest Risk"
183,3,"Loyal, Low-Spend - Lowest Risk"
184,3,"Loyal, Low-Spend - Lowest Risk"
185,3,"Loyal, Low-Spend - Lowest Risk"
186,1,"New, Low-Spend - Elevated Risk"
187,0,"New, High-Spend - Highest Risk"
188,0,"New, High-Spend - Highest Risk"
189,3,"Loyal, Low-Spend - Lowest Risk"
190,1,"New, Low-Spend - Elevated Risk"
191,2,"Loyal, High-Spend - Low Risk"
192,2,"Loyal, High-Spend - Low Risk"
193,2,"Loyal, High-Spend - Low Risk"
194,2,"Loyal, High-Spend - Low Risk"
195,3,"Loyal, Low-Spend - Lowest Risk"
196,0,"New, High-Spend - Highest Risk"
197,3,"Loyal, Low-Spend - Lowest Risk"
198,2,"Loyal, High-Spend - Low Risk"
199,2,"Loyal, High-Spend - Low Risk"
200,0,"New, High-Spend - Highest Risk"
201,2,"Loyal, High-Spend - Low Risk"
202,2,"Loyal, High-Spend - Low Risk"
203,1,"New, Low-Spend - Elevated Risk"
204,1,"New, Low-Spend - Elevated Risk"
205,1,"New, Low-Spend - Elevated Risk"
206,2,"Loyal, High-Spend - Low Risk"
207,0,"New, High-Spend - Highest Risk"
208,0,"New, High-Spend - Highest Risk"
209,1,"New, Low-Spend - Elevated Risk"
210,3,"Loyal, Low-Spend - Lowest Risk"
211,1,"New, Low-Spend - Elevated Risk"
212,0,"New, High-Spend - Highest Risk"
213,1,"New, Low-Spend - Elevated Risk"
214,0,"New, High-Spend - Highest Risk"
215,1,"New, Low-Spend - Elevated Risk"
216,2,"Loyal, High-Spend - Low Risk"
217,1,"New, Low-Spend - Elevated Risk"
218,2,"Loyal, High-Spend - Low Risk"
219,3,"Loyal, Low-Spend - Lowest Risk"
220,0,"New, High-Spend - Highest Risk"
221,0,"New, High-Spend - Highest Risk"
222,3,"Loyal, Low-Spend - Lowest Risk"
223,3,"Loyal, Low-Spend - Lowest Risk"
224,3,"Loyal, Low-Spend - Lowest Risk"
225,2,"Loyal, High-Spend - Low Risk"
226,1,"New, Low-Spend - Elevated Risk"
227,2,"Loyal, High-Spend - Low Risk"
228,0,"New, High-Spend - Highest Risk"
229,0,"New, High-Spend - Highest Risk"
230,3,"Loyal, Low-Spend - Lowest Risk"
231,2,"Loyal, High-Spend - Low Risk"
232,0,"New, High-Spend - Highest Risk"
233,2,"Loyal, High-Spend - Low Risk"
234,0,"New, High-Spend - Highest Risk"
235,3,"Loyal, Low-Spend - Lowest Risk"
236,0,"New, High-Spend - Highest Risk"
237,0,"New, High-Spend - Highest Risk"
238,0,"New, High-Spend - Highest Risk"
239,3,"Loyal, Low-Spend - Lowest Risk"
240,2,"Loyal, High-Spend - Low Risk"
241,1,"New, Low-Spend - Elevated Risk"
242,1,"New, Low-Spend - Elevated Risk"
243,2,"Loyal, High-Spend - Low Risk"
244,2,"Loyal, High-Spend - Low Risk"
245,2,"Loyal, High-Spend - Low Risk"
246,0,"New, High-Spend - Highest Risk"
247,1,"New, Low-Spend - Elevated Risk"
248,1,"New, Low-Spend - Elevated Risk"
249,1,"New, Low-Spend - Elevated Risk"
250,0,"New, High-Spend - Highest Risk"
251,2,"Loyal, High-Spend - Low Risk"
252,0,"New, High-Spend - Highest Risk"
253,2,"Loyal, High-Spend - Low Risk"
254,0,"New, High-Spend - Highest Risk"
255,2,"Loyal, High-Spend - Low Risk"
256,0,"New, High-Spend - Highest Risk"
257,3,"Loyal, Low-Spend - Lowest Risk"
258,3,"Loyal, Low-Spend - Lowest Risk"
259,2,"Loyal, High-Spend - Low Risk"
260,2,"Loyal, High-Spend - Low Risk"
261,1,"New, Low-Spend - Elevated Risk"
262,1,"New, Low-Spend - Elevated Risk"
263,2,"Loyal, High-Spend - Low Risk"
264,0,"New, High-Spend - Highest Risk"
265,2,"Loyal, High-Spend - Low Risk"
266,1,"New, Low-Spend - Elevated Risk"
267,1,"New, Low-Spend - Elevated Risk"
268,2,"Loyal, High-Spend - Low Risk"
269,1,"New, Low-Spend - Elevated Risk"
270,3,"Loyal, Low-Spend - Lowest Risk"
271,1,"New, Low-Spend - Elevated Risk"
272,0,"New, High-Spend - Highest Risk"
273,1,"New, Low-Spend - Elevated Risk"
274,3,"Loyal, Low-Spend - Lowest Risk"
275,0,"New, High-Spend - Highest Risk"
276,1,"New, Low-Spend - Elevated Risk"
277,0,"New, High-Spend - Highest Risk"
278,3,"Loyal, Low-Spend - Lowest Risk"
279,1,"New, Low-Spend - Elevated Risk"
280,2,"Loyal, High-Spend - Low Risk"
281,3,"Loyal, Low-Spend - Lowest Risk"
282,2,"Loyal, High-Spend - Low Risk"
283,3,"Loyal, Low-Spend - Lowest Risk"
284,2,"Loyal, High-Spend - Low Risk"
285,0,"New, High-Spend - Highest Risk"
286,0,"New, High-Spend - Highest Risk"
287,0,"New, High-Spend - Highest Risk"
288,0,"New, High-Spend - Highest Risk"
289,2,"Loyal, High-Spend - Low Risk"
290,3,"Loyal, Low-Spend - Lowest Risk"
291,3,"Loyal, Low-Spend - Lowest Risk"
292,2,"Loyal, High-Spend - Low Risk"
293,1,"New, Low-Spend - Elevated Risk"
294,2,"Loyal, High-Spend - Low Risk"
295,2,"Loyal, High-Spend - Low Risk"
296,1,"New, Low-Spend - Elevated Risk"
297,2,"Loyal, High-Spend - Low Risk"
298,0,"New, High-Spend - Highest Risk"
299,2,"Loyal, High-Spend - Low Risk"
300,2,"Loyal, High-Spend - Low Risk"
301,1,"New, Low-Spend - Elevated Risk"
302,2,"Loyal, High-Spend - Low Risk"
303,0,"New, High-Spend - Highest Risk"
304,0,"New, High-Spend - Highest Risk"
305,3,"Loyal, Low-Spend - Lowest Risk"
306,3,"Loyal, Low-Spend - Lowest Risk"
307,2,"Loyal, High-Spend - Low Risk"
308,0,"New, High-Spend - Highest Risk"
309,0,"New, High-Spend - Highest Risk"
310,1,"New, Low-Spend - Elevated Risk"
311,3,"Loyal, Low-Spend - Lowest Risk"
312,3,"Loyal, Low-Spend - Lowest Risk"
313,3,"Loyal, Low-Spend - Lowest Risk"
314,1,"New, Low-Spend - Elevated Risk"
315,0,"New, High-Spend - Highest Risk"
316,3,"Loyal, Low-Spend - Lowest Risk"
317,1,"New, Low-Spend - Elevated Risk"
318,2,"Loyal, High-Spend - Low Risk"
319,3,"Loyal, Low-Spend - Lowest Risk"
320,0,"New, High-Spend - Highest Risk"
321,3,"Loyal, Low-Spend - Lowest Risk"
322,2,"Loyal, High-Spend - Low Risk"
323,0,"New, High-Spend - Highest Risk"
324,0,"New, High-Spend - Highest Risk"
325,2,"Loyal, High-Spend - Low Risk"
326,3,"Loyal, Low-Spend - Lowest Risk"
327,2,"Loyal, High-Spend - Low Risk"
328,0,"New, High-Spend - Highest Risk"
329,3,"Loyal, Low-Spend - Lowest Risk"
330,2,"Loyal, High-Spend - Low Risk"
331,1,"New, Low-Spend - Elevated Risk"
332,1,"New, Low-Spend - Elevated Risk"
333,0,"New, High-Spend - Highest Risk"
334,3,"Loyal, Low-Spend - Lowest Risk"
335,3,"Loyal, Low-Spend - Lowest Risk"
336,2,"Loyal, High-Spend - Low Risk"
337,1,"New, Low-Spend - Elevated Risk"
338,0,"New, High-Spend - Highest Risk"
339,2,"Loyal, High-Spend - Low Risk"
340,0,"New, High-Spend - Highest Risk"
341,2,"Loyal, High-Spend - Low Risk"
342,1,"New, Low-Spend - Elevated Risk"
343,2,"Loyal, High-Spend - Low Risk"
344,0,"New, High-Spend - Highest Risk"
345,2,"Loyal, High-Spend - Low Risk"
346,1,"New, Low-Spend - Elevated Risk"
347,2,"Loyal, High-Spend - Low Risk"
348,2,"Loyal, High-Spend - Low Risk"
349,2,"Loyal, High-Spend - Low Risk"
350,0,"New, High-Spend - Highest Risk"
351,0,"New, High-Spend - Highest Risk"
352,1,"New, Low-Spend - Elevated Risk"
353,1,"New, Low-Spend - Elevated Risk"
354,3,"Loyal, Low-Spend - Lowest Risk"
355,2,"Loyal, High-Spend - Low Risk"
356,2,"Loyal, High-Spend - Low Risk"
357,2,"Loyal, High-Spend - Low Risk"
358,2,"Loyal, High-Spend - Low Risk"
359,0,"New, High-Spend - Highest Risk"
360,1,"New, Low-Spend - Elevated Risk"
361,2,"Loyal, High-Spend - Low Risk"
362,3,"Loyal, Low-Spend - Lowest Risk"
363,0,"New, High-Spend - Highest Risk"
364,1,"New, Low-Spend - Elevated Risk"
365,0,"New, High-Spend - Highest Risk"
366,2,"Loyal, High-Spend - Low Risk"
367,1,"New, Low-Spend - Elevated Risk"
368,1,"New, Low-Spend - Elevated Risk"
369,0,"New, High-Spend - Highest Risk"
370,1,"New, Low-Spend - Elevated Risk"
371,2,"Loyal, High-Spend - Low Risk"
372,0,"New, High-Spend - Highest Risk"
373,0,"New, High-Spend - Highest Risk"
374,0,"New, High-Spend - Highest Risk"
375,0,"New, High-Spend - Highest Risk"
376,0,"New, High-Spend - Highest Risk"
377,2,"Loyal, High-Spend - Low Risk"
378,0,"New, High-Spend - Highest Risk"
379,0,"New, High-Spend - Highest Risk"
380,0,"New, High-Spend - Highest Risk"
381,2,"Loyal, High-Spend - Low Risk"
382,3,"Loyal, Low-Spend - Lowest Risk"
383,2,"Loyal, High-Spend - Low Risk"
384,3,"Loyal, Low-Spend - Lowest Risk"
385,1,"New, Low-Spend - Elevated Risk"
386,0,"New, High-Spend - Highest Risk"
387,2,"Loyal, High-Spend - Low Risk"
388,0,"New, High-Spend - Highest Risk"
389,0,"New, High-Spend - Highest Risk"
390,3,"Loyal, Low-Spend - Lowest Risk"
391,3,"Loyal, Low-Spend - Lowest Risk"
392,0,"New, High-Spend - Highest Risk"
393,0,"New, High-Spend - Highest Risk"
394,0,"New, High-Spend - Highest Risk"
395,0,"New, High-Spend - Highest Risk"
396,0,"New, High-Spend - Highest Risk"
397,0,"New, High-Spend - Highest Risk"
398,1,"New, Low-Spend - Elevated Risk"
399,0,"New, High-Spend - Highest Risk"
400,1,"New, Low-Spend - Elevated Risk"
401,1,"New, Low-Spend - Elevated Risk"
402,1,"New, Low-Spend - Elevated Risk"
403,1,"New, Low-Spend - Elevated Risk"
404,0,"New, High-Spend - Highest Risk"
405,1,"New, Low-Spend - Elevated Risk"
406,3,"Loyal, Low-Spend - Lowest Risk"
407,1,"New, Low-Spend - Elevated Risk"
408,0,"New, High-Spend - Highest Risk"
409,0,"New, High-Spend - Highest Risk"
410,1,"New, Low-Spend - Elevated Risk"
411,0,"New, High-Spend - Highest Risk"
412,0,"New, High-Spend - Highest Risk"
413,1,"New, Low-Spend - Elevated Risk"
414,2,"Loyal, High-Spend - Low Risk"
415,1,"New, Low-Spend - Elevated Risk"
416,0,"New, High-Spend - Highest Risk"
417,0,"New, High-Spend - Highest Risk"
418,0,"New, High-Spend - Highest Risk"
419,0,"New, High-Spend - Highest Risk"
420,2,"Loyal, High-Spend - Low Risk"
421,0,"New, High-Spend - Highest Risk"
422,3,"Loyal, Low-Spend - Lowest Risk"
423,1,"New, Low-Spend - Elevated Risk"
424,1,"New, Low-Spend - Elevated Risk"
425,0,"New, High-Spend - Highest Risk"
426,1,"New, Low-Spend - Elevated Risk"
427,1,"New, Low-Spend - Elevated Risk"
428,0,"New, High-Spend - Highest Risk"
429,0,"New, High-Spend - Highest Risk"
430,2,"Loyal, High-Spend - Low Risk"
431,1,"New, Low-Spend - Elevated Risk"
432,2,"Loyal, High-Spend - Low Risk"
433,3,"Loyal, Low-Spend - Lowest Risk"
434,2,"Loyal, High-Spend - Low Risk"
435,0,"New, High-Spend - Highest Risk"
436,2,"Loyal, High-Spend - Low Risk"
437,2,"Loyal, High-Spend - Low Risk"
438,0,"New, High-Spend - Highest Risk"
439,3,"Loyal, Low-Spend - Lowest Risk"
440,2,"Loyal, High-Spend - Low Risk"
441,0,"New, High-Spend - Highest Risk"
442,0,"New, High-Spend - Highest Risk"
443,2,"Loyal, High-Spend - Low Risk"
444,1,"New, Low-Spend - Elevated Risk"
445,0,"New, High-Spend - Highest Risk"
446,2,"Loyal, High-Spend - Low Risk"
447,1,"New, Low-Spend - Elevated Risk"
448,2,"Loyal, High-Spend - Low Risk"
449,0,"New, High-Spend - Highest Risk"
450,1,"New, Low-Spend - Elevated Risk"
451,1,"New, Low-Spend - Elevated Risk"
452,2,"Loyal, High-Spend - Low Risk"
453,0,"New, High-Spend - Highest Risk"
454,0,"New, High-Spend - Highest Risk"
455,2,"Loyal, High-Spend - Low Risk"
456,0,"New, High-Spend - Highest Risk"
457,3,"Loyal, Low-Spend - Lowest Risk"
458,0,"New, High-Spend - Highest Risk"
459,0,"New, High-Spend - Highest Risk"
460,1,"New, Low-Spend - Elevated Risk"
461,0,"New, High-Spend - Highest Risk"
462,2,"Loyal, High-Spend - Low Risk"
463,1,"New, Low-Spend - Elevated Risk"
464,3,"Loyal, Low-Spend - Lowest Risk"
465,0,"New, High-Spend - Highest Risk"
466,2,"Loyal, High-Spend - Low Risk"
467,0,"New, High-Spend - Highest Risk"
468,1,"New, Low-Spend - Elevated Risk"
469,0,"New, High-Spend - Highest Risk"
470,0,"New, High-Spend - Highest Risk"
471,1,"New, Low-Spend - Elevated Risk"
472,1,"New, Low-Spend - Elevated Risk"
473,3,"Loyal, Low-Spend - Lowest Risk"
474,1,"New, Low-Spend - Elevated Risk"
475,2,"Loyal, High-Spend - Low Risk"
476,1,"New, Low-Spend - Elevated Risk"
477,0,"New, High-Spend - Highest Risk"
478,2,"Loyal, High-Spend - Low Risk"
479,0,"New, High-Spend - Highest Risk"
480,0,"New, High-Spend - Highest Risk"
481,1,"New, Low-Spend - Elevated Risk"
482,2,"Loyal, High-Spend - Low Risk"
483,0,"New, High-Spend - Highest Risk"
484,0,"New, High-Spend - Highest Risk"
485,2,"Loyal, High-Spend - Low Risk"
486,3,"Loyal, Low-Spend - Lowest Risk"
487,3,"Loyal, Low-Spend - Lowest Risk"
488,2,"Loyal, High-Spend - Low Risk"
489,1,"New, Low-Spend - Elevated Risk"
490,1,"New, Low-Spend - Elevated Risk"
491,1,"New, Low-Spend - Elevated Risk"
492,3,"Loyal, Low-Spend - Lowest Risk"
493,1,"New, Low-Spend - Elevated Risk"
494,2,"Loyal, High-Spend - Low Risk"
495,2,"Loyal, High-Spend - Low Risk"
496,0,"New, High-Spend - Highest Risk"
497,0,"New, High-Spend - Highest Risk"
498,0,"New, High-Spend - Highest Risk"
499,2,"Loyal, High-Spend - Low Risk"
500,2,"Loyal, High-Spend - Low Risk"
501,2,"Loyal, High-Spend - Low Risk"
502,1,"New, Low-Spend - Elevated Risk"
503,3,"Loyal, Low-Spend - Lowest Risk"
504,0,"New, High-Spend - Highest Risk"
505,1,"New, Low-Spend - Elevated Risk"
506,1,"New, Low-Spend - Elevated Risk"
507,2,"Loyal, High-Spend - Low Risk"
508,1,"New, Low-Spend - Elevated Risk"
509,0,"New, High-Spend - Highest Risk"
510,3,"Loyal, Low-Spend - Lowest Risk"
511,3,"Loyal, Low-Spend - Lowest Risk"
512,0,"New, High-Spend - Highest Risk"
513,0,"New, High-Spend - Highest Risk"
514,3,"Loyal, Low-Spend - Lowest Risk"
515,0,"New, High-Spend - Highest Risk"
516,3,"Loyal, Low-Spend - Lowest Risk"
517,2,"Loyal, High-Spend - Low Risk"
518,1,"New, Low-Spend - Elevated Risk"
519,0,"New, High-Spend - Highest Risk"
520,0,"New, High-Spend - Highest Risk"
521,1,"New, Low-Spend - Elevated Risk"
522,0,"New, High-Spend - Highest Risk"
523,3,"Loyal, Low-Spend - Lowest Risk"
524,3,"Loyal, Low-Spend - Lowest Risk"
525,2,"Loyal, High-Spend - Low Risk"
526,1,"New, Low-Spend - Elevated Risk"
527,2,"Loyal, High-Spend - Low Risk"
528,3,"Loyal, Low-Spend - Lowest Risk"
529,2,"Loyal, High-Spend - Low Risk"
530,0,"New, High-Spend - Highest Risk"
531,2,"Loyal, High-Spend - Low Risk"
532,0,"New, High-Spend - Highest Risk"
533,0,"New, High-Spend - Highest Risk"
534,3,"Loyal, Low-Spend - Lowest Risk"
535,0,"New, High-Spend - Highest Risk"
536,0,"New, High-Spend - Highest Risk"
537,3,"Loyal, Low-Spend - Lowest Risk"
538,3,"Loyal, Low-Spend - Lowest Risk"
539,1,"New, Low-Spend - Elevated Risk"
540,0,"New, High-Spend - Highest Risk"
541,3,"Loyal, Low-Spend - Lowest Risk"
542,3,"Loyal, Low-Spend - Lowest Risk"
543,2,"Loyal, High-Spend - Low Risk"
544,2,"Loyal, High-Spend - Low Risk"
545,0,"New, High-Spend - Highest Risk"
546,3,"Loyal, Low-Spend - Lowest Risk"
547,1,"New, Low-Spend - Elevated Risk"
548,1,"New, Low-Spend - Elevated Risk"
549,0,"New, High-Spend - Highest Risk"
550,2,"Loyal, High-Spend - Low Risk"
551,0,"New, High-Spend - Highest Risk"
552,1,"New, Low-Spend - Elevated Risk"
553,0,"New, High-Spend - Highest Risk"
554,2,"Loyal, High-Spend - Low Risk"
555,0,"New, High-Spend - Highest Risk"
556,3,"Loyal, Low-Spend - Lowest Risk"
557,3,"Loyal, Low-Spend - Lowest Risk"
558,0,"New, High-Spend - Highest Risk"
559,2,"Loyal, High-Spend - Low Risk"
560,2,"Loyal, High-Spend - Low Risk"
561,2,"Loyal, High-Spend - Low Risk"
562,3,"Loyal, Low-Spend - Lowest Risk"
563,3,"Loyal, Low-Spend - Lowest Risk"
564,0,"New, High-Spend - Highest Risk"
565,3,"Loyal, Low-Spend - Lowest Risk"
566,3,"Loyal, Low-Spend - Lowest Risk"
567,2,"Loyal, High-Spend - Low Risk"
568,0,"New, High-Spend - Highest Risk"
569,1,"New, Low-Spend - Elevated Risk"
570,3,"Loyal, Low-Spend - Lowest Risk"
571,0,"New, High-Spend - Highest Risk"
572,2,"Loyal, High-Spend - Low Risk"
573,2,"Loyal, High-Spend - Low Risk"
574,2,"Loyal, High-Spend - Low Risk"
575,0,"New, High-Spend - Highest Risk"
576,2,"Loyal, High-Spend - Low Risk"
577,1,"New, Low-Spend - Elevated Risk"
578,2,"Loyal, High-Spend - Low Risk"
579,1,"New, Low-Spend - Elevated Risk"
580,1,"New, Low-Spend - Elevated Risk"
581,0,"New, High-Spend - Highest Risk"
582,2,"Loyal, High-Spend - Low Risk"
583,0,"New, High-Spend - Highest Risk"
584,3,"Loyal, Low-Spend - Lowest Risk"
585,0,"New, High-Spend - Highest Risk"
586,2,"Loyal, High-Spend - Low Risk"
587,1,"New, Low-Spend - Elevated Risk"
588,0,"New, High-Spend - Highest Risk"
589,0,"New, High-Spend - Highest Risk"
590,0,"New, High-Spend - Highest Risk"
591,3,"Loyal, Low-Spend - Lowest Risk"
592,0,"New, High-Spend - Highest Risk"
593,0,"New, High-Spend - Highest Risk"
594,0,"New, High-Spend - Highest Risk"
595,3,"Loyal, Low-Spend - Lowest Risk"
596,3,"Loyal, Low-Spend - Lowest Risk"
597,0,"New, High-Spend - Highest Risk"
598,1,"New, Low-Spend - Elevated Risk"
599,2,"Loyal, High-Spend - Low Risk"
600,0,"New, High-Spend - Highest Risk"
601,0,"New, High-Spend - Highest Risk"
602,2,"Loyal, High-Spend - Low Risk"
603,2,"Loyal, High-Spend - Low Risk"
604,1,"New, Low-Spend - Elevated Risk"
605,2,"Loyal, High-Spend - Low Risk"
606,3,"Loyal, Low-Spend - Lowest Risk"
607,1,"New, Low-Spend - Elevated Risk"
608,0,"New, High-Spend - Highest Risk"
609,0,"New, High-Spend - Highest Risk"
610,0,"New, High-Spend - Highest Risk"
611,0,"New, High-Spend - Highest Risk"
612,3,"Loyal, Low-Spend - Lowest Risk"
613,2,"Loyal, High-Spend - Low Risk"
614,1,"New, Low-Spend - Elevated Risk"
615,1,"New, Low-Spend - Elevated Risk"
616,0,"New, High-Spend - Highest Risk"
617,0,"New, High-Spend - Highest Risk"
618,1,"New, Low-Spend - Elevated Risk"
619,2,"Loyal, High-Spend - Low Risk"
620,0,"New, High-Spend - Highest Risk"
621,2,"Loyal, High-Spend - Low Risk"
622,1,"New, Low-Spend - Elevated Risk"
623,0,"New, High-Spend - Highest Risk"
624,3,"Loyal, Low-Spend - Lowest Risk"
625,3,"Loyal, Low-Spend - Lowest Risk"
626,0,"New, High-Spend - Highest Risk"
627,1,"New, Low-Spend - Elevated Risk"
628,2,"Loyal, High-Spend - Low Risk"
629,0,"New, High-Spend - Highest Risk"
630,2,"Loyal, High-Spend - Low Risk"
631,0,"New, High-Spend - Highest Risk"
632,1,"New, Low-Spend - Elevated Risk"
633,1,"New, Low-Spend - Elevated Risk"
634,1,"New, Low-Spend - Elevated Risk"
635,3,"Loyal, Low-Spend - Lowest Risk"
636,0,"New, High-Spend - Highest Risk"
637,1,"New, Low-Spend - Elevated Risk"
638,0,"New, High-Spend - Highest Risk"
639,0,"New, High-Spend - Highest Risk"
640,2,"Loyal, High-Spend - Low Risk"
641,1,"New, Low-Spend - Elevated Risk"
642,0,"New, High-Spend - Highest Risk"
643,3,"Loyal, Low-Spend - Lowest Risk"
644,1,"New, Low-Spend - Elevated Risk"
645,2,"Loyal, High-Spend - Low Risk"
646,2,"Loyal, High-Spend - Low Risk"
647,1,"New, Low-Spend - Elevated Risk"
648,2,"Loyal, High-Spend - Low Risk"
649,2,"Loyal, High-Spend - Low Risk"
650,2,"Loyal, High-Spend - Low Risk"
651,0,"New, High-Spend - Highest Risk"
652,1,"New, Low-Spend - Elevated Risk"
653,2,"Loyal, High-Spend - Low Risk"
654,1,"New, Low-Spend - Elevated Risk"
655,2,"Loyal, High-Spend - Low Risk"
656,1,"New, Low-Spend - Elevated Risk"
657,3,"Loyal, Low-Spend - Lowest Risk"
658,0,"New, High-Spend - Highest Risk"
659,0,"New, High-Spend - Highest Risk"
660,2,"Loyal, High-Spend - Low Risk"
661,2,"Loyal, High-Spend - Low Risk"
662,3,"Loyal, Low-Spend - Lowest Risk"
663,2,"Loyal, High-Spend - Low Risk"
664,1,"New, Low-Spend - Elevated Risk"
665,1,"New, Low-Spend - Elevated Risk"
666,2,"Loyal, High-Spend - Low Risk"
667,0,"New, High-Spend - Highest Risk"
668,0,"New, High-Spend - Highest Risk"
669,1,"New, Low-Spend - Elevated Risk"
670,3,"Loyal, Low-Spend - Lowest Risk"
671,2,"Loyal, High-Spend - Low Risk"
672,2,"Loyal, High-Spend - Low Risk"
673,2,"Loyal, High-Spend - Low Risk"
674,0,"New, High-Spend - Highest Risk"
675,0,"New, High-Spend - Highest Risk"
676,1,"New, Low-Spend - Elevated Risk"
677,1,"New, Low-Spend - Elevated Risk"
678,0,"New, High-Spend - Highest Risk"
679,2,"Loyal, High-Spend - Low Risk"
680,0,"New, High-Spend - Highest Risk"
681,0,"New, High-Spend - Highest Risk"
682,0,"New, High-Spend - Highest Risk"
683,2,"Loyal, High-Spend - Low Risk"
684,3,"Loyal, Low-Spend - Lowest Risk"
685,1,"New, Low-Spend - Elevated Risk"
686,0,"New, High-Spend - Highest Risk"
687,0,"New, High-Spend - Highest Risk"
688,0,"New, High-Spend - Highest Risk"
689,2,"Loyal, High-Spend - Low Risk"
690,1,"New, Low-Spend - Elevated Risk"
691,0,"New, High-Spend - Highest Risk"
692,0,"New, High-Spend - Highest Risk"
693,2,"Loyal, High-Spend - Low Risk"
694,1,"New, Low-Spend - Elevated Risk"
695,0,"New, High-Spend - Highest Risk"
696,1,"New, Low-Spend - Elevated Risk"
697,2,"Loyal, High-Spend - Low Risk"
698,3,"Loyal, Low-Spend - Lowest Risk"
699,2,"Loyal, High-Spend - Low Risk"
700,3,"Loyal, Low-Spend - Lowest Risk"
701,0,"New, High-Spend - Highest Risk"
702,1,"New, Low-Spend - Elevated Risk"
703,2,"Loyal, High-Spend - Low Risk"
704,3,"Loyal, Low-Spend - Lowest Risk"
705,1,"New, Low-Spend - Elevated Risk"
706,1,"New, Low-Spend - Elevated Risk"
707,0,"New, High-Spend - Highest Risk"
708,0,"New, High-Spend - Highest Risk"
709,1,"New, Low-Spend - Elevated Risk"
710,0,"New, High-Spend - Highest Risk"
711,0,"New, High-Spend - Highest Risk"
712,2,"Loyal, High-Spend - Low Risk"
713,1,"New, Low-Spend - Elevated Risk"
714,2,"Loyal, High-Spend - Low Risk"
715,3,"Loyal, Low-Spend - Lowest Risk"
716,3,"Loyal, Low-Spend - Lowest Risk"
717,2,"Loyal, High-Spend - Low Risk"
718,1,"New, Low-Spend - Elevated Risk"
719,1,"New, Low-Spend - Elevated Risk"
720,0,"New, High-Spend - Highest Risk"
721,0,"New, High-Spend - Highest Risk"
722,0,"New, High-Spend - Highest Risk"
723,3,"Loyal, Low-Spend - Lowest Risk"
724,1,"New, Low-Spend - Elevated Risk"
725,2,"Loyal, High-Spend - Low Risk"
726,0,"New, High-Spend - Highest Risk"
727,0,"New, High-Spend - Highest Risk"
728,1,"New, Low-Spend - Elevated Risk"
729,3,"Loyal, Low-Spend - Lowest Risk"
730,0,"New, High-Spend - Highest Risk"
731,1,"New, Low-Spend - Elevated Risk"
732,0,"New, High-Spend - Highest Risk"
733,2,"Loyal, High-Spend - Low Risk"
734,1,"New, Low-Spend - Elevated Risk"
735,2,"Loyal, High-Spend - Low Risk"
736,2,"Loyal, High-Spend - Low Risk"
737,2,"Loyal, High-Spend - Low Risk"
738,3,"Loyal, Low-Spend - Lowest Risk"
739,0,"New, High-Spend - Highest Risk"
740,1,"New, Low-Spend - Elevated Risk"
741,3,"Loyal, Low-Spend - Lowest Risk"
742,0,"New, High-Spend - Highest Risk"
743,1,"New, Low-Spend - Elevated Risk"
744,0,"New, High-Spend - Highest Risk"
745,1,"New, Low-Spend - Elevated Risk"
746,0,"New, High-Spend - Highest Risk"
747,3,"Loyal, Low-Spend - Lowest Risk"
748,3,"Loyal, Low-Spend - Lowest Risk"
749,0,"New, High-Spend - Highest Risk"
750,1,"New, Low-Spend - Elevated Risk"
751,1,"New, Low-Spend - Elevated Risk"
752,1,"New, Low-Spend - Elevated Risk"
753,2,"Loyal, High-Spend - Low Risk"
754,1,"New, Low-Spend - Elevated Risk"
755,0,"New, High-Spend - Highest Risk"
756,1,"New, Low-Spend - Elevated Risk"
757,0,"New, High-Spend - Highest Risk"
758,3,"Loyal, Low-Spend - Lowest Risk"
759,0,"New, High-Spend - Highest Risk"
760,2,"Loyal, High-Spend - Low Risk"
761,2,"Loyal, High-Spend - Low Risk"
762,1,"New, Low-Spend - Elevated Risk"
763,0,"New, High-Spend - Highest Risk"
764,0,"New, High-Spend - Highest Risk"
765,0,"New, High-Spend - Highest Risk"
766,3,"Loyal, Low-Spend - Lowest Risk"
767,1,"New, Low-Spend - Elevated Risk"
768,3,"Loyal, Low-Spend - Lowest Risk"
769,3,"Loyal, Low-Spend - Lowest Risk"
770,3,"Loyal, Low-Spend - Lowest Risk"
771,2,"Loyal, High-Spend - Low Risk"
772,0,"New, High-Spend - Highest Risk"
773,0,"New, High-Spend - Highest Risk"
774,1,"New, Low-Spend - Elevated Risk"
775,3,"Loyal, Low-Spend - Lowest Risk"
776,0,"New, High-Spend - Highest Risk"
777,1,"New, Low-Spend - Elevated Risk"
778,1,"New, Low-Spend - Elevated Risk"
779,1,"New, Low-Spend - Elevated Risk"
780,3,"Loyal, Low-Spend - Lowest Risk"
781,0,"New, High-Spend - Highest Risk"
782,1,"New, Low-Spend - Elevated Risk"
783,2,"Loyal, High-Spend - Low Risk"
784,1,"New, Low-Spend - Elevated Risk"
785,1,"New, Low-Spend - Elevated Risk"
786,1,"New, Low-Spend - Elevated Risk"
787,0,"New, High-Spend - Highest Risk"
788,1,"New, Low-Spend - Elevated Risk"
789,0,"New, High-Spend - Highest Risk"
790,0,"New, High-Spend - Highest Risk"
791,0,"New, High-Spend - Highest Risk"
792,1,"New, Low-Spend - Elevated Risk"
793,1,"New, Low-Spend - Elevated Risk"
794,2,"Loyal, High-Spend - Low Risk"
795,0,"New, High-Spend - Highest Risk"
796,1,"New, Low-Spend - Elevated Risk"
797,2,"Loyal, High-Spend - Low Risk"
798,2,"Loyal, High-Spend - Low Risk"
799,3,"Loyal, Low-Spend - Lowest Risk"
800,0,"New, High-Spend - Highest Risk"
801,1,"New, Low-Spend - Elevated Risk"
802,1,"New, Low-Spend - Elevated Risk"
803,0,"New, High-Spend - Highest Risk"
804,3,"Loyal, Low-Spend - Lowest Risk"
805,2,"Loyal, High-Spend - Low Risk"
806,0,"New, High-Spend - Highest Risk"
807,2,"Loyal, High-Spend - Low Risk"
808,3,"Loyal, Low-Spend - Lowest Risk"
809,0,"New, High-Spend - Highest Risk"
810,1,"New, Low-Spend - Elevated Risk"
811,0,"New, High-Spend - Highest Risk"
812,0,"New, High-Spend - Highest Risk"
813,1,"New, Low-Spend - Elevated Risk"
814,1,"New, Low-Spend - Elevated Risk"
815,2,"Loyal, High-Spend - Low Risk"
816,0,"New, High-Spend - Highest Risk"
817,3,"Loyal, Low-Spend - Lowest Risk"
818,1,"New, Low-Spend - Elevated Risk"
819,2,"Loyal, High-Spend - Low Risk"
820,0,"New, High-Spend - Highest Risk"
821,3,"Loyal, Low-Spend - Lowest Risk"
822,0,"New, High-Spend - Highest Risk"
823,0,"New, High-Spend - Highest Risk"
824,1,"New, Low-Spend - Elevated Risk"
825,0,"New, High-Spend - Highest Risk"
826,3,"Loyal, Low-Spend - Lowest Risk"
827,1,"New, Low-Spend - Elevated Risk"
828,3,"Loyal, Low-Spend - Lowest Risk"
829,1,"New, Low-Spend - Elevated Risk"
830,2,"Loyal, High-Spend - Low Risk"
831,3,"Loyal, Low-Spend - Lowest Risk"
832,1,"New, Low-Spend - Elevated Risk"
833,2,"Loyal, High-Spend - Low Risk"
834,1,"New, Low-Spend - Elevated Risk"
835,0,"New, High-Spend - Highest Risk"
836,2,"Loyal, High-Spend - Low Risk"
837,0,"New, High-Spend - Highest Risk"
838,3,"Loyal, Low-Spend - Lowest Risk"
839,2,"Loyal, High-Spend - Low Risk"
840,1,"New, Low-Spend - Elevated Risk"
841,1,"New, Low-Spend - Elevated Risk"
842,1,"New, Low-Spend - Elevated Risk"
843,3,"Loyal, Low-Spend - Lowest Risk"
844,0,"New, High-Spend - Highest Risk"
845,2,"Loyal, High-Spend - Low Risk"
846,3,"Loyal, Low-Spend - Lowest Risk"
847,1,"New, Low-Spend - Elevated Risk"
848,1,"New, Low-Spend - Elevated Risk"
849,2,"Loyal, High-Spend - Low Risk"
850,2,"Loyal, High-Spend - Low Risk"
851,1,"New, Low-Spend - Elevated Risk"
852,1,"New, Low-Spend - Elevated Risk"
853,0,"New, High-Spend - Highest Risk"
854,3,"Loyal, Low-Spend - Lowest Risk"
855,1,"New, Low-Spend - Elevated Risk"
856,0,"New, High-Spend - Highest Risk"
857,0,"New, High-Spend - Highest Risk"
858,0,"New, High-Spend - Highest Risk"
859,0,"New, High-Spend - Highest Risk"
860,0,"New, High-Spend - Highest Risk"
861,1,"New, Low-Spend - Elevated Risk"
862,2,"Loyal, High-Spend - Low Risk"
863,0,"New, High-Spend - Highest Risk"
864,2,"Loyal, High-Spend - Low Risk"
865,2,"Loyal, High-Spend - Low Risk"
866,3,"Loyal, Low-Spend - Lowest Risk"
867,1,"New, Low-Spend - Elevated Risk"
868,3,"Loyal, Low-Spend - Lowest Risk"
869,3,"Loyal, Low-Spend - Lowest Risk"
870,0,"New, High-Spend - Highest Risk"
871,2,"Loyal, High-Spend - Low Risk"
872,2,"Loyal, High-Spend - Low Risk"
873,0,"New, High-Spend - Highest Risk"
874,2,"Loyal, High-Spend - Low Risk"
875,0,"New, High-Spend - Highest Risk"
876,1,"New, Low-Spend - Elevated Risk"
877,2,"Loyal, High-Spend - Low Risk"
878,1,"New, Low-Spend - Elevated Risk"
879,2,"Loyal, High-Spend - Low Risk"
880,1,"New, Low-Spend - Elevated Risk"
881,1,"New, Low-Spend - Elevated Risk"
882,3,"Loyal, Low-Spend - Lowest Risk"
883,0,"New, High-Spend - Highest Risk"
884,3,"Loyal, Low-Spend - Lowest Risk"
885,0,"New, High-Spend - Highest Risk"
886,3,"Loyal, Low-Spend - Lowest Risk"
887,2,"Loyal, High-Spend - Low Risk"
888,0,"New, High-Spend - Highest Risk"
889,3,"Loyal, Low-Spend - Lowest Risk"
890,1,"New, Low-Spend - Elevated Risk"
891,3,"Loyal, Low-Spend - Lowest Risk"
892,3,"Loyal, Low-Spend - Lowest Risk"
893,3,"Loyal, Low-Spend - Lowest Risk"
894,2,"Loyal, High-Spend - Low Risk"
895,2,"Loyal, High-Spend - Low Risk"
896,3,"Loyal, Low-Spend - Lowest Risk"
897,3,"Loyal, Low-Spend - Lowest Risk"
898,1,"New, Low-Spend - Elevated Risk"
899,1,"New, Low-Spend - Elevated Risk"
900,1,"New, Low-Spend - Elevated Risk"
901,1,"New, Low-Spend - Elevated Risk"
902,1,"New, Low-Spend - Elevated Risk"
903,0,"New, High-Spend - Highest Risk"
904,2,"Loyal, High-Spend - Low Risk"
905,2,"Loyal, High-Spend - Low Risk"
906,1,"New, Low-Spend - Elevated Risk"
907,1,"New, Low-Spend - Elevated Risk"
908,1,"New, Low-Spend - Elevated Risk"
909,0,"New, High-Spend - Highest Risk"
910,2,"Loyal, High-Spend - Low Risk"
911,2,"Loyal, High-Spend - Low Risk"
912,3,"Loyal, Low-Spend - Lowest Risk"
913,1,"New, Low-Spend - Elevated Risk"
914,1,"New, Low-Spend - Elevated Risk"
915,0,"New, High-Spend - Highest Risk"
916,2,"Loyal, High-Spend - Low Risk"
917,0,"New, High-Spend - Highest Risk"
918,0,"New, High-Spend - Highest Risk"
919,2,"Loyal, High-Spend - Low Risk"
920,2,"Loyal, High-Spend - Low Risk"
921,1,"New, Low-Spend - Elevated Risk"
922,1,"New, Low-Spend - Elevated Risk"
923,3,"Loyal, Low-Spend - Lowest Risk"
924,2,"Loyal, High-Spend - Low Risk"
925,1,"New, Low-Spend - Elevated Risk"
926,0,"New, High-Spend - Highest Risk"
927,0,"New, High-Spend - Highest Risk"
928,0,"New, High-Spend - Highest Risk"
929,2,"Loyal, High-Spend - Low Risk"
930,2,"Loyal, High-Spend - Low Risk"
931,2,"Loyal, High-Spend - Low Risk"
932,1,"New, Low-Spend - Elevated Risk"
933,3,"Loyal, Low-Spend - Lowest Risk"
934,1,"New, Low-Spend - Elevated Risk"
935,2,"Loyal, High-Spend - Low Risk"
936,0,"New, High-Spend - Highest Risk"
937,3,"Loyal, Low-Spend - Lowest Risk"
938,1,"New, Low-Spend - Elevated Risk"
939,3,"Loyal, Low-Spend - Lowest Risk"
940,2,"Loyal, High-Spend - Low Risk"
941,2,"Loyal, High-Spend - Low Risk"
942,3,"Loyal, Low-Spend - Lowest Risk"
943,0,"New, High-Spend - Highest Risk"
944,2,"Loyal, High-Spend - Low Risk"
945,1,"New, Low-Spend - Elevated Risk"
946,2,"Loyal, High-Spend - Low Risk"
947,1,"New, Low-Spend - Elevated Risk"
948,2,"Loyal, High-Spend - Low Risk"
949,2,"Loyal, High-Spend - Low Risk"
950,3,"Loyal, Low-Spend - Lowest Risk"
951,3,"Loyal, Low-Spend - Lowest Risk"
952,0,"New, High-Spend - Highest Risk"
953,3,"Loyal, Low-Spend - Lowest Risk"
954,1,"New, Low-Spend - Elevated Risk"
955,2,"Loyal, High-Spend - Low Risk"
956,3,"Loyal, Low-Spend - Lowest Risk"
957,0,"New, High-Spend - Highest Risk"
958,2,"Loyal, High-Spend - Low Risk"
959,0,"New, High-Spend - Highest Risk"
960,2,"Loyal, High-Spend - Low Risk"
961,3,"Loyal, Low-Spend - Lowest Risk"
962,0,"New, High-Spend - Highest Risk"
963,0,"New, High-Spend - Highest Risk"
964,0,"New, High-Spend - Highest Risk"
965,2,"Loyal, High-Spend - Low Risk"
966,0,"New, High-Spend - Highest Risk"
967,1,"New, Low-Spend - Elevated Risk"
968,2,"Loyal, High-Spend - Low Risk"
969,0,"New, High-Spend - Highest Risk"
970,2,"Loyal, High-Spend - Low Risk"
971,2,"Loyal, High-Spend - Low Risk"
972,0,"New, High-Spend - Highest Risk"
973,0,"New, High-Spend - Highest Risk"
974,2,"Loyal, High-Spend - Low Risk"
975,0,"New, High-Spend - Highest Risk"
976,1,"New, Low-Spend - Elevated Risk"
977,3,"Loyal, Low-Spend - Lowest Risk"
978,2,"Loyal, High-Spend - Low Risk"
979,1,"New, Low-Spend - Elevated Risk"
980,1,"New, Low-Spend - Elevated Risk"
981,1,"New, Low-Spend - Elevated Risk"
982,0,"New, High-Spend - Highest Risk"
983,2,"Loyal, High-Spend - Low Risk"
984,3,"Loyal, Low-Spend - Lowest Risk"
985,3,"Loyal, Low-Spend - Lowest Risk"
986,0,"New, High-Spend - Highest Risk"
987,2,"Loyal, High-Spend - Low Risk"
988,0,"New, High-Spend - Highest Risk"
989,3,"Loyal, Low-Spend - Lowest Risk"
990,0,"New, High-Spend - Highest Risk"
991,0,"New, High-Spend - Highest Risk"
992,2,"Loyal, High-Spend - Low Risk"
993,3,"Loyal, Low-Spend - Lowest Risk"
994,0,"New, High-Spend - Highest Risk"
995,1,"New, Low-Spend - Elevated Risk"
996,0,"New, High-Spend - Highest Risk"
997,1,"New, Low-Spend - Elevated Risk"
998,3,"Loyal, Low-Spend - Lowest Risk"
999,0,"New, High-Spend - Highest Risk"
1000,0,"New, High-Spend - Highest Risk"
1001,2,"Loyal, High-Spend - Low Risk"
1002,0,"New, High-Spend - Highest Risk"
1003,1,"New, Low-Spend - Elevated Risk"
1004,1,"New, Low-Spend - Elevated Risk"
1005,1,"New, Low-Spend - Elevated Risk"
1006,0,"New, High-Spend - Highest Risk"
1007,2,"Loyal, High-Spend - Low Risk"
1008,1,"New, Low-Spend - Elevated Risk"
1009,2,"Loyal, High-Spend - Low Risk"
1010,3,"Loyal, Low-Spend - Lowest Risk"
1011,0,"New, High-Spend - Highest Risk"
1012,2,"Loyal, High-Spend - Low Risk"
1013,0,"New, High-Spend - Highest Risk"
1014,0,"New, High-Spend - Highest Risk"
1015,2,"Loyal, High-Spend - Low Risk"
1016,1,"New, Low-Spend - Elevated Risk"
1017,3,"Loyal, Low-Spend - Lowest Risk"
1018,0,"New, High-Spend - Highest Risk"
1019,3,"Loyal, Low-Spend - Lowest Risk"
1020,0,"New, High-Spend - Highest Risk"
1021,0,"New, High-Spend - Highest Risk"
1022,3,"Loyal, Low-Spend - Lowest Risk"
1023,0,"New, High-Spend - Highest Risk"
1024,0,"New, High-Spend - Highest Risk"
1025,2,"Loyal, High-Spend - Low Risk"
1026,2,"Loyal, High-Spend - Low Risk"
1027,2,"Loyal, High-Spend - Low Risk"
1028,2,"Loyal, High-Spend - Low Risk"
1029,3,"Loyal, Low-Spend - Lowest Risk"
1030,0,"New, High-Spend - Highest Risk"
1031,0,"New, High-Spend - Highest Risk"
1032,1,"New, Low-Spend - Elevated Risk"
1033,0,"New, High-Spend - Highest Risk"
1034,0,"New, High-Spend - Highest Risk"
1035,0,"New, High-Spend - Highest Risk"
1036,0,"New, High-Spend - Highest Risk"
1037,0,"New, High-Spend - Highest Risk"
1038,0,"New, High-Spend - Highest Risk"
1039,1,"New, Low-Spend - Elevated Risk"
1040,2,"Loyal, High-Spend - Low Risk"
1041,1,"New, Low-Spend - Elevated Risk"
1042,2,"Loyal, High-Spend - Low Risk"
1043,0,"New, High-Spend - Highest Risk"
1044,2,"Loyal, High-Spend - Low Risk"
1045,2,"Loyal, High-Spend - Low Risk"
1046,0,"New, High-Spend - Highest Risk"
1047,0,"New, High-Spend - Highest Risk"
1048,0,"New, High-Spend - Highest Risk"
1049,1,"New, Low-Spend - Elevated Risk"
1050,3,"Loyal, Low-Spend - Lowest Risk"
1051,2,"Loyal, High-Spend - Low Risk"
1052,1,"New, Low-Spend - Elevated Risk"
1053,2,"Loyal, High-Spend - Low Risk"
1054,0,"New, High-Spend - Highest Risk"
1055,1,"New, Low-Spend - Elevated Risk"
1056,1,"New, Low-Spend - Elevated Risk"
1057,3,"Loyal, Low-Spend - Lowest Risk"
1058,2,"Loyal, High-Spend - Low Risk"
1059,0,"New, High-Spend - Highest Risk"
1060,1,"New, Low-Spend - Elevated Risk"
1061,1,"New, Low-Spend - Elevated Risk"
1062,3,"Loyal, Low-Spend - Lowest Risk"
1063,0,"New, High-Spend - Highest Risk"
1064,1,"New, Low-Spend - Elevated Risk"
1065,3,"Loyal, Low-Spend - Lowest Risk"
1066,2,"Loyal, High-Spend - Low Risk"
1067,2,"Loyal, High-Spend - Low Risk"
1068,1,"New, Low-Spend - Elevated Risk"
1069,2,"Loyal, High-Spend - Low Risk"
1070,3,"Loyal, Low-Spend - Lowest Risk"
1071,0,"New, High-Spend - Highest Risk"
1072,2,"Loyal, High-Spend - Low Risk"
1073,0,"New, High-Spend - Highest Risk"
1074,3,"Loyal, Low-Spend - Lowest Risk"
1075,2,"Loyal, High-Spend - Low Risk"
1076,1,"New, Low-Spend - Elevated Risk"
1077,3,"Loyal, Low-Spend - Lowest Risk"
1078,2,"Loyal, High-Spend - Low Risk"
1079,3,"Loyal, Low-Spend - Lowest Risk"
1080,0,"New, High-Spend - Highest Risk"
1081,0,"New, High-Spend - Highest Risk"
1082,2,"Loyal, High-Spend - Low Risk"
1083,1,"New, Low-Spend - Elevated Risk"
1084,1,"New, Low-Spend - Elevated Risk"
1085,0,"New, High-Spend - Highest Risk"
1086,2,"Loyal, High-Spend - Low Risk"
1087,2,"Loyal, High-Spend - Low Risk"
1088,2,"Loyal, High-Spend - Low Risk"
1089,2,"Loyal, High-Spend - Low Risk"
1090,1,"New, Low-Spend - Elevated Risk"
1091,2,"Loyal, High-Spend - Low Risk"
1092,1,"New, Low-Spend - Elevated Risk"
1093,2,"Loyal, High-Spend - Low Risk"
1094,3,"Loyal, Low-Spend - Lowest Risk"
1095,1,"New, Low-Spend - Elevated Risk"
1096,0,"New, High-Spend - Highest Risk"
1097,0,"New, High-Spend - Highest Risk"
1098,3,"Loyal, Low-Spend - Lowest Risk"
1099,2,"Loyal, High-Spend - Low Risk"
1100,1,"New, Low-Spend - Elevated Risk"
1101,0,"New, High-Spend - Highest Risk"
1102,1,"New, Low-Spend - Elevated Risk"
1103,1,"New, Low-Spend - Elevated Risk"
1104,3,"Loyal, Low-Spend - Lowest Risk"
1105,1,"New, Low-Spend - Elevated Risk"
1106,0,"New, High-Spend - Highest Risk"
1107,2,"Loyal, High-Spend - Low Risk"
1108,3,"Loyal, Low-Spend - Lowest Risk"
1109,0,"New, High-Spend - Highest Risk"
1110,0,"New, High-Spend - Highest Risk"
1111,0,"New, High-Spend - Highest Risk"
1112,0,"New, High-Spend - Highest Risk"
1113,0,"New, High-Spend - Highest Risk"
1114,1,"New, Low-Spend - Elevated Risk"
1115,2,"Loyal, High-Spend - Low Risk"
1116,0,"New, High-Spend - Highest Risk"
1117,0,"New, High-Spend - Highest Risk"
1118,1,"New, Low-Spend - Elevated Risk"
1119,0,"New, High-Spend - Highest Risk"
1120,0,"New, High-Spend - Highest Risk"
1121,0,"New, High-Spend - Highest Risk"
1122,2,"Loyal, High-Spend - Low Risk"
1123,1,"New, Low-Spend - Elevated Risk"
1124,1,"New, Low-Spend - Elevated Risk"
1125,3,"Loyal, Low-Spend - Lowest Risk"
1126,2,"Loyal, High-Spend - Low Risk"
1127,1,"New, Low-Spend - Elevated Risk"
1128,2,"Loyal, High-Spend - Low Risk"
1129,1,"New, Low-Spend - Elevated Risk"
1130,1,"New, Low-Spend - Elevated Risk"
1131,0,"New, High-Spend - Highest Risk"
1132,1,"New, Low-Spend - Elevated Risk"
1133,3,"Loyal, Low-Spend - Lowest Risk"
1134,1,"New, Low-Spend - Elevated Risk"
1135,0,"New, High-Spend - Highest Risk"
1136,3,"Loyal, Low-Spend - Lowest Risk"
1137,2,"Loyal, High-Spend - Low Risk"
1138,0,"New, High-Spend - Highest Risk"
1139,3,"Loyal, Low-Spend - Lowest Risk"
1140,3,"Loyal, Low-Spend - Lowest Risk"
1141,1,"New, Low-Spend - Elevated Risk"
1142,2,"Loyal, High-Spend - Low Risk"
1143,3,"Loyal, Low-Spend - Lowest Risk"
1144,0,"New, High-Spend - Highest Risk"
1145,0,"New, High-Spend - Highest Risk"
1146,1,"New, Low-Spend - Elevated Risk"
1147,0,"New, High-Spend - Highest Risk"
1148,2,"Loyal, High-Spend - Low Risk"
1149,0,"New, High-Spend - Highest Risk"
1150,0,"New, High-Spend - Highest Risk"
1151,0,"New, High-Spend - Highest Risk"
1152,1,"New, Low-Spend - Elevated Risk"
1153,1,"New, Low-Spend - Elevated Risk"
1154,1,"New, Low-Spend - Elevated Risk"
1155,3,"Loyal, Low-Spend - Lowest Risk"
1156,1,"New, Low-Spend - Elevated Risk"
1157,3,"Loyal, Low-Spend - Lowest Risk"
1158,0,"New, High-Spend - Highest Risk"
1159,1,"New, Low-Spend - Elevated Risk"
1160,0,"New, High-Spend - Highest Risk"
1161,3,"Loyal, Low-Spend - Lowest Risk"
1162,0,"New, High-Spend - Highest Risk"
1163,0,"New, High-Spend - Highest Risk"
1164,3,"Loyal, Low-Spend - Lowest Risk"
1165,2,"Loyal, High-Spend - Low Risk"
1166,2,"Loyal, High-Spend - Low Risk"
1167,2,"Loyal, High-Spend - Low Risk"
1168,0,"New, High-Spend - Highest Risk"
1169,1,"New, Low-Spend - Elevated Risk"
1170,0,"New, High-Spend - Highest Risk"
1171,2,"Loyal, High-Spend - Low Risk"
1172,2,"Loyal, High-Spend - Low Risk"
1173,1,"New, Low-Spend - Elevated Risk"
1174,0,"New, High-Spend - Highest Risk"
1175,0,"New, High-Spend - Highest Risk"
1176,1,"New, Low-Spend - Elevated Risk"
1177,1,"New, Low-Spend - Elevated Risk"
1178,3,"Loyal, Low-Spend - Lowest Risk"
1179,1,"New, Low-Spend - Elevated Risk"
1180,0,"New, High-Spend - Highest Risk"
1181,2,"Loyal, High-Spend - Low Risk"
1182,2,"Loyal, High-Spend - Low Risk"
1183,2,"Loyal, High-Spend - Low Risk"
1184,3,"Loyal, Low-Spend - Lowest Risk"
1185,3,"Loyal, Low-Spend - Lowest Risk"
1186,2,"Loyal, High-Spend - Low Risk"
1187,2,"Loyal, High-Spend - Low Risk"
1188,1,"New, Low-Spend - Elevated Risk"
1189,2,"Loyal, High-Spend - Low Risk"
1190,2,"Loyal, High-Spend - Low Risk"
1191,0,"New, High-Spend - Highest Risk"
1192,1,"New, Low-Spend - Elevated Risk"
1193,2,"Loyal, High-Spend - Low Risk"
1194,0,"New, High-Spend - Highest Risk"
1195,2,"Loyal, High-Spend - Low Risk"
1196,2,"Loyal, High-Spend - Low Risk"
1197,2,"Loyal, High-Spend - Low Risk"
1198,1,"New, Low-Spend - Elevated Risk"
1199,2,"Loyal, High-Spend - Low Risk"
1200,0,"New, High-Spend - Highest Risk"
1201,2,"Loyal, High-Spend - Low Risk"
1202,1,"New, Low-Spend - Elevated Risk"
1203,0,"New, High-Spend - Highest Risk"
1204,2,"Loyal, High-Spend - Low Risk"
1205,3,"Loyal, Low-Spend - Lowest Risk"
1206,2,"Loyal, High-Spend - Low Risk"
1207,0,"New, High-Spend - Highest Risk"
1208,1,"New, Low-Spend - Elevated Risk"
1209,1,"New, Low-Spend - Elevated Risk"
1210,3,"Loyal, Low-Spend - Lowest Risk"
1211,2,"Loyal, High-Spend - Low Risk"
1212,3,"Loyal, Low-Spend - Lowest Risk"
1213,2,"Loyal, High-Spend - Low Risk"
1214,1,"New, Low-Spend - Elevated Risk"
1215,0,"New, High-Spend - Highest Risk"
1216,0,"New, High-Spend - Highest Risk"
1217,1,"New, Low-Spend - Elevated Risk"
1218,1,"New, Low-Spend - Elevated Risk"
1219,3,"Loyal, Low-Spend - Lowest Risk"
1220,1,"New, Low-Spend - Elevated Risk"
1221,0,"New, High-Spend - Highest Risk"
1222,3,"Loyal, Low-Spend - Lowest Risk"
1223,0,"New, High-Spend - Highest Risk"
1224,3,"Loyal, Low-Spend - Lowest Risk"
1225,2,"Loyal, High-Spend - Low Risk"
1226,0,"New, High-Spend - Highest Risk"
1227,3,"Loyal, Low-Spend - Lowest Risk"
1228,1,"New, Low-Spend - Elevated Risk"
1229,3,"Loyal, Low-Spend - Lowest Risk"
1230,1,"New, Low-Spend - Elevated Risk"
1231,1,"New, Low-Spend - Elevated Risk"
1232,2,"Loyal, High-Spend - Low Risk"
1233,1,"New, Low-Spend - Elevated Risk"
1234,2,"Loyal, High-Spend - Low Risk"
1235,2,"Loyal, High-Spend - Low Risk"
1236,2,"Loyal, High-Spend - Low Risk"
1237,2,"Loyal, High-Spend - Low Risk"
1238,2,"Loyal, High-Spend - Low Risk"
1239,1,"New, Low-Spend - Elevated Risk"
1240,0,"New, High-Spend - Highest Risk"
1241,0,"New, High-Spend - Highest Risk"
1242,0,"New, High-Spend - Highest Risk"
1243,2,"Loyal, High-Spend - Low Risk"
1244,0,"New, High-Spend - Highest Risk"
1245,2,"Loyal, High-Spend - Low Risk"
1246,0,"New, High-Spend - Highest Risk"
1247,0,"New, High-Spend - Highest Risk"
1248,2,"Loyal, High-Spend - Low Risk"
1249,0,"New, High-Spend - Highest Risk"
1250,2,"Loyal, High-Spend - Low Risk"
1251,1,"New, Low-Spend - Elevated Risk"
1252,3,"Loyal, Low-Spend - Lowest Risk"
1253,3,"Loyal, Low-Spend - Lowest Risk"
1254,2,"Loyal, High-Spend - Low Risk"
1255,2,"Loyal, High-Spend - Low Risk"
1256,2,"Loyal, High-Spend - Low Risk"
1257,2,"Loyal, High-Spend - Low Risk"
1258,2,"Loyal, High-Spend - Low Risk"
1259,2,"Loyal, High-Spend - Low Risk"
1260,0,"New, High-Spend - Highest Risk"
1261,3,"Loyal, Low-Spend - Lowest Risk"
1262,2,"Loyal, High-Spend - Low Risk"
1263,1,"New, Low-Spend - Elevated Risk"
1264,3,"Loyal, Low-Spend - Lowest Risk"
1265,1,"New, Low-Spend - Elevated Risk"
1266,3,"Loyal, Low-Spend - Lowest Risk"
1267,2,"Loyal, High-Spend - Low Risk"
1268,2,"Loyal, High-Spend - Low Risk"
1269,0,"New, High-Spend - Highest Risk"
1270,0,"New, High-Spend - Highest Risk"
1271,3,"Loyal, Low-Spend - Lowest Risk"
1272,2,"Loyal, High-Spend - Low Risk"
1273,3,"Loyal, Low-Spend - Lowest Risk"
1274,1,"New, Low-Spend - Elevated Risk"
1275,1,"New, Low-Spend - Elevated Risk"
1276,1,"New, Low-Spend - Elevated Risk"
1277,0,"New, High-Spend - Highest Risk"
1278,1,"New, Low-Spend - Elevated Risk"
1279,1,"New, Low-Spend - Elevated Risk"
1280,2,"Loyal, High-Spend - Low Risk"
1281,1,"New, Low-Spend - Elevated Risk"
1282,1,"New, Low-Spend - Elevated Risk"
1283,0,"New, High-Spend - Highest Risk"
1284,2,"Loyal, High-Spend - Low Risk"
1285,0,"New, High-Spend - Highest Risk"
1286,2,"Loyal, High-Spend - Low Risk"
1287,3,"Loyal, Low-Spend - Lowest Risk"
1288,0,"New, High-Spend - Highest Risk"
1289,2,"Loyal, High-Spend - Low Risk"
1290,1,"New, Low-Spend - Elevated Risk"
1291,2,"Loyal, High-Spend - Low Risk"
1292,0,"New, High-Spend - Highest Risk"
1293,0,"New, High-Spend - Highest Risk"
1294,0,"New, High-Spend - Highest Risk"
1295,2,"Loyal, High-Spend - Low Risk"
1296,1,"New, Low-Spend - Elevated Risk"
1297,2,"Loyal, High-Spend - Low Risk"
1298,0,"New, High-Spend - Highest Risk"
1299,2,"Loyal, High-Spend - Low Risk"
1300,1,"New, Low-Spend - Elevated Risk"
1301,0,"New, High-Spend - Highest Risk"
1302,2,"Loyal, High-Spend - Low Risk"
1303,1,"New, Low-Spend - Elevated Risk"
1304,1,"New, Low-Spend - Elevated Risk"
1305,1,"New, Low-Spend - Elevated Risk"
1306,2,"Loyal, High-Spend - Low Risk"
1307,0,"New, High-Spend - Highest Risk"
1308,2,"Loyal, High-Spend - Low Risk"
1309,1,"New, Low-Spend - Elevated Risk"
1310,3,"Loyal, Low-Spend - Lowest Risk"
1311,1,"New, Low-Spend - Elevated Risk"
1312,2,"Loyal, High-Spend - Low Risk"
1313,3,"Loyal, Low-Spend - Lowest Risk"
1314,2,"Loyal, High-Spend - Low Risk"
1315,1,"New, Low-Spend - Elevated Risk"
1316,1,"New, Low-Spend - Elevated Risk"
1317,1,"New, Low-Spend - Elevated Risk"
1318,0,"New, High-Spend - Highest Risk"
1319,2,"Loyal, High-Spend - Low Risk"
1320,2,"Loyal, High-Spend - Low Risk"
1321,3,"Loyal, Low-Spend - Lowest Risk"
1322,1,"New, Low-Spend - Elevated Risk"
1323,0,"New, High-Spend - Highest Risk"
1324,2,"Loyal, High-Spend - Low Risk"
1325,0,"New, High-Spend - Highest Risk"
1326,1,"New, Low-Spend - Elevated Risk"
1327,1,"New, Low-Spend - Elevated Risk"
1328,0,"New, High-Spend - Highest Risk"
1329,2,"Loyal, High-Spend - Low Risk"
1330,0,"New, High-Spend - Highest Risk"
1331,2,"Loyal, High-Spend - Low Risk"
1332,3,"Loyal, Low-Spend - Lowest Risk"
1333,0,"New, High-Spend - Highest Risk"
1334,2,"Loyal, High-Spend - Low Risk"
1335,1,"New, Low-Spend - Elevated Risk"
1336,0,"New, High-Spend - Highest Risk"
1337,0,"New, High-Spend - Highest Risk"
1338,3,"Loyal, Low-Spend - Lowest Risk"
1339,1,"New, Low-Spend - Elevated Risk"
1340,2,"Loyal, High-Spend - Low Risk"
1341,2,"Loyal, High-Spend - Low Risk"
1342,0,"New, High-Spend - Highest Risk"
1343,3,"Loyal, Low-Spend - Lowest Risk"
1344,3,"Loyal, Low-Spend - Lowest Risk"
1345,0,"New, High-Spend - Highest Risk"
1346,2,"Loyal, High-Spend - Low Risk"
1347,0,"New, High-Spend - Highest Risk"
1348,2,"Loyal, High-Spend - Low Risk"
1349,2,"Loyal, High-Spend - Low Risk"
1350,1,"New, Low-Spend - Elevated Risk"
1351,0,"New, High-Spend - Highest Risk"
1352,1,"New, Low-Spend - Elevated Risk"
1353,2,"Loyal, High-Spend - Low Risk"
1354,2,"Loyal, High-Spend - Low Risk"
1355,0,"New, High-Spend - Highest Risk"
1356,3,"Loyal, Low-Spend - Lowest Risk"
1357,0,"New, High-Spend - Highest Risk"
1358,2,"Loyal, High-Spend - Low Risk"
1359,1,"New, Low-Spend - Elevated Risk"
1360,1,"New, Low-Spend - Elevated Risk"
1361,2,"Loyal, High-Spend - Low Risk"
1362,2,"Loyal, High-Spend - Low Risk"
1363,1,"New, Low-Spend - Elevated Risk"
1364,2,"Loyal, High-Spend - Low Risk"
1365,1,"New, Low-Spend - Elevated Risk"
1366,2,"Loyal, High-Spend - Low Risk"
1367,1,"New, Low-Spend - Elevated Risk"
1368,2,"Loyal, High-Spend - Low Risk"
1369,2,"Loyal, High-Spend - Low Risk"
1370,1,"New, Low-Spend - Elevated Risk"
1371,2,"Loyal, High-Spend - Low Risk"
1372,0,"New, High-Spend - Highest Risk"
1373,2,"Loyal, High-Spend - Low Risk"
1374,1,"New, Low-Spend - Elevated Risk"
1375,3,"Loyal, Low-Spend - Lowest Risk"
1376,1,"New, Low-Spend - Elevated Risk"
1377,0,"New, High-Spend - Highest Risk"
1378,1,"New, Low-Spend - Elevated Risk"
1379,0,"New, High-Spend - Highest Risk"
1380,1,"New, Low-Spend - Elevated Risk"
1381,2,"Loyal, High-Spend - Low Risk"
1382,1,"New, Low-Spend - Elevated Risk"
1383,0,"New, High-Spend - Highest Risk"
1384,3,"Loyal, Low-Spend - Lowest Risk"
1385,0,"New, High-Spend - Highest Risk"
1386,0,"New, High-Spend - Highest Risk"
1387,0,"New, High-Spend - Highest Risk"
1388,2,"Loyal, High-Spend - Low Risk"
1389,0,"New, High-Spend - Highest Risk"
1390,3,"Loyal, Low-Spend - Lowest Risk"
1391,2,"Loyal, High-Spend - Low Risk"
1392,0,"New, High-Spend - Highest Risk"
1393,3,"Loyal, Low-Spend - Lowest Risk"
1394,0,"New, High-Spend - Highest Risk"
1395,2,"Loyal, High-Spend - Low Risk"
1396,3,"Loyal, Low-Spend - Lowest Risk"
1397,0,"New, High-Spend - Highest Risk"
1398,1,"New, Low-Spend - Elevated Risk"
1399,0,"New, High-Spend - Highest Risk"
1400,3,"Loyal, Low-Spend - Lowest Risk"
1401,0,"New, High-Spend - Highest Risk"
1402,3,"Loyal, Low-Spend - Lowest Risk"
1403,2,"Loyal, High-Spend - Low Risk"
1404,2,"Loyal, High-Spend - Low Risk"
1405,2,"Loyal, High-Spend - Low Risk"
1406,1,"New, Low-Spend - Elevated Risk"
1407,3,"Loyal, Low-Spend - Lowest Risk"
1408,1,"New, Low-Spend - Elevated Risk"
1409,0,"New, High-Spend - Highest Risk"
1410,2,"Loyal, High-Spend - Low Risk"
1411,1,"New, Low-Spend - Elevated Risk"
1412,0,"New, High-Spend - Highest Risk"
1413,0,"New, High-Spend - Highest Risk"
1414,0,"New, High-Spend - Highest Risk"
1415,1,"New, Low-Spend - Elevated Risk"
1416,3,"Loyal, Low-Spend - Lowest Risk"
1417,1,"New, Low-Spend - Elevated Risk"
1418,1,"New, Low-Spend - Elevated Risk"
1419,0,"New, High-Spend - Highest Risk"
1420,2,"Loyal, High-Spend - Low Risk"
1421,1,"New, Low-Spend - Elevated Risk"
1422,2,"Loyal, High-Spend - Low Risk"
1423,3,"Loyal, Low-Spend - Lowest Risk"
1424,3,"Loyal, Low-Spend - Lowest Risk"
1425,2,"Loyal, High-Spend - Low Risk"
1426,2,"Loyal, High-Spend - Low Risk"
1427,3,"Loyal, Low-Spend - Lowest Risk"
1428,3,"Loyal, Low-Spend - Lowest Risk"
1429,1,"New, Low-Spend - Elevated Risk"
1430,2,"Loyal, High-Spend - Low Risk"
1431,2,"Loyal, High-Spend - Low Risk"
1432,2,"Loyal, High-Spend - Low Risk"
1433,3,"Loyal, Low-Spend - Lowest Risk"
1434,1,"New, Low-Spend - Elevated Risk"
1435,0,"New, High-Spend - Highest Risk"
1436,0,"New, High-Spend - Highest Risk"
1437,2,"Loyal, High-Spend - Low Risk"
1438,2,"Loyal, High-Spend - Low Risk"
1439,0,"New, High-Spend - Highest Risk"
1440,0,"New, High-Spend - Highest Risk"
1441,1,"New, Low-Spend - Elevated Risk"
1442,1,"New, Low-Spend - Elevated Risk"
1443,2,"Loyal, High-Spend - Low Risk"
1444,0,"New, High-Spend - Highest Risk"
1445,2,"Loyal, High-Spend - Low Risk"
1446,0,"New, High-Spend - Highest Risk"
1447,2,"Loyal, High-Spend - Low Risk"
1448,2,"Loyal, High-Spend - Low Risk"
1449,3,"Loyal, Low-Spend - Lowest Risk"
1450,3,"Loyal, Low-Spend - Lowest Risk"
1451,1,"New, Low-Spend - Elevated Risk"
1452,2,"Loyal, High-Spend - Low Risk"
1453,0,"New, High-Spend - Highest Risk"
1454,3,"Loyal, Low-Spend - Lowest Risk"
1455,0,"New, High-Spend - Highest Risk"
1456,1,"New, Low-Spend - Elevated Risk"
1457,3,"Loyal, Low-Spend - Lowest Risk"
1458,2,"Loyal, High-Spend - Low Risk"
1459,0,"New, High-Spend - Highest Risk"
1460,0,"New, High-Spend - Highest Risk"
1461,2,"Loyal, High-Spend - Low Risk"
1462,0,"New, High-Spend - Highest Risk"
1463,0,"New, High-Spend - Highest Risk"
1464,2,"Loyal, High-Spend - Low Risk"
1465,2,"Loyal, High-Spend - Low Risk"
1466,1,"New, Low-Spend - Elevated Risk"
1467,1,"New, Low-Spend - Elevated Risk"
1468,2,"Loyal, High-Spend - Low Risk"
1469,3,"Loyal, Low-Spend - Lowest Risk"
1470,1,"New, Low-Spend - Elevated Risk"
1471,1,"New, Low-Spend - Elevated Risk"
1472,1,"New, Low-Spend - Elevated Risk"
1473,0,"New, High-Spend - Highest Risk"
1474,3,"Loyal, Low-Spend - Lowest Risk"
1475,1,"New, Low-Spend - Elevated Risk"
1476,1,"New, Low-Spend - Elevated Risk"
1477,1,"New, Low-Spend - Elevated Risk"
1478,1,"New, Low-Spend - Elevated Risk"
1479,2,"Loyal, High-Spend - Low Risk"
1480,0,"New, High-Spend - Highest Risk"
1481,2,"Loyal, High-Spend - Low Risk"
1482,3,"Loyal, Low-Spend - Lowest Risk"
1483,1,"New, Low-Spend - Elevated Risk"
1484,0,"New, High-Spend - Highest Risk"
1485,1,"New, Low-Spend - Elevated Risk"
1486,3,"Loyal, Low-Spend - Lowest Risk"
1487,1,"New, Low-Spend - Elevated Risk"
1488,0,"New, High-Spend - Highest Risk"
1489,1,"New, Low-Spend - Elevated Risk"
1490,2,"Loyal, High-Spend - Low Risk"
1491,0,"New, High-Spend - Highest Risk"
1492,3,"Loyal, Low-Spend - Lowest Risk"
1493,0,"New, High-Spend - Highest Risk"
1494,0,"New, High-Spend - Highest Risk"
1495,1,"New, Low-Spend - Elevated Risk"
1496,2,"Loyal, High-Spend - Low Risk"
1497,0,"New, High-Spend - Highest Risk"
1498,1,"New, Low-Spend - Elevated Risk"
1499,2,"Loyal, High-Spend - Low Risk"
1500,0,"New, High-Spend - Highest Risk"
1501,0,"New, High-Spend - Highest Risk"
1502,0,"New, High-Spend - Highest Risk"
1503,1,"New, Low-Spend - Elevated Risk"
1504,0,"New, High-Spend - Highest Risk"
1505,0,"New, High-Spend - Highest Risk"
1506,0,"New, High-Spend - Highest Risk"
1507,2,"Loyal, High-Spend - Low Risk"
1508,1,"New, Low-Spend - Elevated Risk"
1509,0,"New, High-Spend - Highest Risk"
1510,3,"Loyal, Low-Spend - Lowest Risk"
1511,1,"New, Low-Spend - Elevated Risk"
1512,3,"Loyal, Low-Spend - Lowest Risk"
1513,3,"Loyal, Low-Spend - Lowest Risk"
1514,1,"New, Low-Spend - Elevated Risk"
1515,1,"New, Low-Spend - Elevated Risk"
1516,0,"New, High-Spend - Highest Risk"
1517,2,"Loyal, High-Spend - Low Risk"
1518,3,"Loyal, Low-Spend - Lowest Risk"
1519,0,"New, High-Spend - Highest Risk"
1520,1,"New, Low-Spend - Elevated Risk"
1521,0,"New, High-Spend - Highest Risk"
1522,1,"New, Low-Spend - Elevated Risk"
1523,0,"New, High-Spend - Highest Risk"
1524,2,"Loyal, High-Spend - Low Risk"
1525,0,"New, High-Spend - Highest Risk"
1526,0,"New, High-Spend - Highest Risk"
1527,2,"Loyal, High-Spend - Low Risk"
1528,0,"New, High-Spend - Highest Risk"
1529,2,"Loyal, High-Spend - Low Risk"
1530,1,"New, Low-Spend - Elevated Risk"
1531,0,"New, High-Spend - Highest Risk"
1532,1,"New, Low-Spend - Elevated Risk"
1533,0,"New, High-Spend - Highest Risk"
1534,0,"New, High-Spend - Highest Risk"
1535,0,"New, High-Spend - Highest Risk"
1536,2,"Loyal, High-Spend - Low Risk"
1537,0,"New, High-Spend - Highest Risk"
1538,2,"Loyal, High-Spend - Low Risk"
1539,1,"New, Low-Spend - Elevated Risk"
1540,3,"Loyal, Low-Spend - Lowest Risk"
1541,0,"New, High-Spend - Highest Risk"
1542,0,"New, High-Spend - Highest Risk"
1543,1,"New, Low-Spend - Elevated Risk"
1544,2,"Loyal, High-Spend - Low Risk"
1545,2,"Loyal, High-Spend - Low Risk"
1546,1,"New, Low-Spend - Elevated Risk"
1547,2,"Loyal, High-Spend - Low Risk"
1548,1,"New, Low-Spend - Elevated Risk"
1549,2,"Loyal, High-Spend - Low Risk"
1550,2,"Loyal, High-Spend - Low Risk"
1551,2,"Loyal, High-Spend - Low Risk"
1552,0,"New, High-Spend - Highest Risk"
1553,2,"Loyal, High-Spend - Low Risk"
1554,0,"New, High-Spend - Highest Risk"
1555,0,"New, High-Spend - Highest Risk"
1556,2,"Loyal, High-Spend - Low Risk"
1557,3,"Loyal, Low-Spend - Lowest Risk"
1558,0,"New, High-Spend - Highest Risk"
1559,0,"New, High-Spend - Highest Risk"
1560,2,"Loyal, High-Spend - Low Risk"
1561,0,"New, High-Spend - Highest Risk"
1562,3,"Loyal, Low-Spend - Lowest Risk"
1563,1,"New, Low-Spend - Elevated Risk"
1564,0,"New, High-Spend - Highest Risk"
1565,0,"New, High-Spend - Highest Risk"
1566,0,"New, High-Spend - Highest Risk"
1567,1,"New, Low-Spend - Elevated Risk"
1568,0,"New, High-Spend - Highest Risk"
1569,0,"New, High-Spend - Highest Risk"
1570,1,"New, Low-Spend - Elevated Risk"
1571,1,"New, Low-Spend - Elevated Risk"
1572,2,"Loyal, High-Spend - Low Risk"
1573,3,"Loyal, Low-Spend - Lowest Risk"
1574,1,"New, Low-Spend - Elevated Risk"
1575,2,"Loyal, High-Spend - Low Risk"
1576,2,"Loyal, High-Spend - Low Risk"
1577,3,"Loyal, Low-Spend - Lowest Risk"
1578,0,"New, High-Spend - Highest Risk"
1579,0,"New, High-Spend - Highest Risk"
1580,2,"Loyal, High-Spend - Low Risk"
1581,2,"Loyal, High-Spend - Low Risk"
1582,1,"New, Low-Spend - Elevated Risk"
1583,2,"Loyal, High-Spend - Low Risk"
1584,2,"Loyal, High-Spend - Low Risk"
1585,2,"Loyal, High-Spend - Low Risk"
1586,2,"Loyal, High-Spend - Low Risk"
1587,3,"Loyal, Low-Spend - Lowest Risk"
1588,3,"Loyal, Low-Spend - Lowest Risk"
1589,0,"New, High-Spend - Highest Risk"
1590,1,"New, Low-Spend - Elevated Risk"
1591,1,"New, Low-Spend - Elevated Risk"
1592,1,"New, Low-Spend - Elevated Risk"
1593,0,"New, High-Spend - Highest Risk"
1594,0,"New, High-Spend - Highest Risk"
1595,1,"New, Low-Spend - Elevated Risk"
1596,0,"New, High-Spend - Highest Risk"
1597,0,"New, High-Spend - Highest Risk"
1598,0,"New, High-Spend - Highest Risk"
1599,2,"Loyal, High-Spend - Low Risk"
1600,3,"Loyal, Low-Spend - Lowest Risk"
1601,1,"New, Low-Spend - Elevated Risk"
1602,2,"Loyal, High-Spend - Low Risk"
1603,2,"Loyal, High-Spend - Low Risk"
1604,3,"Loyal, Low-Spend - Lowest Risk"
1605,0,"New, High-Spend - Highest Risk"
1606,1,"New, Low-Spend - Elevated Risk"
1607,2,"Loyal, High-Spend - Low Risk"
1608,3,"Loyal, Low-Spend - Lowest Risk"
1609,0,"New, High-Spend - Highest Risk"
1610,2,"Loyal, High-Spend - Low Risk"
1611,2,"Loyal, High-Spend - Low Risk"
1612,0,"New, High-Spend - Highest Risk"
1613,3,"Loyal, Low-Spend - Lowest Risk"
1614,0,"New, High-Spend - Highest Risk"
1615,0,"New, High-Spend - Highest Risk"
1616,1,"New, Low-Spend - Elevated Risk"
1617,2,"Loyal, High-Spend - Low Risk"
1618,1,"New, Low-Spend - Elevated Risk"
1619,2,"Loyal, High-Spend - Low Risk"
1620,1,"New, Low-Spend - Elevated Risk"
1621,1,"New, Low-Spend - Elevated Risk"
1622,2,"Loyal, High-Spend - Low Risk"
1623,1,"New, Low-Spend - Elevated Risk"
1624,2,"Loyal, High-Spend - Low Risk"
1625,2,"Loyal, High-Spend - Low Risk"
1626,2,"Loyal, High-Spend - Low Risk"
1627,2,"Loyal, High-Spend - Low Risk"
1628,3,"Loyal, Low-Spend - Lowest Risk"
1629,2,"Loyal, High-Spend - Low Risk"
1630,2,"Loyal, High-Spend - Low Risk"
1631,3,"Loyal, Low-Spend - Lowest Risk"
1632,1,"New, Low-Spend - Elevated Risk"
1633,0,"New, High-Spend - Highest Risk"
1634,0,"New, High-Spend - Highest Risk"
1635,0,"New, High-Spend - Highest Risk"
1636,2,"Loyal, High-Spend - Low Risk"
1637,3,"Loyal, Low-Spend - Lowest Risk"
1638,0,"New, High-Spend - Highest Risk"
1639,0,"New, High-Spend - Highest Risk"
1640,0,"New, High-Spend - Highest Risk"
1641,1,"New, Low-Spend - Elevated Risk"
1642,2,"Loyal, High-Spend - Low Risk"
1643,0,"New, High-Spend - Highest Risk"
1644,1,"New, Low-Spend - Elevated Risk"
1645,1,"New, Low-Spend - Elevated Risk"
1646,3,"Loyal, Low-Spend - Lowest Risk"
1647,0,"New, High-Spend - Highest Risk"
1648,0,"New, High-Spend - Highest Risk"
1649,3,"Loyal, Low-Spend - Lowest Risk"
1650,2,"Loyal, High-Spend - Low Risk"
1651,2,"Loyal, High-Spend - Low Risk"
1652,3,"Loyal, Low-Spend - Lowest Risk"
1653,1,"New, Low-Spend - Elevated Risk"
1654,0,"New, High-Spend - Highest Risk"
1655,0,"New, High-Spend - Highest Risk"
1656,0,"New, High-Spend - Highest Risk"
1657,2,"Loyal, High-Spend - Low Risk"
1658,1,"New, Low-Spend - Elevated Risk"
1659,2,"Loyal, High-Spend - Low Risk"
1660,0,"New, High-Spend - Highest Risk"
1661,3,"Loyal, Low-Spend - Lowest Risk"
1662,3,"Loyal, Low-Spend - Lowest Risk"
1663,0,"New, High-Spend - Highest Risk"
1664,3,"Loyal, Low-Spend - Lowest Risk"
1665,1,"New, Low-Spend - Elevated Risk"
1666,2,"Loyal, High-Spend - Low Risk"
1667,2,"Loyal, High-Spend - Low Risk"
1668,1,"New, Low-Spend - Elevated Risk"
1669,2,"Loyal, High-Spend - Low Risk"
1670,0,"New, High-Spend - Highest Risk"
1671,2,"Loyal, High-Spend - Low Risk"
1672,0,"New, High-Spend - Highest Risk"
1673,3,"Loyal, Low-Spend - Lowest Risk"
1674,0,"New, High-Spend - Highest Risk"
1675,2,"Loyal, High-Spend - Low Risk"
1676,0,"New, High-Spend - Highest Risk"
1677,3,"Loyal, Low-Spend - Lowest Risk"
1678,0,"New, High-Spend - Highest Risk"
1679,3,"Loyal, Low-Spend - Lowest Risk"
1680,1,"New, Low-Spend - Elevated Risk"
1681,3,"Loyal, Low-Spend - Lowest Risk"
1682,0,"New, High-Spend - Highest Risk"
1683,2,"Loyal, High-Spend - Low Risk"
1684,1,"New, Low-Spend - Elevated Risk"
1685,2,"Loyal, High-Spend - Low Risk"
1686,0,"New, High-Spend - Highest Risk"
1687,2,"Loyal, High-Spend - Low Risk"
1688,0,"New, High-Spend - Highest Risk"
1689,3,"Loyal, Low-Spend - Lowest Risk"
1690,2,"Loyal, High-Spend - Low Risk"
1691,1,"New, Low-Spend - Elevated Risk"
1692,3,"Loyal, Low-Spend - Lowest Risk"
1693,2,"Loyal, High-Spend - Low Risk"
1694,1,"New, Low-Spend - Elevated Risk"
1695,0,"New, High-Spend - Highest Risk"
1696,0,"New, High-Spend - Highest Risk"
1697,0,"New, High-Spend - Highest Risk"
1698,0,"New, High-Spend - Highest Risk"
1699,0,"New, High-Spend - Highest Risk"
1700,1,"New, Low-Spend - Elevated Risk"
1701,3,"Loyal, Low-Spend - Lowest Risk"
1702,0,"New, High-Spend - Highest Risk"
1703,1,"New, Low-Spend - Elevated Risk"
1704,2,"Loyal, High-Spend - Low Risk"
1705,2,"Loyal, High-Spend - Low Risk"
1706,2,"Loyal, High-Spend - Low Risk"
1707,1,"New, Low-Spend - Elevated Risk"
1708,2,"Loyal, High-Spend - Low Risk"
1709,1,"New, Low-Spend - Elevated Risk"
1710,0,"New, High-Spend - Highest Risk"
1711,3,"Loyal, Low-Spend - Lowest Risk"
1712,1,"New, Low-Spend - Elevated Risk"
1713,2,"Loyal, High-Spend - Low Risk"
1714,0,"New, High-Spend - Highest Risk"
1715,0,"New, High-Spend - Highest Risk"
1716,2,"Loyal, High-Spend - Low Risk"
1717,0,"New, High-Spend - Highest Risk"
1718,2,"Loyal, High-Spend - Low Risk"
1719,3,"Loyal, Low-Spend - Lowest Risk"
1720,1,"New, Low-Spend - Elevated Risk"
1721,1,"New, Low-Spend - Elevated Risk"
1722,0,"New, High-Spend - Highest Risk"
1723,3,"Loyal, Low-Spend - Lowest Risk"
1724,1,"New, Low-Spend - Elevated Risk"
1725,0,"New, High-Spend - Highest Risk"
1726,0,"New, High-Spend - Highest Risk"
1727,0,"New, High-Spend - Highest Risk"
1728,3,"Loyal, Low-Spend - Lowest Risk"
1729,1,"New, Low-Spend - Elevated Risk"
1730,3,"Loyal, Low-Spend - Lowest Risk"
1731,1,"New, Low-Spend - Elevated Risk"
1732,2,"Loyal, High-Spend - Low Risk"
1733,2,"Loyal, High-Spend - Low Risk"
1734,2,"Loyal, High-Spend - Low Risk"
1735,3,"Loyal, Low-Spend - Lowest Risk"
1736,1,"New, Low-Spend - Elevated Risk"
1737,1,"New, Low-Spend - Elevated Risk"
1738,1,"New, Low-Spend - Elevated Risk"
1739,0,"New, High-Spend - Highest Risk"
1740,0,"New, High-Spend - Highest Risk"
1741,0,"New, High-Spend - Highest Risk"
1742,2,"Loyal, High-Spend - Low Risk"
1743,3,"Loyal, Low-Spend - Lowest Risk"
1744,0,"New, High-Spend - Highest Risk"
1745,0,"New, High-Spend - Highest Risk"
1746,2,"Loyal, High-Spend - Low Risk"
1747,0,"New, High-Spend - Highest Risk"
1748,3,"Loyal, Low-Spend - Lowest Risk"
1749,0,"New, High-Spend - Highest Risk"
1750,3,"Loyal, Low-Spend - Lowest Risk"
1751,2,"Loyal, High-Spend - Low Risk"
1752,1,"New, Low-Spend - Elevated Risk"
1753,1,"New, Low-Spend - Elevated Risk"
1754,3,"Loyal, Low-Spend - Lowest Risk"
1755,0,"New, High-Spend - Highest Risk"
1756,0,"New, High-Spend - Highest Risk"
1757,0,"New, High-Spend - Highest Risk"
1758,0,"New, High-Spend - Highest Risk"
1759,1,"New, Low-Spend - Elevated Risk"
1760,2,"Loyal, High-Spend - Low Risk"
1761,1,"New, Low-Spend - Elevated Risk"
1762,0,"New, High-Spend - Highest Risk"
1763,1,"New, Low-Spend - Elevated Risk"
1764,0,"New, High-Spend - Highest Risk"
1765,0,"New, High-Spend - Highest Risk"
1766,1,"New, Low-Spend - Elevated Risk"
1767,1,"New, Low-Spend - Elevated Risk"
1768,2,"Loyal, High-Spend - Low Risk"
1769,2,"Loyal, High-Spend - Low Risk"
1770,2,"Loyal, High-Spend - Low Risk"
1771,1,"New, Low-Spend - Elevated Risk"
1772,1,"New, Low-Spend - Elevated Risk"
1773,1,"New, Low-Spend - Elevated Risk"
1774,3,"Loyal, Low-Spend - Lowest Risk"
1775,1,"New, Low-Spend - Elevated Risk"
1776,1,"New, Low-Spend - Elevated Risk"
1777,2,"Loyal, High-Spend - Low Risk"
1778,1,"New, Low-Spend - Elevated Risk"
1779,1,"New, Low-Spend - Elevated Risk"
1780,0,"New, High-Spend - Highest Risk"
1781,0,"New, High-Spend - Highest Risk"
1782,2,"Loyal, High-Spend - Low Risk"
1783,0,"New, High-Spend - Highest Risk"
1784,1,"New, Low-Spend - Elevated Risk"
1785,3,"Loyal, Low-Spend - Lowest Risk"
1786,0,"New, High-Spend - Highest Risk"
1787,2,"Loyal, High-Spend - Low Risk"
1788,2,"Loyal, High-Spend - Low Risk"
1789,0,"New, High-Spend - Highest Risk"
1790,0,"New, High-Spend - Highest Risk"
1791,3,"Loyal, Low-Spend - Lowest Risk"
1792,2,"Loyal, High-Spend - Low Risk"
1793,2,"Loyal, High-Spend - Low Risk"
1794,2,"Loyal, High-Spend - Low Risk"
1795,2,"Loyal, High-Spend - Low Risk"
1796,0,"New, High-Spend - Highest Risk"
1797,0,"New, High-Spend - Highest Risk"
1798,1,"New, Low-Spend - Elevated Risk"
1799,0,"New, High-Spend - Highest Risk"
1800,3,"Loyal, Low-Spend - Lowest Risk"
1801,1,"New, Low-Spend - Elevated Risk"
1802,2,"Loyal, High-Spend - Low Risk"
1803,2,"Loyal, High-Spend - Low Risk"
1804,0,"New, High-Spend - Highest Risk"
1805,2,"Loyal, High-Spend - Low Risk"
1806,3,"Loyal, Low-Spend - Lowest Risk"
1807,1,"New, Low-Spend - Elevated Risk"
1808,0,"New, High-Spend - Highest Risk"
1809,0,"New, High-Spend - Highest Risk"
1810,3,"Loyal, Low-Spend - Lowest Risk"
1811,2,"Loyal, High-Spend - Low Risk"
1812,3,"Loyal, Low-Spend - Lowest Risk"
1813,2,"Loyal, High-Spend - Low Risk"
1814,2,"Loyal, High-Spend - Low Risk"
1815,2,"Loyal, High-Spend - Low Risk"
1816,3,"Loyal, Low-Spend - Lowest Risk"
1817,1,"New, Low-Spend - Elevated Risk"
1818,0,"New, High-Spend - Highest Risk"
1819,0,"New, High-Spend - Highest Risk"
1820,1,"New, Low-Spend - Elevated Risk"
1821,3,"Loyal, Low-Spend - Lowest Risk"
1822,2,"Loyal, High-Spend - Low Risk"
1823,1,"New, Low-Spend - Elevated Risk"
1824,3,"Loyal, Low-Spend - Lowest Risk"
1825,3,"Loyal, Low-Spend - Lowest Risk"
1826,1,"New, Low-Spend - Elevated Risk"
1827,1,"New, Low-Spend - Elevated Risk"
1828,2,"Loyal, High-Spend - Low Risk"
1829,0,"New, High-Spend - Highest Risk"
1830,1,"New, Low-Spend - Elevated Risk"
1831,0,"New, High-Spend - Highest Risk"
1832,2,"Loyal, High-Spend - Low Risk"
1833,2,"Loyal, High-Spend - Low Risk"
1834,0,"New, High-Spend - Highest Risk"
1835,0,"New, High-Spend - Highest Risk"
1836,0,"New, High-Spend - Highest Risk"
1837,2,"Loyal, High-Spend - Low Risk"
1838,3,"Loyal, Low-Spend - Lowest Risk"
1839,2,"Loyal, High-Spend - Low Risk"
1840,3,"Loyal, Low-Spend - Lowest Risk"
1841,0,"New, High-Spend - Highest Risk"
1842,1,"New, Low-Spend - Elevated Risk"
1843,0,"New, High-Spend - Highest Risk"
1844,2,"Loyal, High-Spend - Low Risk"
1845,1,"New, Low-Spend - Elevated Risk"
1846,2,"Loyal, High-Spend - Low Risk"
1847,2,"Loyal, High-Spend - Low Risk"
1848,0,"New, High-Spend - Highest Risk"
1849,0,"New, High-Spend - Highest Risk"
1850,0,"New, High-Spend - Highest Risk"
1851,0,"New, High-Spend - Highest Risk"
1852,3,"Loyal, Low-Spend - Lowest Risk"
1853,3,"Loyal, Low-Spend - Lowest Risk"
1854,0,"New, High-Spend - Highest Risk"
1855,0,"New, High-Spend - Highest Risk"
1856,0,"New, High-Spend - Highest Risk"
1857,1,"New, Low-Spend - Elevated Risk"
1858,1,"New, Low-Spend - Elevated Risk"
1859,2,"Loyal, High-Spend - Low Risk"
1860,2,"Loyal, High-Spend - Low Risk"
1861,3,"Loyal, Low-Spend - Lowest Risk"
1862,0,"New, High-Spend - Highest Risk"
1863,3,"Loyal, Low-Spend - Lowest Risk"
1864,0,"New, High-Spend - Highest Risk"
1865,1,"New, Low-Spend - Elevated Risk"
1866,0,"New, High-Spend - Highest Risk"
1867,1,"New, Low-Spend - Elevated Risk"
1868,1,"New, Low-Spend - Elevated Risk"
1869,0,"New, High-Spend - Highest Risk"
1870,0,"New, High-Spend - Highest Risk"
1871,0,"New, High-Spend - Highest Risk"
1872,3,"Loyal, Low-Spend - Lowest Risk"
1873,1,"New, Low-Spend - Elevated Risk"
1874,0,"New, High-Spend - Highest Risk"
1875,3,"Loyal, Low-Spend - Lowest Risk"
1876,2,"Loyal, High-Spend - Low Risk"
1877,3,"Loyal, Low-Spend - Lowest Risk"
1878,3,"Loyal, Low-Spend - Lowest Risk"
1879,2,"Loyal, High-Spend - Low Risk"
1880,3,"Loyal, Low-Spend - Lowest Risk"
1881,2,"Loyal, High-Spend - Low Risk"
1882,1,"New, Low-Spend - Elevated Risk"
1883,0,"New, High-Spend - Highest Risk"
1884,3,"Loyal, Low-Spend - Lowest Risk"
1885,1,"New, Low-Spend - Elevated Risk"
1886,1,"New, Low-Spend - Elevated Risk"
1887,3,"Loyal, Low-Spend - Lowest Risk"
1888,0,"New, High-Spend - Highest Risk"
1889,3,"Loyal, Low-Spend - Lowest Risk"
1890,3,"Loyal, Low-Spend - Lowest Risk"
1891,2,"Loyal, High-Spend - Low Risk"
1892,2,"Loyal, High-Spend - Low Risk"
1893,1,"New, Low-Spend - Elevated Risk"
1894,2,"Loyal, High-Spend - Low Risk"
1895,2,"Loyal, High-Spend - Low Risk"
1896,0,"New, High-Spend - Highest Risk"
1897,0,"New, High-Spend - Highest Risk"
1898,0,"New, High-Spend - Highest Risk"
1899,0,"New, High-Spend - Highest Risk"
1900,3,"Loyal, Low-Spend - Lowest Risk"
1901,1,"New, Low-Spend - Elevated Risk"
1902,0,"New, High-Spend - Highest Risk"
1903,0,"New, High-Spend - Highest Risk"
1904,2,"Loyal, High-Spend - Low Risk"
1905,0,"New, High-Spend - Highest Risk"
1906,3,"Loyal, Low-Spend - Lowest Risk"
1907,1,"New, Low-Spend - Elevated Risk"
1908,2,"Loyal, High-Spend - Low Risk"
1909,0,"New, High-Spend - Highest Risk"
1910,3,"Loyal, Low-Spend - Lowest Risk"
1911,1,"New, Low-Spend - Elevated Risk"
1912,1,"New, Low-Spend - Elevated Risk"
1913,1,"New, Low-Spend - Elevated Risk"
1914,3,"Loyal, Low-Spend - Lowest Risk"
1915,2,"Loyal, High-Spend - Low Risk"
1916,2,"Loyal, High-Spend - Low Risk"
1917,2,"Loyal, High-Spend - Low Risk"
1918,0,"New, High-Spend - Highest Risk"
1919,2,"Loyal, High-Spend - Low Risk"
1920,0,"New, High-Spend - Highest Risk"
1921,0,"New, High-Spend - Highest Risk"
1922,0,"New, High-Spend - Highest Risk"
1923,2,"Loyal, High-Spend - Low Risk"
1924,2,"Loyal, High-Spend - Low Risk"
1925,2,"Loyal, High-Spend - Low Risk"
1926,2,"Loyal, High-Spend - Low Risk"
1927,2,"Loyal, High-Spend - Low Risk"
1928,1,"New, Low-Spend - Elevated Risk"
1929,1,"New, Low-Spend - Elevated Risk"
1930,1,"New, Low-Spend - Elevated Risk"
1931,2,"Loyal, High-Spend - Low Risk"
1932,1,"New, Low-Spend - Elevated Risk"
1933,3,"Loyal, Low-Spend - Lowest Risk"
1934,0,"New, High-Spend - Highest Risk"
1935,1,"New, Low-Spend - Elevated Risk"
1936,0,"New, High-Spend - Highest Risk"
1937,2,"Loyal, High-Spend - Low Risk"
1938,1,"New, Low-Spend - Elevated Risk"
1939,0,"New, High-Spend - Highest Risk"
1940,3,"Loyal, Low-Spend - Lowest Risk"
1941,3,"Loyal, Low-Spend - Lowest Risk"
1942,2,"Loyal, High-Spend - Low Risk"
1943,0,"New, High-Spend - Highest Risk"
1944,2,"Loyal, High-Spend - Low Risk"
1945,0,"New, High-Spend - Highest Risk"
1946,0,"New, High-Spend - Highest Risk"
1947,2,"Loyal, High-Spend - Low Risk"
1948,2,"Loyal, High-Spend - Low Risk"
1949,2,"Loyal, High-Spend - Low Risk"
1950,1,"New, Low-Spend - Elevated Risk"
1951,2,"Loyal, High-Spend - Low Risk"
1952,3,"Loyal, Low-Spend - Lowest Risk"
1953,1,"New, Low-Spend - Elevated Risk"
1954,2,"Loyal, High-Spend - Low Risk"
1955,1,"New, Low-Spend - Elevated Risk"
1956,2,"Loyal, High-Spend - Low Risk"
1957,3,"Loyal, Low-Spend - Lowest Risk"
1958,1,"New, Low-Spend - Elevated Risk"
1959,0,"New, High-Spend - Highest Risk"
1960,2,"Loyal, High-Spend - Low Risk"
1961,2,"Loyal, High-Spend - Low Risk"
1962,1,"New, Low-Spend - Elevated Risk"
1963,0,"New, High-Spend - Highest Risk"
1964,1,"New, Low-Spend - Elevated Risk"
1965,0,"New, High-Spend - Highest Risk"
1966,0,"New, High-Spend - Highest Risk"
1967,2,"Loyal, High-Spend - Low Risk"
1968,2,"Loyal, High-Spend - Low Risk"
1969,0,"New, High-Spend - Highest Risk"
1970,2,"Loyal, High-Spend - Low Risk"
1971,2,"Loyal, High-Spend - Low Risk"
1972,3,"Loyal, Low-Spend - Lowest Risk"
1973,3,"Loyal, Low-Spend - Lowest Risk"
1974,0,"New, High-Spend - Highest Risk"
1975,0,"New, High-Spend - Highest Risk"
1976,2,"Loyal, High-Spend - Low Risk"
1977,0,"New, High-Spend - Highest Risk"
1978,1,"New, Low-Spend - Elevated Risk"
1979,2,"Loyal, High-Spend - Low Risk"
1980,0,"New, High-Spend - Highest Risk"
1981,3,"Loyal, Low-Spend - Lowest Risk"
1982,2,"Loyal, High-Spend - Low Risk"
1983,2,"Loyal, High-Spend - Low Risk"
1984,3,"Loyal, Low-Spend - Lowest Risk"
1985,0,"New, High-Spend - Highest Risk"
1986,1,"New, Low-Spend - Elevated Risk"
1987,2,"Loyal, High-Spend - Low Risk"
1988,1,"New, Low-Spend - Elevated Risk"
1989,0,"New, High-Spend - Highest Risk"
1990,2,"Loyal, High-Spend - Low Risk"
1991,1,"New, Low-Spend - Elevated Risk"
1992,0,"New, High-Spend - Highest Risk"
1993,2,"Loyal, High-Spend - Low Risk"
1994,2,"Loyal, High-Spend - Low Risk"
1995,1,"New, Low-Spend - Elevated Risk"
1996,1,"New, Low-Spend - Elevated Risk"
1997,0,"New, High-Spend - Highest Risk"
1998,2,"Loyal, High-Spend - Low Risk"
1999,1,"New, Low-Spend - Elevated Risk"
2000,0,"New, High-Spend - Highest Risk"
2001,2,"Loyal, High-Spend - Low Risk"
2002,3,"Loyal, Low-Spend - Lowest Risk"
2003,0,"New, High-Spend - Highest Risk"
2004,0,"New, High-Spend - Highest Risk"
2005,0,"New, High-Spend - Highest Risk"
2006,0,"New, High-Spend - Highest Risk"
2007,1,"New, Low-Spend - Elevated Risk"
2008,3,"Loyal, Low-Spend - Lowest Risk"
2009,2,"Loyal, High-Spend - Low Risk"
2010,2,"Loyal, High-Spend - Low Risk"
2011,3,"Loyal, Low-Spend - Lowest Risk"
2012,1,"New, Low-Spend - Elevated Risk"
2013,3,"Loyal, Low-Spend - Lowest Risk"
2014,1,"New, Low-Spend - Elevated Risk"
2015,0,"New, High-Spend - Highest Risk"
2016,2,"Loyal, High-Spend - Low Risk"
2017,1,"New, Low-Spend - Elevated Risk"
2018,1,"New, Low-Spend - Elevated Risk"
2019,0,"New, High-Spend - Highest Risk"
2020,2,"Loyal, High-Spend - Low Risk"
2021,0,"New, High-Spend - Highest Risk"
2022,2,"Loyal, High-Spend - Low Risk"
2023,1,"New, Low-Spend - Elevated Risk"
2024,1,"New, Low-Spend - Elevated Risk"
2025,3,"Loyal, Low-Spend - Lowest Risk"
2026,1,"New, Low-Spend - Elevated Risk"
2027,0,"New, High-Spend - Highest Risk"
2028,1,"New, Low-Spend - Elevated Risk"
2029,1,"New, Low-Spend - Elevated Risk"
2030,2,"Loyal, High-Spend - Low Risk"
2031,1,"New, Low-Spend - Elevated Risk"
2032,0,"New, High-Spend - Highest Risk"
2033,2,"Loyal, High-Spend - Low Risk"
2034,3,"Loyal, Low-Spend - Lowest Risk"
2035,1,"New, Low-Spend - Elevated Risk"
2036,1,"New, Low-Spend - Elevated Risk"
2037,0,"New, High-Spend - Highest Risk"
2038,1,"New, Low-Spend - Elevated Risk"
2039,3,"Loyal, Low-Spend - Lowest Risk"
2040,1,"New, Low-Spend - Elevated Risk"
2041,1,"New, Low-Spend - Elevated Risk"
2042,0,"New, High-Spend - Highest Risk"
2043,2,"Loyal, High-Spend - Low Risk"
2044,1,"New, Low-Spend - Elevated Risk"
2045,3,"Loyal, Low-Spend - Lowest Risk"
2046,0,"New, High-Spend - Highest Risk"
2047,3,"Loyal, Low-Spend - Lowest Risk"
2048,0,"New, High-Spend - Highest Risk"
2049,1,"New, Low-Spend - Elevated Risk"
2050,2,"Loyal, High-Spend - Low Risk"
2051,1,"New, Low-Spend - Elevated Risk"
2052,2,"Loyal, High-Spend - Low Risk"
2053,3,"Loyal, Low-Spend - Lowest Risk"
2054,0,"New, High-Spend - Highest Risk"
2055,1,"New, Low-Spend - Elevated Risk"
2056,2,"Loyal, High-Spend - Low Risk"
2057,2,"Loyal, High-Spend - Low Risk"
2058,3,"Loyal, Low-Spend - Lowest Risk"
2059,0,"New, High-Spend - Highest Risk"
2060,0,"New, High-Spend - Highest Risk"
2061,2,"Loyal, High-Spend - Low Risk"
2062,3,"Loyal, Low-Spend - Lowest Risk"
2063,2,"Loyal, High-Spend - Low Risk"
2064,2,"Loyal, High-Spend - Low Risk"
2065,1,"New, Low-Spend - Elevated Risk"
2066,3,"Loyal, Low-Spend - Lowest Risk"
2067,1,"New, Low-Spend - Elevated Risk"
2068,0,"New, High-Spend - Highest Risk"
2069,3,"Loyal, Low-Spend - Lowest Risk"
2070,0,"New, High-Spend - Highest Risk"
2071,1,"New, Low-Spend - Elevated Risk"
2072,1,"New, Low-Spend - Elevated Risk"
2073,2,"Loyal, High-Spend - Low Risk"
2074,2,"Loyal, High-Spend - Low Risk"
2075,0,"New, High-Spend - Highest Risk"
2076,1,"New, Low-Spend - Elevated Risk"
2077,0,"New, High-Spend - Highest Risk"
2078,2,"Loyal, High-Spend - Low Risk"
2079,0,"New, High-Spend - Highest Risk"
2080,2,"Loyal, High-Spend - Low Risk"
2081,2,"Loyal, High-Spend - Low Risk"
2082,1,"New, Low-Spend - Elevated Risk"
2083,0,"New, High-Spend - Highest Risk"
2084,1,"New, Low-Spend - Elevated Risk"
2085,2,"Loyal, High-Spend - Low Risk"
2086,0,"New, High-Spend - Highest Risk"
2087,1,"New, Low-Spend - Elevated Risk"
2088,2,"Loyal, High-Spend - Low Risk"
2089,2,"Loyal, High-Spend - Low Risk"
2090,0,"New, High-Spend - Highest Risk"
2091,1,"New, Low-Spend - Elevated Risk"
2092,2,"Loyal, High-Spend - Low Risk"
2093,1,"New, Low-Spend - Elevated Risk"
2094,0,"New, High-Spend - Highest Risk"
2095,3,"Loyal, Low-Spend - Lowest Risk"
2096,0,"New, High-Spend - Highest Risk"
2097,3,"Loyal, Low-Spend - Lowest Risk"
2098,0,"New, High-Spend - Highest Risk"
2099,1,"New, Low-Spend - Elevated Risk"
2100,3,"Loyal, Low-Spend - Lowest Risk"
2101,2,"Loyal, High-Spend - Low Risk"
2102,1,"New, Low-Spend - Elevated Risk"
2103,3,"Loyal, Low-Spend - Lowest Risk"
2104,0,"New, High-Spend - Highest Risk"
2105,2,"Loyal, High-Spend - Low Risk"
2106,1,"New, Low-Spend - Elevated Risk"
2107,1,"New, Low-Spend - Elevated Risk"
2108,0,"New, High-Spend - Highest Risk"
2109,1,"New, Low-Spend - Elevated Risk"
2110,3,"Loyal, Low-Spend - Lowest Risk"
2111,0,"New, High-Spend - Highest Risk"
2112,1,"New, Low-Spend - Elevated Risk"
2113,2,"Loyal, High-Spend - Low Risk"
2114,0,"New, High-Spend - Highest Risk"
2115,1,"New, Low-Spend - Elevated Risk"
2116,0,"New, High-Spend - Highest Risk"
2117,0,"New, High-Spend - Highest Risk"
2118,2,"Loyal, High-Spend - Low Risk"
2119,0,"New, High-Spend - Highest Risk"
2120,1,"New, Low-Spend - Elevated Risk"
2121,1,"New, Low-Spend - Elevated Risk"
2122,2,"Loyal, High-Spend - Low Risk"
2123,2,"Loyal, High-Spend - Low Risk"
2124,3,"Loyal, Low-Spend - Lowest Risk"
2125,2,"Loyal, High-Spend - Low Risk"
2126,0,"New, High-Spend - Highest Risk"
2127,2,"Loyal, High-Spend - Low Risk"
2128,3,"Loyal, Low-Spend - Lowest Risk"
2129,1,"New, Low-Spend - Elevated Risk"
2130,2,"Loyal, High-Spend - Low Risk"
2131,1,"New, Low-Spend - Elevated Risk"
2132,0,"New, High-Spend - Highest Risk"
2133,0,"New, High-Spend - Highest Risk"
2134,2,"Loyal, High-Spend - Low Risk"
2135,2,"Loyal, High-Spend - Low Risk"
2136,0,"New, High-Spend - Highest Risk"
2137,3,"Loyal, Low-Spend - Lowest Risk"
2138,0,"New, High-Spend - Highest Risk"
2139,2,"Loyal, High-Spend - Low Risk"
2140,0,"New, High-Spend - Highest Risk"
2141,2,"Loyal, High-Spend - Low Risk"
2142,2,"Loyal, High-Spend - Low Risk"
2143,0,"New, High-Spend - Highest Risk"
2144,1,"New, Low-Spend - Elevated Risk"
2145,2,"Loyal, High-Spend - Low Risk"
2146,2,"Loyal, High-Spend - Low Risk"
2147,2,"Loyal, High-Spend - Low Risk"
2148,0,"New, High-Spend - Highest Risk"
2149,1,"New, Low-Spend - Elevated Risk"
2150,2,"Loyal, High-Spend - Low Risk"
2151,1,"New, Low-Spend - Elevated Risk"
2152,3,"Loyal, Low-Spend - Lowest Risk"
2153,0,"New, High-Spend - Highest Risk"
2154,3,"Loyal, Low-Spend - Lowest Risk"
2155,2,"Loyal, High-Spend - Low Risk"
2156,2,"Loyal, High-Spend - Low Risk"
2157,0,"New, High-Spend - Highest Risk"
2158,0,"New, High-Spend - Highest Risk"
2159,1,"New, Low-Spend - Elevated Risk"
2160,0,"New, High-Spend - Highest Risk"
2161,0,"New, High-Spend - Highest Risk"
2162,1,"New, Low-Spend - Elevated Risk"
2163,0,"New, High-Spend - Highest Risk"
2164,2,"Loyal, High-Spend - Low Risk"
2165,1,"New, Low-Spend - Elevated Risk"
2166,0,"New, High-Spend - Highest Risk"
2167,2,"Loyal, High-Spend - Low Risk"
2168,2,"Loyal, High-Spend - Low Risk"
2169,0,"New, High-Spend - Highest Risk"
2170,2,"Loyal, High-Spend - Low Risk"
2171,3,"Loyal, Low-Spend - Lowest Risk"
2172,1,"New, Low-Spend - Elevated Risk"
2173,1,"New, Low-Spend - Elevated Risk"
2174,2,"Loyal, High-Spend - Low Risk"
2175,1,"New, Low-Spend - Elevated Risk"
2176,0,"New, High-Spend - Highest Risk"
2177,0,"New, High-Spend - Highest Risk"
2178,2,"Loyal, High-Spend - Low Risk"
2179,0,"New, High-Spend - Highest Risk"
2180,2,"Loyal, High-Spend - Low Risk"
2181,0,"New, High-Spend - Highest Risk"
2182,2,"Loyal, High-Spend - Low Risk"
2183,0,"New, High-Spend - Highest Risk"
2184,3,"Loyal, Low-Spend - Lowest Risk"
2185,1,"New, Low-Spend - Elevated Risk"
2186,2,"Loyal, High-Spend - Low Risk"
2187,3,"Loyal, Low-Spend - Lowest Risk"
2188,3,"Loyal, Low-Spend - Lowest Risk"
2189,0,"New, High-Spend - Highest Risk"
2190,0,"New, High-Spend - Highest Risk"
2191,1,"New, Low-Spend - Elevated Risk"
2192,0,"New, High-Spend - Highest Risk"
2193,1,"New, Low-Spend - Elevated Risk"
2194,0,"New, High-Spend - Highest Risk"
2195,0,"New, High-Spend - Highest Risk"
2196,2,"Loyal, High-Spend - Low Risk"
2197,0,"New, High-Spend - Highest Risk"
2198,0,"New, High-Spend - Highest Risk"
2199,3,"Loyal, Low-Spend - Lowest Risk"
2200,2,"Loyal, High-Spend - Low Risk"
2201,1,"New, Low-Spend - Elevated Risk"
2202,3,"Loyal, Low-Spend - Lowest Risk"
2203,2,"Loyal, High-Spend - Low Risk"
2204,0,"New, High-Spend - Highest Risk"
2205,0,"New, High-Spend - Highest Risk"
2206,1,"New, Low-Spend - Elevated Risk"
2207,1,"New, Low-Spend - Elevated Risk"
2208,0,"New, High-Spend - Highest Risk"
2209,0,"New, High-Spend - Highest Risk"
2210,2,"Loyal, High-Spend - Low Risk"
2211,3,"Loyal, Low-Spend - Lowest Risk"
2212,1,"New, Low-Spend - Elevated Risk"
2213,2,"Loyal, High-Spend - Low Risk"
2214,1,"New, Low-Spend - Elevated Risk"
2215,0,"New, High-Spend - Highest Risk"
2216,2,"Loyal, High-Spend - Low Risk"
2217,0,"New, High-Spend - Highest Risk"
2218,1,"New, Low-Spend - Elevated Risk"
2219,1,"New, Low-Spend - Elevated Risk"
2220,0,"New, High-Spend - Highest Risk"
2221,0,"New, High-Spend - Highest Risk"
2222,0,"New, High-Spend - Highest Risk"
2223,0,"New, High-Spend - Highest Risk"
2224,1,"New, Low-Spend - Elevated Risk"
2225,2,"Loyal, High-Spend - Low Risk"
2226,2,"Loyal, High-Spend - Low Risk"
2227,3,"Loyal, Low-Spend - Lowest Risk"
2228,3,"Loyal, Low-Spend - Lowest Risk"
2229,2,"Loyal, High-Spend - Low Risk"
2230,2,"Loyal, High-Spend - Low Risk"
2231,2,"Loyal, High-Spend - Low Risk"
2232,0,"New, High-Spend - Highest Risk"
2233,1,"New, Low-Spend - Elevated Risk"
2234,2,"Loyal, High-Spend - Low Risk"
2235,2,"Loyal, High-Spend - Low Risk"
2236,0,"New, High-Spend - Highest Risk"
2237,0,"New, High-Spend - Highest Risk"
2238,2,"Loyal, High-Spend - Low Risk"
2239,0,"New, High-Spend - Highest Risk"
2240,0,"New, High-Spend - Highest Risk"
2241,2,"Loyal, High-Spend - Low Risk"
2242,2,"Loyal, High-Spend - Low Risk"
2243,1,"New, Low-Spend - Elevated Risk"
2244,3,"Loyal, Low-Spend - Lowest Risk"
2245,2,"Loyal, High-Spend - Low Risk"
2246,0,"New, High-Spend - Highest Risk"
2247,1,"New, Low-Spend - Elevated Risk"
2248,1,"New, Low-Spend - Elevated Risk"
2249,2,"Loyal, High-Spend - Low Risk"
2250,0,"New, High-Spend - Highest Risk"
2251,3,"Loyal, Low-Spend - Lowest Risk"
2252,1,"New, Low-Spend - Elevated Risk"
2253,0,"New, High-Spend - Highest Risk"
2254,1,"New, Low-Spend - Elevated Risk"
2255,2,"Loyal, High-Spend - Low Risk"
2256,3,"Loyal, Low-Spend - Lowest Risk"
2257,3,"Loyal, Low-Spend - Lowest Risk"
2258,1,"New, Low-Spend - Elevated Risk"
2259,2,"Loyal, High-Spend - Low Risk"
2260,2,"Loyal, High-Spend - Low Risk"
2261,0,"New, High-Spend - Highest Risk"
2262,1,"New, Low-Spend - Elevated Risk"
2263,0,"New, High-Spend - Highest Risk"
2264,1,"New, Low-Spend - Elevated Risk"
2265,0,"New, High-Spend - Highest Risk"
2266,3,"Loyal, Low-Spend - Lowest Risk"
2267,1,"New, Low-Spend - Elevated Risk"
2268,0,"New, High-Spend - Highest Risk"
2269,0,"New, High-Spend - Highest Risk"
2270,3,"Loyal, Low-Spend - Lowest Risk"
2271,1,"New, Low-Spend - Elevated Risk"
2272,0,"New, High-Spend - Highest Risk"
2273,0,"New, High-Spend - Highest Risk"
2274,2,"Loyal, High-Spend - Low Risk"
2275,1,"New, Low-Spend - Elevated Risk"
2276,1,"New, Low-Spend - Elevated Risk"
2277,2,"Loyal, High-Spend - Low Risk"
2278,2,"Loyal, High-Spend - Low Risk"
2279,2,"Loyal, High-Spend - Low Risk"
2280,0,"New, High-Spend - Highest Risk"
2281,0,"New, High-Spend - Highest Risk"
2282,3,"Loyal, Low-Spend - Lowest Risk"
2283,0,"New, High-Spend - Highest Risk"
2284,1,"New, Low-Spend - Elevated Risk"
2285,1,"New, Low-Spend - Elevated Risk"
2286,2,"Loyal, High-Spend - Low Risk"
2287,2,"Loyal, High-Spend - Low Risk"
2288,0,"New, High-Spend - Highest Risk"
2289,3,"Loyal, Low-Spend - Lowest Risk"
2290,3,"Loyal, Low-Spend - Lowest Risk"
2291,0,"New, High-Spend - Highest Risk"
2292,2,"Loyal, High-Spend - Low Risk"
2293,1,"New, Low-Spend - Elevated Risk"
2294,0,"New, High-Spend - Highest Risk"
2295,0,"New, High-Spend - Highest Risk"
2296,2,"Loyal, High-Spend - Low Risk"
2297,0,"New, High-Spend - Highest Risk"
2298,1,"New, Low-Spend - Elevated Risk"
2299,1,"New, Low-Spend - Elevated Risk"
2300,1,"New, Low-Spend - Elevated Risk"
2301,0,"New, High-Spend - Highest Risk"
2302,3,"Loyal, Low-Spend - Lowest Risk"
2303,3,"Loyal, Low-Spend - Lowest Risk"
2304,2,"Loyal, High-Spend - Low Risk"
2305,1,"New, Low-Spend - Elevated Risk"
2306,3,"Loyal, Low-Spend - Lowest Risk"
2307,0,"New, High-Spend - Highest Risk"
2308,1,"New, Low-Spend - Elevated Risk"
2309,3,"Loyal, Low-Spend - Lowest Risk"
2310,2,"Loyal, High-Spend - Low Risk"
2311,0,"New, High-Spend - Highest Risk"
2312,2,"Loyal, High-Spend - Low Risk"
2313,0,"New, High-Spend - Highest Risk"
2314,2,"Loyal, High-Spend - Low Risk"
2315,2,"Loyal, High-Spend - Low Risk"
2316,0,"New, High-Spend - Highest Risk"
2317,1,"New, Low-Spend - Elevated Risk"
2318,0,"New, High-Spend - Highest Risk"
2319,0,"New, High-Spend - Highest Risk"
2320,3,"Loyal, Low-Spend - Lowest Risk"
2321,0,"New, High-Spend - Highest Risk"
2322,0,"New, High-Spend - Highest Risk"
2323,0,"New, High-Spend - Highest Risk"
2324,2,"Loyal, High-Spend - Low Risk"
2325,2,"Loyal, High-Spend - Low Risk"
2326,1,"New, Low-Spend - Elevated Risk"
2327,1,"New, Low-Spend - Elevated Risk"
2328,0,"New, High-Spend - Highest Risk"
2329,3,"Loyal, Low-Spend - Lowest Risk"
2330,0,"New, High-Spend - Highest Risk"
2331,0,"New, High-Spend - Highest Risk"
2332,2,"Loyal, High-Spend - Low Risk"
2333,1,"New, Low-Spend - Elevated Risk"
2334,1,"New, Low-Spend - Elevated Risk"
2335,1,"New, Low-Spend - Elevated Risk"
2336,0,"New, High-Spend - Highest Risk"
2337,2,"Loyal, High-Spend - Low Risk"
2338,0,"New, High-Spend - Highest Risk"
2339,1,"New, Low-Spend - Elevated Risk"
2340,0,"New, High-Spend - Highest Risk"
2341,0,"New, High-Spend - Highest Risk"
2342,3,"Loyal, Low-Spend - Lowest Risk"
2343,3,"Loyal, Low-Spend - Lowest Risk"
2344,3,"Loyal, Low-Spend - Lowest Risk"
2345,1,"New, Low-Spend - Elevated Risk"
2346,2,"Loyal, High-Spend - Low Risk"
2347,0,"New, High-Spend - Highest Risk"
2348,0,"New, High-Spend - Highest Risk"
2349,1,"New, Low-Spend - Elevated Risk"
2350,0,"New, High-Spend - Highest Risk"
2351,3,"Loyal, Low-Spend - Lowest Risk"
2352,1,"New, Low-Spend - Elevated Risk"
2353,1,"New, Low-Spend - Elevated Risk"
2354,2,"Loyal, High-Spend - Low Risk"
2355,2,"Loyal, High-Spend - Low Risk"
2356,0,"New, High-Spend - Highest Risk"
2357,2,"Loyal, High-Spend - Low Risk"
2358,0,"New, High-Spend - Highest Risk"
2359,0,"New, High-Spend - Highest Risk"
2360,0,"New, High-Spend - Highest Risk"
2361,3,"Loyal, Low-Spend - Lowest Risk"
2362,2,"Loyal, High-Spend - Low Risk"
2363,2,"Loyal, High-Spend - Low Risk"
2364,1,"New, Low-Spend - Elevated Risk"
2365,2,"Loyal, High-Spend - Low Risk"
2366,1,"New, Low-Spend - Elevated Risk"
2367,2,"Loyal, High-Spend - Low Risk"
2368,2,"Loyal, High-Spend - Low Risk"
2369,3,"Loyal, Low-Spend - Lowest Risk"
2370,1,"New, Low-Spend - Elevated Risk"
2371,2,"Loyal, High-Spend - Low Risk"
2372,0,"New, High-Spend - Highest Risk"
2373,0,"New, High-Spend - Highest Risk"
2374,1,"New, Low-Spend - Elevated Risk"
2375,1,"New, Low-Spend - Elevated Risk"
2376,3,"Loyal, Low-Spend - Lowest Risk"
2377,0,"New, High-Spend - Highest Risk"
2378,1,"New, Low-Spend - Elevated Risk"
2379,0,"New, High-Spend - Highest Risk"
2380,1,"New, Low-Spend - Elevated Risk"
2381,2,"Loyal, High-Spend - Low Risk"
2382,1,"New, Low-Spend - Elevated Risk"
2383,1,"New, Low-Spend - Elevated Risk"
2384,0,"New, High-Spend - Highest Risk"
2385,1,"New, Low-Spend - Elevated Risk"
2386,1,"New, Low-Spend - Elevated Risk"
2387,3,"Loyal, Low-Spend - Lowest Risk"
2388,1,"New, Low-Spend - Elevated Risk"
2389,1,"New, Low-Spend - Elevated Risk"
2390,2,"Loyal, High-Spend - Low Risk"
2391,1,"New, Low-Spend - Elevated Risk"
2392,0,"New, High-Spend - Highest Risk"
2393,3,"Loyal, Low-Spend - Lowest Risk"
2394,0,"New, High-Spend - Highest Risk"
2395,2,"Loyal, High-Spend - Low Risk"
2396,2,"Loyal, High-Spend - Low Risk"
2397,2,"Loyal, High-Spend - Low Risk"
2398,2,"Loyal, High-Spend - Low Risk"
2399,1,"New, Low-Spend - Elevated Risk"
2400,2,"Loyal, High-Spend - Low Risk"
2401,3,"Loyal, Low-Spend - Lowest Risk"
2402,0,"New, High-Spend - Highest Risk"
2403,0,"New, High-Spend - Highest Risk"
2404,1,"New, Low-Spend - Elevated Risk"
2405,1,"New, Low-Spend - Elevated Risk"
2406,0,"New, High-Spend - Highest Risk"
2407,0,"New, High-Spend - Highest Risk"
2408,3,"Loyal, Low-Spend - Lowest Risk"
2409,1,"New, Low-Spend - Elevated Risk"
2410,3,"Loyal, Low-Spend - Lowest Risk"
2411,1,"New, Low-Spend - Elevated Risk"
2412,2,"Loyal, High-Spend - Low Risk"
2413,1,"New, Low-Spend - Elevated Risk"
2414,2,"Loyal, High-Spend - Low Risk"
2415,0,"New, High-Spend - Highest Risk"
2416,0,"New, High-Spend - Highest Risk"
2417,0,"New, High-Spend - Highest Risk"
2418,0,"New, High-Spend - Highest Risk"
2419,1,"New, Low-Spend - Elevated Risk"
2420,0,"New, High-Spend - Highest Risk"
2421,0,"New, High-Spend - Highest Risk"
2422,3,"Loyal, Low-Spend - Lowest Risk"
2423,2,"Loyal, High-Spend - Low Risk"
2424,2,"Loyal, High-Spend - Low Risk"
2425,2,"Loyal, High-Spend - Low Risk"
2426,2,"Loyal, High-Spend - Low Risk"
2427,3,"Loyal, Low-Spend - Lowest Risk"
2428,0,"New, High-Spend - Highest Risk"
2429,3,"Loyal, Low-Spend - Lowest Risk"
2430,0,"New, High-Spend - Highest Risk"
2431,1,"New, Low-Spend - Elevated Risk"
2432,2,"Loyal, High-Spend - Low Risk"
2433,0,"New, High-Spend - Highest Risk"
2434,0,"New, High-Spend - Highest Risk"
2435,1,"New, Low-Spend - Elevated Risk"
2436,0,"New, High-Spend - Highest Risk"
2437,2,"Loyal, High-Spend - Low Risk"
2438,3,"Loyal, Low-Spend - Lowest Risk"
2439,1,"New, Low-Spend - Elevated Risk"
2440,2,"Loyal, High-Spend - Low Risk"
2441,1,"New, Low-Spend - Elevated Risk"
2442,0,"New, High-Spend - Highest Risk"
2443,1,"New, Low-Spend - Elevated Risk"
2444,1,"New, Low-Spend - Elevated Risk"
2445,0,"New, High-Spend - Highest Risk"
2446,0,"New, High-Spend - Highest Risk"
2447,1,"New, Low-Spend - Elevated Risk"
2448,0,"New, High-Spend - Highest Risk"
2449,1,"New, Low-Spend - Elevated Risk"
2450,1,"New, Low-Spend - Elevated Risk"
2451,2,"Loyal, High-Spend - Low Risk"
2452,0,"New, High-Spend - Highest Risk"
2453,2,"Loyal, High-Spend - Low Risk"
2454,3,"Loyal, Low-Spend - Lowest Risk"
2455,1,"New, Low-Spend - Elevated Risk"
2456,3,"Loyal, Low-Spend - Lowest Risk"
2457,0,"New, High-Spend - Highest Risk"
2458,3,"Loyal, Low-Spend - Lowest Risk"
2459,2,"Loyal, High-Spend - Low Risk"
2460,0,"New, High-Spend - Highest Risk"
2461,2,"Loyal, High-Spend - Low Risk"
2462,3,"Loyal, Low-Spend - Lowest Risk"
2463,0,"New, High-Spend - Highest Risk"
2464,1,"New, Low-Spend - Elevated Risk"
2465,3,"Loyal, Low-Spend - Lowest Risk"
2466,0,"New, High-Spend - Highest Risk"
2467,3,"Loyal, Low-Spend - Lowest Risk"
2468,1,"New, Low-Spend - Elevated Risk"
2469,0,"New, High-Spend - Highest Risk"
2470,2,"Loyal, High-Spend - Low Risk"
2471,0,"New, High-Spend - Highest Risk"
2472,3,"Loyal, Low-Spend - Lowest Risk"
2473,2,"Loyal, High-Spend - Low Risk"
2474,0,"New, High-Spend - Highest Risk"
2475,2,"Loyal, High-Spend - Low Risk"
2476,1,"New, Low-Spend - Elevated Risk"
2477,2,"Loyal, High-Spend - Low Risk"
2478,0,"New, High-Spend - Highest Risk"
2479,2,"Loyal, High-Spend - Low Risk"
2480,3,"Loyal, Low-Spend - Lowest Risk"
2481,2,"Loyal, High-Spend - Low Risk"
2482,0,"New, High-Spend - Highest Risk"
2483,2,"Loyal, High-Spend - Low Risk"
2484,0,"New, High-Spend - Highest Risk"
2485,2,"Loyal, High-Spend - Low Risk"
2486,0,"New, High-Spend - Highest Risk"
2487,1,"New, Low-Spend - Elevated Risk"
2488,2,"Loyal, High-Spend - Low Risk"
2489,1,"New, Low-Spend - Elevated Risk"
2490,3,"Loyal, Low-Spend - Lowest Risk"
2491,2,"Loyal, High-Spend - Low Risk"
2492,0,"New, High-Spend - Highest Risk"
2493,0,"New, High-Spend - Highest Risk"
2494,1,"New, Low-Spend - Elevated Risk"
2495,3,"Loyal, Low-Spend - Lowest Risk"
2496,3,"Loyal, Low-Spend - Lowest Risk"
2497,1,"New, Low-Spend - Elevated Risk"
2498,0,"New, High-Spend - Highest Risk"
2499,0,"New, High-Spend - Highest Risk"
2500,1,"New, Low-Spend - Elevated Risk"
2501,2,"Loyal, High-Spend - Low Risk"
2502,0,"New, High-Spend - Highest Risk"
2503,3,"Loyal, Low-Spend - Lowest Risk"
2504,1,"New, Low-Spend - Elevated Risk"
2505,3,"Loyal, Low-Spend - Lowest Risk"
2506,3,"Loyal, Low-Spend - Lowest Risk"
2507,1,"New, Low-Spend - Elevated Risk"
2508,1,"New, Low-Spend - Elevated Risk"
2509,0,"New, High-Spend - Highest Risk"
2510,0,"New, High-Spend - Highest Risk"
2511,3,"Loyal, Low-Spend - Lowest Risk"
2512,1,"New, Low-Spend - Elevated Risk"
2513,2,"Loyal, High-Spend - Low Risk"
2514,1,"New, Low-Spend - Elevated Risk"
2515,1,"New, Low-Spend - Elevated Risk"
2516,0,"New, High-Spend - Highest Risk"
2517,0,"New, High-Spend - Highest Risk"
2518,2,"Loyal, High-Spend - Low Risk"
2519,1,"New, Low-Spend - Elevated Risk"
2520,0,"New, High-Spend - Highest Risk"
2521,1,"New, Low-Spend - Elevated Risk"
2522,0,"New, High-Spend - Highest Risk"
2523,0,"New, High-Spend - Highest Risk"
2524,2,"Loyal, High-Spend - Low Risk"
2525,1,"New, Low-Spend - Elevated Risk"
2526,2,"Loyal, High-Spend - Low Risk"
2527,1,"New, Low-Spend - Elevated Risk"
2528,0,"New, High-Spend - Highest Risk"
2529,2,"Loyal, High-Spend - Low Risk"
2530,3,"Loyal, Low-Spend - Lowest Risk"
2531,0,"New, High-Spend - Highest Risk"
2532,2,"Loyal, High-Spend - Low Risk"
2533,3,"Loyal, Low-Spend - Lowest Risk"
2534,1,"New, Low-Spend - Elevated Risk"
2535,2,"Loyal, High-Spend - Low Risk"
2536,2,"Loyal, High-Spend - Low Risk"
2537,1,"New, Low-Spend - Elevated Risk"
2538,2,"Loyal, High-Spend - Low Risk"
2539,1,"New, Low-Spend - Elevated Risk"
2540,0,"New, High-Spend - Highest Risk"
2541,2,"Loyal, High-Spend - Low Risk"
2542,0,"New, High-Spend - Highest Risk"
2543,1,"New, Low-Spend - Elevated Risk"
2544,0,"New, High-Spend - Highest Risk"
2545,0,"New, High-Spend - Highest Risk"
2546,3,"Loyal, Low-Spend - Lowest Risk"
2547,0,"New, High-Spend - Highest Risk"
2548,1,"New, Low-Spend - Elevated Risk"
2549,3,"Loyal, Low-Spend - Lowest Risk"
2550,2,"Loyal, High-Spend - Low Risk"
2551,2,"Loyal, High-Spend - Low Risk"
2552,2,"Loyal, High-Spend - Low Risk"
2553,3,"Loyal, Low-Spend - Lowest Risk"
2554,0,"New, High-Spend - Highest Risk"
2555,1,"New, Low-Spend - Elevated Risk"
2556,1,"New, Low-Spend - Elevated Risk"
2557,3,"Loyal, Low-Spend - Lowest Risk"
2558,0,"New, High-Spend - Highest Risk"
2559,2,"Loyal, High-Spend - Low Risk"
2560,2,"Loyal, High-Spend - Low Risk"
2561,1,"New, Low-Spend - Elevated Risk"
2562,1,"New, Low-Spend - Elevated Risk"
2563,3,"Loyal, Low-Spend - Lowest Risk"
2564,2,"Loyal, High-Spend - Low Risk"
2565,1,"New, Low-Spend - Elevated Risk"
2566,3,"Loyal, Low-Spend - Lowest Risk"
2567,2,"Loyal, High-Spend - Low Risk"
2568,0,"New, High-Spend - Highest Risk"
2569,1,"New, Low-Spend - Elevated Risk"
2570,0,"New, High-Spend - Highest Risk"
2571,3,"Loyal, Low-Spend - Lowest Risk"
2572,3,"Loyal, Low-Spend - Lowest Risk"
2573,3,"Loyal, Low-Spend - Lowest Risk"
2574,0,"New, High-Spend - Highest Risk"
2575,3,"Loyal, Low-Spend - Lowest Risk"
2576,1,"New, Low-Spend - Elevated Risk"
2577,2,"Loyal, High-Spend - Low Risk"
2578,0,"New, High-Spend - Highest Risk"
2579,1,"New, Low-Spend - Elevated Risk"
2580,2,"Loyal, High-Spend - Low Risk"
2581,0,"New, High-Spend - Highest Risk"
2582,1,"New, Low-Spend - Elevated Risk"
2583,2,"Loyal, High-Spend - Low Risk"
2584,2,"Loyal, High-Spend - Low Risk"
2585,0,"New, High-Spend - Highest Risk"
2586,3,"Loyal, Low-Spend - Lowest Risk"
2587,1,"New, Low-Spend - Elevated Risk"
2588,2,"Loyal, High-Spend - Low Risk"
2589,2,"Loyal, High-Spend - Low Risk"
2590,2,"Loyal, High-Spend - Low Risk"
2591,1,"New, Low-Spend - Elevated Risk"
2592,2,"Loyal, High-Spend - Low Risk"
2593,2,"Loyal, High-Spend - Low Risk"
2594,0,"New, High-Spend - Highest Risk"
2595,2,"Loyal, High-Spend - Low Risk"
2596,3,"Loyal, Low-Spend - Lowest Risk"
2597,0,"New, High-Spend - Highest Risk"
2598,3,"Loyal, Low-Spend - Lowest Risk"
2599,3,"Loyal, Low-Spend - Lowest Risk"
2600,1,"New, Low-Spend - Elevated Risk"
2601,0,"New, High-Spend - Highest Risk"
2602,2,"Loyal, High-Spend - Low Risk"
2603,2,"Loyal, High-Spend - Low Risk"
2604,0,"New, High-Spend - Highest Risk"
2605,0,"New, High-Spend - Highest Risk"
2606,0,"New, High-Spend - Highest Risk"
2607,0,"New, High-Spend - Highest Risk"
2608,0,"New, High-Spend - Highest Risk"
2609,2,"Loyal, High-Spend - Low Risk"
2610,2,"Loyal, High-Spend - Low Risk"
2611,3,"Loyal, Low-Spend - Lowest Risk"
2612,0,"New, High-Spend - Highest Risk"
2613,3,"Loyal, Low-Spend - Lowest Risk"
2614,3,"Loyal, Low-Spend - Lowest Risk"
2615,0,"New, High-Spend - Highest Risk"
2616,0,"New, High-Spend - Highest Risk"
2617,3,"Loyal, Low-Spend - Lowest Risk"
2618,0,"New, High-Spend - Highest Risk"
2619,1,"New, Low-Spend - Elevated Risk"
2620,1,"New, Low-Spend - Elevated Risk"
2621,0,"New, High-Spend - Highest Risk"
2622,2,"Loyal, High-Spend - Low Risk"
2623,2,"Loyal, High-Spend - Low Risk"
2624,1,"New, Low-Spend - Elevated Risk"
2625,0,"New, High-Spend - Highest Risk"
2626,0,"New, High-Spend - Highest Risk"
2627,0,"New, High-Spend - Highest Risk"
2628,3,"Loyal, Low-Spend - Lowest Risk"
2629,0,"New, High-Spend - Highest Risk"
2630,2,"Loyal, High-Spend - Low Risk"
2631,0,"New, High-Spend - Highest Risk"
2632,0,"New, High-Spend - Highest Risk"
2633,0,"New, High-Spend - Highest Risk"
2634,0,"New, High-Spend - Highest Risk"
2635,0,"New, High-Spend - Highest Risk"
2636,1,"New, Low-Spend - Elevated Risk"
2637,2,"Loyal, High-Spend - Low Risk"
2638,3,"Loyal, Low-Spend - Lowest Risk"
2639,2,"Loyal, High-Spend - Low Risk"
2640,1,"New, Low-Spend - Elevated Risk"
2641,1,"New, Low-Spend - Elevated Risk"
2642,1,"New, Low-Spend - Elevated Risk"
2643,0,"New, High-Spend - Highest Risk"
2644,2,"Loyal, High-Spend - Low Risk"
2645,1,"New, Low-Spend - Elevated Risk"
2646,0,"New, High-Spend - Highest Risk"
2647,2,"Loyal, High-Spend - Low Risk"
2648,1,"New, Low-Spend - Elevated Risk"
2649,2,"Loyal, High-Spend - Low Risk"
2650,3,"Loyal, Low-Spend - Lowest Risk"
2651,3,"Loyal, Low-Spend - Lowest Risk"
2652,2,"Loyal, High-Spend - Low Risk"
2653,1,"New, Low-Spend - Elevated Risk"
2654,1,"New, Low-Spend - Elevated Risk"
2655,2,"Loyal, High-Spend - Low Risk"
2656,0,"New, High-Spend - Highest Risk"
2657,2,"Loyal, High-Spend - Low Risk"
2658,2,"Loyal, High-Spend - Low Risk"
2659,0,"New, High-Spend - Highest Risk"
2660,2,"Loyal, High-Spend - Low Risk"
2661,0,"New, High-Spend - Highest Risk"
2662,2,"Loyal, High-Spend - Low Risk"
2663,1,"New, Low-Spend - Elevated Risk"
2664,1,"New, Low-Spend - Elevated Risk"
2665,3,"Loyal, Low-Spend - Lowest Risk"
2666,2,"Loyal, High-Spend - Low Risk"
2667,2,"Loyal, High-Spend - Low Risk"
2668,2,"Loyal, High-Spend - Low Risk"
2669,2,"Loyal, High-Spend - Low Risk"
2670,3,"Loyal, Low-Spend - Lowest Risk"
2671,2,"Loyal, High-Spend - Low Risk"
2672,1,"New, Low-Spend - Elevated Risk"
2673,0,"New, High-Spend - Highest Risk"
2674,3,"Loyal, Low-Spend - Lowest Risk"
2675,3,"Loyal, Low-Spend - Lowest Risk"
2676,0,"New, High-Spend - Highest Risk"
2677,3,"Loyal, Low-Spend - Lowest Risk"
2678,1,"New, Low-Spend - Elevated Risk"
2679,2,"Loyal, High-Spend - Low Risk"
2680,1,"New, Low-Spend - Elevated Risk"
2681,2,"Loyal, High-Spend - Low Risk"
2682,0,"New, High-Spend - Highest Risk"
2683,3,"Loyal, Low-Spend - Lowest Risk"
2684,2,"Loyal, High-Spend - Low Risk"
2685,2,"Loyal, High-Spend - Low Risk"
2686,1,"New, Low-Spend - Elevated Risk"
2687,2,"Loyal, High-Spend - Low Risk"
2688,1,"New, Low-Spend - Elevated Risk"
2689,1,"New, Low-Spend - Elevated Risk"
2690,2,"Loyal, High-Spend - Low Risk"
2691,0,"New, High-Spend - Highest Risk"
2692,0,"New, High-Spend - Highest Risk"
2693,0,"New, High-Spend - Highest Risk"
2694,3,"Loyal, Low-Spend - Lowest Risk"
2695,1,"New, Low-Spend - Elevated Risk"
2696,2,"Loyal, High-Spend - Low Risk"
2697,2,"Loyal, High-Spend - Low Risk"
2698,3,"Loyal, Low-Spend - Lowest Risk"
2699,0,"New, High-Spend - Highest Risk"
2700,3,"Loyal, Low-Spend - Lowest Risk"
2701,1,"New, Low-Spend - Elevated Risk"
2702,1,"New, Low-Spend - Elevated Risk"
2703,2,"Loyal, High-Spend - Low Risk"
2704,2,"Loyal, High-Spend - Low Risk"
2705,0,"New, High-Spend - Highest Risk"
2706,2,"Loyal, High-Spend - Low Risk"
2707,2,"Loyal, High-Spend - Low Risk"
2708,0,"New, High-Spend - Highest Risk"
2709,3,"Loyal, Low-Spend - Lowest Risk"
2710,1,"New, Low-Spend - Elevated Risk"
2711,2,"Loyal, High-Spend - Low Risk"
2712,3,"Loyal, Low-Spend - Lowest Risk"
2713,0,"New, High-Spend - Highest Risk"
2714,1,"New, Low-Spend - Elevated Risk"
2715,1,"New, Low-Spend - Elevated Risk"
2716,0,"New, High-Spend - Highest Risk"
2717,1,"New, Low-Spend - Elevated Risk"
2718,3,"Loyal, Low-Spend - Lowest Risk"
2719,0,"New, High-Spend - Highest Risk"
2720,0,"New, High-Spend - Highest Risk"
2721,2,"Loyal, High-Spend - Low Risk"
2722,1,"New, Low-Spend - Elevated Risk"
2723,1,"New, Low-Spend - Elevated Risk"
2724,3,"Loyal, Low-Spend - Lowest Risk"
2725,2,"Loyal, High-Spend - Low Risk"
2726,1,"New, Low-Spend - Elevated Risk"
2727,3,"Loyal, Low-Spend - Lowest Risk"
2728,1,"New, Low-Spend - Elevated Risk"
2729,2,"Loyal, High-Spend - Low Risk"
2730,3,"Loyal, Low-Spend - Lowest Risk"
2731,3,"Loyal, Low-Spend - Lowest Risk"
2732,1,"New, Low-Spend - Elevated Risk"
2733,2,"Loyal, High-Spend - Low Risk"
2734,0,"New, High-Spend - Highest Risk"
2735,0,"New, High-Spend - Highest Risk"
2736,2,"Loyal, High-Spend - Low Risk"
2737,1,"New, Low-Spend - Elevated Risk"
2738,2,"Loyal, High-Spend - Low Risk"
2739,0,"New, High-Spend - Highest Risk"
2740,0,"New, High-Spend - Highest Risk"
2741,3,"Loyal, Low-Spend - Lowest Risk"
2742,3,"Loyal, Low-Spend - Lowest Risk"
2743,0,"New, High-Spend - Highest Risk"
2744,0,"New, High-Spend - Highest Risk"
2745,1,"New, Low-Spend - Elevated Risk"
2746,0,"New, High-Spend - Highest Risk"
2747,1,"New, Low-Spend - Elevated Risk"
2748,0,"New, High-Spend - Highest Risk"
2749,1,"New, Low-Spend - Elevated Risk"
2750,3,"Loyal, Low-Spend - Lowest Risk"
2751,3,"Loyal, Low-Spend - Lowest Risk"
2752,2,"Loyal, High-Spend - Low Risk"
2753,2,"Loyal, High-Spend - Low Risk"
2754,0,"New, High-Spend - Highest Risk"
2755,0,"New, High-Spend - Highest Risk"
2756,1,"New, Low-Spend - Elevated Risk"
2757,3,"Loyal, Low-Spend - Lowest Risk"
2758,0,"New, High-Spend - Highest Risk"
2759,2,"Loyal, High-Spend - Low Risk"
2760,2,"Loyal, High-Spend - Low Risk"
2761,0,"New, High-Spend - Highest Risk"
2762,0,"New, High-Spend - Highest Risk"
2763,2,"Loyal, High-Spend - Low Risk"
2764,1,"New, Low-Spend - Elevated Risk"
2765,0,"New, High-Spend - Highest Risk"
2766,2,"Loyal, High-Spend - Low Risk"
2767,2,"Loyal, High-Spend - Low Risk"
2768,3,"Loyal, Low-Spend - Lowest Risk"
2769,2,"Loyal, High-Spend - Low Risk"
2770,3,"Loyal, Low-Spend - Lowest Risk"
2771,1,"New, Low-Spend - Elevated Risk"
2772,0,"New, High-Spend - Highest Risk"
2773,0,"New, High-Spend - Highest Risk"
2774,0,"New, High-Spend - Highest Risk"
2775,0,"New, High-Spend - Highest Risk"
2776,0,"New, High-Spend - Highest Risk"
2777,1,"New, Low-Spend - Elevated Risk"
2778,0,"New, High-Spend - Highest Risk"
2779,0,"New, High-Spend - Highest Risk"
2780,2,"Loyal, High-Spend - Low Risk"
2781,0,"New, High-Spend - Highest Risk"
2782,0,"New, High-Spend - Highest Risk"
2783,1,"New, Low-Spend - Elevated Risk"
2784,0,"New, High-Spend - Highest Risk"
2785,2,"Loyal, High-Spend - Low Risk"
2786,3,"Loyal, Low-Spend - Lowest Risk"
2787,0,"New, High-Spend - Highest Risk"
2788,1,"New, Low-Spend - Elevated Risk"
2789,1,"New, Low-Spend - Elevated Risk"
2790,2,"Loyal, High-Spend - Low Risk"
2791,1,"New, Low-Spend - Elevated Risk"
2792,0,"New, High-Spend - Highest Risk"
2793,0,"New, High-Spend - Highest Risk"
2794,0,"New, High-Spend - Highest Risk"
2795,3,"Loyal, Low-Spend - Lowest Risk"
2796,3,"Loyal, Low-Spend - Lowest Risk"
2797,2,"Loyal, High-Spend - Low Risk"
2798,0,"New, High-Spend - Highest Risk"
2799,0,"New, High-Spend - Highest Risk"
2800,3,"Loyal, Low-Spend - Lowest Risk"
2801,1,"New, Low-Spend - Elevated Risk"
2802,3,"Loyal, Low-Spend - Lowest Risk"
2803,2,"Loyal, High-Spend - Low Risk"
2804,2,"Loyal, High-Spend - Low Risk"
2805,0,"New, High-Spend - Highest Risk"
2806,2,"Loyal, High-Spend - Low Risk"
2807,2,"Loyal, High-Spend - Low Risk"
2808,3,"Loyal, Low-Spend - Lowest Risk"
2809,1,"New, Low-Spend - Elevated Risk"
2810,0,"New, High-Spend - Highest Risk"
2811,0,"New, High-Spend - Highest Risk"
2812,0,"New, High-Spend - Highest Risk"
2813,2,"Loyal, High-Spend - Low Risk"
2814,3,"Loyal, Low-Spend - Lowest Risk"
2815,3,"Loyal, Low-Spend - Lowest Risk"
2816,1,"New, Low-Spend - Elevated Risk"
2817,2,"Loyal, High-Spend - Low Risk"
2818,0,"New, High-Spend - Highest Risk"
2819,1,"New, Low-Spend - Elevated Risk"
2820,0,"New, High-Spend - Highest Risk"
2821,1,"New, Low-Spend - Elevated Risk"
2822,2,"Loyal, High-Spend - Low Risk"
2823,0,"New, High-Spend - Highest Risk"
2824,2,"Loyal, High-Spend - Low Risk"
2825,2,"Loyal, High-Spend - Low Risk"
2826,2,"Loyal, High-Spend - Low Risk"
2827,3,"Loyal, Low-Spend - Lowest Risk"
2828,3,"Loyal, Low-Spend - Lowest Risk"
2829,0,"New, High-Spend - Highest Risk"
2830,2,"Loyal, High-Spend - Low Risk"
2831,0,"New, High-Spend - Highest Risk"
2832,2,"Loyal, High-Spend - Low Risk"
2833,2,"Loyal, High-Spend - Low Risk"
2834,2,"Loyal, High-Spend - Low Risk"
2835,0,"New, High-Spend - Highest Risk"
2836,0,"New, High-Spend - Highest Risk"
2837,3,"Loyal, Low-Spend - Lowest Risk"
2838,3,"Loyal, Low-Spend - Lowest Risk"
2839,2,"Loyal, High-Spend - Low Risk"
2840,1,"New, Low-Spend - Elevated Risk"
2841,1,"New, Low-Spend - Elevated Risk"
2842,0,"New, High-Spend - Highest Risk"
2843,0,"New, High-Spend - Highest Risk"
2844,3,"Loyal, Low-Spend - Lowest Risk"
2845,0,"New, High-Spend - Highest Risk"
2846,2,"Loyal, High-Spend - Low Risk"
2847,0,"New, High-Spend - Highest Risk"
2848,1,"New, Low-Spend - Elevated Risk"
2849,0,"New, High-Spend - Highest Risk"
2850,1,"New, Low-Spend - Elevated Risk"
2851,2,"Loyal, High-Spend - Low Risk"
2852,0,"New, High-Spend - Highest Risk"
2853,2,"Loyal, High-Spend - Low Risk"
2854,2,"Loyal, High-Spend - Low Risk"
2855,2,"Loyal, High-Spend - Low Risk"
2856,0,"New, High-Spend - Highest Risk"
2857,2,"Loyal, High-Spend - Low Risk"
2858,2,"Loyal, High-Spend - Low Risk"
2859,2,"Loyal, High-Spend - Low Risk"
2860,2,"Loyal, High-Spend - Low Risk"
2861,0,"New, High-Spend - Highest Risk"
2862,2,"Loyal, High-Spend - Low Risk"
2863,2,"Loyal, High-Spend - Low Risk"
2864,2,"Loyal, High-Spend - Low Risk"
2865,0,"New, High-Spend - Highest Risk"
2866,0,"New, High-Spend - Highest Risk"
2867,2,"Loyal, High-Spend - Low Risk"
2868,3,"Loyal, Low-Spend - Lowest Risk"
2869,0,"New, High-Spend - Highest Risk"
2870,3,"Loyal, Low-Spend - Lowest Risk"
2871,3,"Loyal, Low-Spend - Lowest Risk"
2872,0,"New, High-Spend - Highest Risk"
2873,2,"Loyal, High-Spend - Low Risk"
2874,0,"New, High-Spend - Highest Risk"
2875,0,"New, High-Spend - Highest Risk"
2876,1,"New, Low-Spend - Elevated Risk"
2877,1,"New, Low-Spend - Elevated Risk"
2878,1,"New, Low-Spend - Elevated Risk"
2879,1,"New, Low-Spend - Elevated Risk"
2880,3,"Loyal, Low-Spend - Lowest Risk"
2881,2,"Loyal, High-Spend - Low Risk"
2882,2,"Loyal, High-Spend - Low Risk"
2883,1,"New, Low-Spend - Elevated Risk"
2884,2,"Loyal, High-Spend - Low Risk"
2885,1,"New, Low-Spend - Elevated Risk"
2886,0,"New, High-Spend - Highest Risk"
2887,3,"Loyal, Low-Spend - Lowest Risk"
2888,2,"Loyal, High-Spend - Low Risk"
2889,0,"New, High-Spend - Highest Risk"
2890,3,"Loyal, Low-Spend - Lowest Risk"
2891,2,"Loyal, High-Spend - Low Risk"
2892,2,"Loyal, High-Spend - Low Risk"
2893,2,"Loyal, High-Spend - Low Risk"
2894,1,"New, Low-Spend - Elevated Risk"
2895,0,"New, High-Spend - Highest Risk"
2896,0,"New, High-Spend - Highest Risk"
2897,0,"New, High-Spend - Highest Risk"
2898,0,"New, High-Spend - Highest Risk"
2899,3,"Loyal, Low-Spend - Lowest Risk"
2900,3,"Loyal, Low-Spend - Lowest Risk"
2901,1,"New, Low-Spend - Elevated Risk"
2902,2,"Loyal, High-Spend - Low Risk"
2903,3,"Loyal, Low-Spend - Lowest Risk"
2904,0,"New, High-Spend - Highest Risk"
2905,1,"New, Low-Spend - Elevated Risk"
2906,1,"New, Low-Spend - Elevated Risk"
2907,1,"New, Low-Spend - Elevated Risk"
2908,0,"New, High-Spend - Highest Risk"
2909,0,"New, High-Spend - Highest Risk"
2910,2,"Loyal, High-Spend - Low Risk"
2911,2,"Loyal, High-Spend - Low Risk"
2912,2,"Loyal, High-Spend - Low Risk"
2913,0,"New, High-Spend - Highest Risk"
2914,3,"Loyal, Low-Spend - Lowest Risk"
2915,1,"New, Low-Spend - Elevated Risk"
2916,0,"New, High-Spend - Highest Risk"
2917,2,"Loyal, High-Spend - Low Risk"
2918,0,"New, High-Spend - Highest Risk"
2919,0,"New, High-Spend - Highest Risk"
2920,3,"Loyal, Low-Spend - Lowest Risk"
2921,1,"New, Low-Spend - Elevated Risk"
2922,0,"New, High-Spend - Highest Risk"
2923,1,"New, Low-Spend - Elevated Risk"
2924,0,"New, High-Spend - Highest Risk"
2925,2,"Loyal, High-Spend - Low Risk"
2926,0,"New, High-Spend - Highest Risk"
2927,0,"New, High-Spend - Highest Risk"
2928,1,"New, Low-Spend - Elevated Risk"
2929,3,"Loyal, Low-Spend - Lowest Risk"
2930,2,"Loyal, High-Spend - Low Risk"
2931,0,"New, High-Spend - Highest Risk"
2932,0,"New, High-Spend - Highest Risk"
2933,0,"New, High-Spend - Highest Risk"
2934,2,"Loyal, High-Spend - Low Risk"
2935,3,"Loyal, Low-Spend - Lowest Risk"
2936,3,"Loyal, Low-Spend - Lowest Risk"
2937,1,"New, Low-Spend - Elevated Risk"
2938,2,"Loyal, High-Spend - Low Risk"
2939,0,"New, High-Spend - Highest Risk"
2940,1,"New, Low-Spend - Elevated Risk"
2941,0,"New, High-Spend - Highest Risk"
2942,3,"Loyal, Low-Spend - Lowest Risk"
2943,0,"New, High-Spend - Highest Risk"
2944,1,"New, Low-Spend - Elevated Risk"
2945,1,"New, Low-Spend - Elevated Risk"
2946,0,"New, High-Spend - Highest Risk"
2947,0,"New, High-Spend - Highest Risk"
2948,2,"Loyal, High-Spend - Low Risk"
2949,1,"New, Low-Spend - Elevated Risk"
2950,0,"New, High-Spend - Highest Risk"
2951,1,"New, Low-Spend - Elevated Risk"
2952,1,"New, Low-Spend - Elevated Risk"
2953,0,"New, High-Spend - Highest Risk"
2954,0,"New, High-Spend - Highest Risk"
2955,0,"New, High-Spend - Highest Risk"
2956,2,"Loyal, High-Spend - Low Risk"
2957,1,"New, Low-Spend - Elevated Risk"
2958,0,"New, High-Spend - Highest Risk"
2959,1,"New, Low-Spend - Elevated Risk"
2960,0,"New, High-Spend - Highest Risk"
2961,0,"New, High-Spend - Highest Risk"
2962,3,"Loyal, Low-Spend - Lowest Risk"
2963,1,"New, Low-Spend - Elevated Risk"
2964,1,"New, Low-Spend - Elevated Risk"
2965,2,"Loyal, High-Spend - Low Risk"
2966,3,"Loyal, Low-Spend - Lowest Risk"
2967,0,"New, High-Spend - Highest Risk"
2968,0,"New, High-Spend - Highest Risk"
2969,0,"New, High-Spend - Highest Risk"
2970,2,"Loyal, High-Spend - Low Risk"
2971,1,"New, Low-Spend - Elevated Risk"
2972,0,"New, High-Spend - Highest Risk"
2973,2,"Loyal, High-Spend - Low Risk"
2974,3,"Loyal, Low-Spend - Lowest Risk"
2975,0,"New, High-Spend - Highest Risk"
2976,0,"New, High-Spend - Highest Risk"
2977,0,"New, High-Spend - Highest Risk"
2978,1,"New, Low-Spend - Elevated Risk"
2979,2,"Loyal, High-Spend - Low Risk"
2980,2,"Loyal, High-Spend - Low Risk"
2981,1,"New, Low-Spend - Elevated Risk"
2982,2,"Loyal, High-Spend - Low Risk"
2983,0,"New, High-Spend - Highest Risk"
2984,3,"Loyal, Low-Spend - Lowest Risk"
2985,2,"Loyal, High-Spend - Low Risk"
2986,2,"Loyal, High-Spend - Low Risk"
2987,2,"Loyal, High-Spend - Low Risk"
2988,1,"New, Low-Spend - Elevated Risk"
2989,2,"Loyal, High-Spend - Low Risk"
2990,1,"New, Low-Spend - Elevated Risk"
2991,3,"Loyal, Low-Spend - Lowest Risk"
2992,0,"New, High-Spend - Highest Risk"
2993,0,"New, High-Spend - Highest Risk"
2994,0,"New, High-Spend - Highest Risk"
2995,1,"New, Low-Spend - Elevated Risk"
2996,1,"New, Low-Spend - Elevated Risk"
2997,0,"New, High-Spend - Highest Risk"
2998,0,"New, High-Spend - Highest Risk"
2999,2,"Loyal, High-Spend - Low Risk"
3000,3,"Loyal, Low-Spend - Lowest Risk"
3001,3,"Loyal, Low-Spend - Lowest Risk"
3002,0,"New, High-Spend - Highest Risk"
3003,0,"New, High-Spend - Highest Risk"
3004,1,"New, Low-Spend - Elevated Risk"
3005,0,"New, High-Spend - Highest Risk"
3006,0,"New, High-Spend - Highest Risk"
3007,3,"Loyal, Low-Spend - Lowest Risk"
3008,2,"Loyal, High-Spend - Low Risk"
3009,2,"Loyal, High-Spend - Low Risk"
3010,2,"Loyal, High-Spend - Low Risk"
3011,0,"New, High-Spend - Highest Risk"
3012,3,"Loyal, Low-Spend - Lowest Risk"
3013,1,"New, Low-Spend - Elevated Risk"
3014,3,"Loyal, Low-Spend - Lowest Risk"
3015,0,"New, High-Spend - Highest Risk"
3016,3,"Loyal, Low-Spend - Lowest Risk"
3017,1,"New, Low-Spend - Elevated Risk"
3018,2,"Loyal, High-Spend - Low Risk"
3019,3,"Loyal, Low-Spend - Lowest Risk"
3020,0,"New, High-Spend - Highest Risk"
3021,0,"New, High-Spend - Highest Risk"
3022,0,"New, High-Spend - Highest Risk"
3023,2,"Loyal, High-Spend - Low Risk"
3024,1,"New, Low-Spend - Elevated Risk"
3025,0,"New, High-Spend - Highest Risk"
3026,2,"Loyal, High-Spend - Low Risk"
3027,0,"New, High-Spend - Highest Risk"
3028,1,"New, Low-Spend - Elevated Risk"
3029,3,"Loyal, Low-Spend - Lowest Risk"
3030,3,"Loyal, Low-Spend - Lowest Risk"
3031,3,"Loyal, Low-Spend - Lowest Risk"
3032,2,"Loyal, High-Spend - Low Risk"
3033,3,"Loyal, Low-Spend - Lowest Risk"
3034,3,"Loyal, Low-Spend - Lowest Risk"
3035,3,"Loyal, Low-Spend - Lowest Risk"
3036,0,"New, High-Spend - Highest Risk"
3037,0,"New, High-Spend - Highest Risk"
3038,0,"New, High-Spend - Highest Risk"
3039,1,"New, Low-Spend - Elevated Risk"
3040,2,"Loyal, High-Spend - Low Risk"
3041,2,"Loyal, High-Spend - Low Risk"
3042,2,"Loyal, High-Spend - Low Risk"
3043,0,"New, High-Spend - Highest Risk"
3044,0,"New, High-Spend - Highest Risk"
3045,0,"New, High-Spend - Highest Risk"
3046,1,"New, Low-Spend - Elevated Risk"
3047,2,"Loyal, High-Spend - Low Risk"
3048,1,"New, Low-Spend - Elevated Risk"
3049,3,"Loyal, Low-Spend - Lowest Risk"
3050,3,"Loyal, Low-Spend - Lowest Risk"
3051,2,"Loyal, High-Spend - Low Risk"
3052,2,"Loyal, High-Spend - Low Risk"
3053,1,"New, Low-Spend - Elevated Risk"
3054,2,"Loyal, High-Spend - Low Risk"
3055,0,"New, High-Spend - Highest Risk"
3056,0,"New, High-Spend - Highest Risk"
3057,1,"New, Low-Spend - Elevated Risk"
3058,2,"Loyal, High-Spend - Low Risk"
3059,2,"Loyal, High-Spend - Low Risk"
3060,0,"New, High-Spend - Highest Risk"
3061,0,"New, High-Spend - Highest Risk"
3062,3,"Loyal, Low-Spend - Lowest Risk"
3063,0,"New, High-Spend - Highest Risk"
3064,1,"New, Low-Spend - Elevated Risk"
3065,1,"New, Low-Spend - Elevated Risk"
3066,2,"Loyal, High-Spend - Low Risk"
3067,2,"Loyal, High-Spend - Low Risk"
3068,2,"Loyal, High-Spend - Low Risk"
3069,1,"New, Low-Spend - Elevated Risk"
3070,2,"Loyal, High-Spend - Low Risk"
3071,3,"Loyal, Low-Spend - Lowest Risk"
3072,3,"Loyal, Low-Spend - Lowest Risk"
3073,0,"New, High-Spend - Highest Risk"
3074,3,"Loyal, Low-Spend - Lowest Risk"
3075,1,"New, Low-Spend - Elevated Risk"
3076,3,"Loyal, Low-Spend - Lowest Risk"
3077,2,"Loyal, High-Spend - Low Risk"
3078,3,"Loyal, Low-Spend - Lowest Risk"
3079,2,"Loyal, High-Spend - Low Risk"
3080,1,"New, Low-Spend - Elevated Risk"
3081,0,"New, High-Spend - Highest Risk"
3082,2,"Loyal, High-Spend - Low Risk"
3083,1,"New, Low-Spend - Elevated Risk"
3084,2,"Loyal, High-Spend - Low Risk"
3085,0,"New, High-Spend - Highest Risk"
3086,1,"New, Low-Spend - Elevated Risk"
3087,2,"Loyal, High-Spend - Low Risk"
3088,1,"New, Low-Spend - Elevated Risk"
3089,3,"Loyal, Low-Spend - Lowest Risk"
3090,1,"New, Low-Spend - Elevated Risk"
3091,1,"New, Low-Spend - Elevated Risk"
3092,2,"Loyal, High-Spend - Low Risk"
3093,2,"Loyal, High-Spend - Low Risk"
3094,1,"New, Low-Spend - Elevated Risk"
3095,2,"Loyal, High-Spend - Low Risk"
3096,2,"Loyal, High-Spend - Low Risk"
3097,0,"New, High-Spend - Highest Risk"
3098,1,"New, Low-Spend - Elevated Risk"
3099,1,"New, Low-Spend - Elevated Risk"
3100,2,"Loyal, High-Spend - Low Risk"
3101,0,"New, High-Spend - Highest Risk"
3102,2,"Loyal, High-Spend - Low Risk"
3103,1,"New, Low-Spend - Elevated Risk"
3104,1,"New, Low-Spend - Elevated Risk"
3105,0,"New, High-Spend - Highest Risk"
3106,0,"New, High-Spend - Highest Risk"
3107,3,"Loyal, Low-Spend - Lowest Risk"
3108,0,"New, High-Spend - Highest Risk"
3109,3,"Loyal, Low-Spend - Lowest Risk"
3110,1,"New, Low-Spend - Elevated Risk"
3111,2,"Loyal, High-Spend - Low Risk"
3112,0,"New, High-Spend - Highest Risk"
3113,2,"Loyal, High-Spend - Low Risk"
3114,2,"Loyal, High-Spend - Low Risk"
3115,0,"New, High-Spend - Highest Risk"
3116,3,"Loyal, Low-Spend - Lowest Risk"
3117,3,"Loyal, Low-Spend - Lowest Risk"
3118,2,"Loyal, High-Spend - Low Risk"
3119,2,"Loyal, High-Spend - Low Risk"
3120,2,"Loyal, High-Spend - Low Risk"
3121,3,"Loyal, Low-Spend - Lowest Risk"
3122,1,"New, Low-Spend - Elevated Risk"
3123,3,"Loyal, Low-Spend - Lowest Risk"
3124,2,"Loyal, High-Spend - Low Risk"
3125,1,"New, Low-Spend - Elevated Risk"
3126,2,"Loyal, High-Spend - Low Risk"
3127,2,"Loyal, High-Spend - Low Risk"
3128,1,"New, Low-Spend - Elevated Risk"
3129,2,"Loyal, High-Spend - Low Risk"
3130,2,"Loyal, High-Spend - Low Risk"
3131,2,"Loyal, High-Spend - Low Risk"
3132,0,"New, High-Spend - Highest Risk"
3133,0,"New, High-Spend - Highest Risk"
3134,0,"New, High-Spend - Highest Risk"
3135,0,"New, High-Spend - Highest Risk"
3136,2,"Loyal, High-Spend - Low Risk"
3137,2,"Loyal, High-Spend - Low Risk"
3138,0,"New, High-Spend - Highest Risk"
3139,0,"New, High-Spend - Highest Risk"
3140,0,"New, High-Spend - Highest Risk"
3141,2,"Loyal, High-Spend - Low Risk"
3142,2,"Loyal, High-Spend - Low Risk"
3143,3,"Loyal, Low-Spend - Lowest Risk"
3144,1,"New, Low-Spend - Elevated Risk"
3145,1,"New, Low-Spend - Elevated Risk"
3146,1,"New, Low-Spend - Elevated Risk"
3147,3,"Loyal, Low-Spend - Lowest Risk"
3148,0,"New, High-Spend - Highest Risk"
3149,2,"Loyal, High-Spend - Low Risk"
3150,1,"New, Low-Spend - Elevated Risk"
3151,0,"New, High-Spend - Highest Risk"
3152,0,"New, High-Spend - Highest Risk"
3153,2,"Loyal, High-Spend - Low Risk"
3154,2,"Loyal, High-Spend - Low Risk"
3155,0,"New, High-Spend - Highest Risk"
3156,3,"Loyal, Low-Spend - Lowest Risk"
3157,0,"New, High-Spend - Highest Risk"
3158,0,"New, High-Spend - Highest Risk"
3159,3,"Loyal, Low-Spend - Lowest Risk"
3160,0,"New, High-Spend - Highest Risk"
3161,2,"Loyal, High-Spend - Low Risk"
3162,1,"New, Low-Spend - Elevated Risk"
3163,1,"New, Low-Spend - Elevated Risk"
3164,3,"Loyal, Low-Spend - Lowest Risk"
3165,0,"New, High-Spend - Highest Risk"
3166,0,"New, High-Spend - Highest Risk"
3167,0,"New, High-Spend - Highest Risk"
3168,1,"New, Low-Spend - Elevated Risk"
3169,0,"New, High-Spend - Highest Risk"
3170,1,"New, Low-Spend - Elevated Risk"
3171,0,"New, High-Spend - Highest Risk"
3172,2,"Loyal, High-Spend - Low Risk"
3173,1,"New, Low-Spend - Elevated Risk"
3174,0,"New, High-Spend - Highest Risk"
3175,0,"New, High-Spend - Highest Risk"
3176,1,"New, Low-Spend - Elevated Risk"
3177,0,"New, High-Spend - Highest Risk"
3178,0,"New, High-Spend - Highest Risk"
3179,0,"New, High-Spend - Highest Risk"
3180,0,"New, High-Spend - Highest Risk"
3181,2,"Loyal, High-Spend - Low Risk"
3182,1,"New, Low-Spend - Elevated Risk"
3183,0,"New, High-Spend - Highest Risk"
3184,3,"Loyal, Low-Spend - Lowest Risk"
3185,1,"New, Low-Spend - Elevated Risk"
3186,0,"New, High-Spend - Highest Risk"
3187,3,"Loyal, Low-Spend - Lowest Risk"
3188,2,"Loyal, High-Spend - Low Risk"
3189,1,"New, Low-Spend - Elevated Risk"
3190,2,"Loyal, High-Spend - Low Risk"
3191,3,"Loyal, Low-Spend - Lowest Risk"
3192,1,"New, Low-Spend - Elevated Risk"
3193,2,"Loyal, High-Spend - Low Risk"
3194,3,"Loyal, Low-Spend - Lowest Risk"
3195,2,"Loyal, High-Spend - Low Risk"
3196,1,"New, Low-Spend - Elevated Risk"
3197,0,"New, High-Spend - Highest Risk"
3198,0,"New, High-Spend - Highest Risk"
3199,2,"Loyal, High-Spend - Low Risk"
3200,1,"New, Low-Spend - Elevated Risk"
3201,3,"Loyal, Low-Spend - Lowest Risk"
3202,0,"New, High-Spend - Highest Risk"
3203,1,"New, Low-Spend - Elevated Risk"
3204,1,"New, Low-Spend - Elevated Risk"
3205,2,"Loyal, High-Spend - Low Risk"
3206,2,"Loyal, High-Spend - Low Risk"
3207,2,"Loyal, High-Spend - Low Risk"
3208,1,"New, Low-Spend - Elevated Risk"
3209,2,"Loyal, High-Spend - Low Risk"
3210,2,"Loyal, High-Spend - Low Risk"
3211,2,"Loyal, High-Spend - Low Risk"
3212,2,"Loyal, High-Spend - Low Risk"
3213,3,"Loyal, Low-Spend - Lowest Risk"
3214,2,"Loyal, High-Spend - Low Risk"
3215,0,"New, High-Spend - Highest Risk"
3216,0,"New, High-Spend - Highest Risk"
3217,3,"Loyal, Low-Spend - Lowest Risk"
3218,1,"New, Low-Spend - Elevated Risk"
3219,3,"Loyal, Low-Spend - Lowest Risk"
3220,2,"Loyal, High-Spend - Low Risk"
3221,2,"Loyal, High-Spend - Low Risk"
3222,2,"Loyal, High-Spend - Low Risk"
3223,1,"New, Low-Spend - Elevated Risk"
3224,0,"New, High-Spend - Highest Risk"
3225,1,"New, Low-Spend - Elevated Risk"
3226,2,"Loyal, High-Spend - Low Risk"
3227,1,"New, Low-Spend - Elevated Risk"
3228,0,"New, High-Spend - Highest Risk"
3229,2,"Loyal, High-Spend - Low Risk"
3230,0,"New, High-Spend - Highest Risk"
3231,2,"Loyal, High-Spend - Low Risk"
3232,1,"New, Low-Spend - Elevated Risk"
3233,3,"Loyal, Low-Spend - Lowest Risk"
3234,2,"Loyal, High-Spend - Low Risk"
3235,0,"New, High-Spend - Highest Risk"
3236,0,"New, High-Spend - Highest Risk"
3237,2,"Loyal, High-Spend - Low Risk"
3238,3,"Loyal, Low-Spend - Lowest Risk"
3239,2,"Loyal, High-Spend - Low Risk"
3240,2,"Loyal, High-Spend - Low Risk"
3241,2,"Loyal, High-Spend - Low Risk"
3242,0,"New, High-Spend - Highest Risk"
3243,2,"Loyal, High-Spend - Low Risk"
3244,2,"Loyal, High-Spend - Low Risk"
3245,2,"Loyal, High-Spend - Low Risk"
3246,3,"Loyal, Low-Spend - Lowest Risk"
3247,0,"New, High-Spend - Highest Risk"
3248,2,"Loyal, High-Spend - Low Risk"
3249,2,"Loyal, High-Spend - Low Risk"
3250,0,"New, High-Spend - Highest Risk"
3251,3,"Loyal, Low-Spend - Lowest Risk"
3252,2,"Loyal, High-Spend - Low Risk"
3253,3,"Loyal, Low-Spend - Lowest Risk"
3254,2,"Loyal, High-Spend - Low Risk"
3255,1,"New, Low-Spend - Elevated Risk"
3256,1,"New, Low-Spend - Elevated Risk"
3257,0,"New, High-Spend - Highest Risk"
3258,2,"Loyal, High-Spend - Low Risk"
3259,1,"New, Low-Spend - Elevated Risk"
3260,2,"Loyal, High-Spend - Low Risk"
3261,0,"New, High-Spend - Highest Risk"
3262,2,"Loyal, High-Spend - Low Risk"
3263,1,"New, Low-Spend - Elevated Risk"
3264,0,"New, High-Spend - Highest Risk"
3265,1,"New, Low-Spend - Elevated Risk"
3266,2,"Loyal, High-Spend - Low Risk"
3267,3,"Loyal, Low-Spend - Lowest Risk"
3268,2,"Loyal, High-Spend - Low Risk"
3269,3,"Loyal, Low-Spend - Lowest Risk"
3270,2,"Loyal, High-Spend - Low Risk"
3271,3,"Loyal, Low-Spend - Lowest Risk"
3272,3,"Loyal, Low-Spend - Lowest Risk"
3273,1,"New, Low-Spend - Elevated Risk"
3274,0,"New, High-Spend - Highest Risk"
3275,2,"Loyal, High-Spend - Low Risk"
3276,1,"New, Low-Spend - Elevated Risk"
3277,1,"New, Low-Spend - Elevated Risk"
3278,0,"New, High-Spend - Highest Risk"
3279,1,"New, Low-Spend - Elevated Risk"
3280,0,"New, High-Spend - Highest Risk"
3281,2,"Loyal, High-Spend - Low Risk"
3282,1,"New, Low-Spend - Elevated Risk"
3283,1,"New, Low-Spend - Elevated Risk"
3284,2,"Loyal, High-Spend - Low Risk"
3285,0,"New, High-Spend - Highest Risk"
3286,2,"Loyal, High-Spend - Low Risk"
3287,1,"New, Low-Spend - Elevated Risk"
3288,0,"New, High-Spend - Highest Risk"
3289,3,"Loyal, Low-Spend - Lowest Risk"
3290,1,"New, Low-Spend - Elevated Risk"
3291,0,"New, High-Spend - Highest Risk"
3292,0,"New, High-Spend - Highest Risk"
3293,2,"Loyal, High-Spend - Low Risk"
3294,0,"New, High-Spend - Highest Risk"
3295,1,"New, Low-Spend - Elevated Risk"
3296,2,"Loyal, High-Spend - Low Risk"
3297,3,"Loyal, Low-Spend - Lowest Risk"
3298,1,"New, Low-Spend - Elevated Risk"
3299,1,"New, Low-Spend - Elevated Risk"
3300,2,"Loyal, High-Spend - Low Risk"
3301,3,"Loyal, Low-Spend - Lowest Risk"
3302,2,"Loyal, High-Spend - Low Risk"
3303,0,"New, High-Spend - Highest Risk"
3304,2,"Loyal, High-Spend - Low Risk"
3305,0,"New, High-Spend - Highest Risk"
3306,1,"New, Low-Spend - Elevated Risk"
3307,2,"Loyal, High-Spend - Low Risk"
3308,0,"New, High-Spend - Highest Risk"
3309,2,"Loyal, High-Spend - Low Risk"
3310,1,"New, Low-Spend - Elevated Risk"
3311,1,"New, Low-Spend - Elevated Risk"
3312,0,"New, High-Spend - Highest Risk"
3313,2,"Loyal, High-Spend - Low Risk"
3314,0,"New, High-Spend - Highest Risk"
3315,2,"Loyal, High-Spend - Low Risk"
3316,3,"Loyal, Low-Spend - Lowest Risk"
3317,0,"New, High-Spend - Highest Risk"
3318,0,"New, High-Spend - Highest Risk"
3319,2,"Loyal, High-Spend - Low Risk"
3320,0,"New, High-Spend - Highest Risk"
3321,0,"New, High-Spend - Highest Risk"
3322,1,"New, Low-Spend - Elevated Risk"
3323,2,"Loyal, High-Spend - Low Risk"
3324,3,"Loyal, Low-Spend - Lowest Risk"
3325,3,"Loyal, Low-Spend - Lowest Risk"
3326,0,"New, High-Spend - Highest Risk"
3327,1,"New, Low-Spend - Elevated Risk"
3328,1,"New, Low-Spend - Elevated Risk"
3329,0,"New, High-Spend - Highest Risk"
3330,2,"Loyal, High-Spend - Low Risk"
3331,1,"New, Low-Spend - Elevated Risk"
3332,2,"Loyal, High-Spend - Low Risk"
3333,2,"Loyal, High-Spend - Low Risk"
3334,0,"New, High-Spend - Highest Risk"
3335,0,"New, High-Spend - Highest Risk"
3336,1,"New, Low-Spend - Elevated Risk"
3337,2,"Loyal, High-Spend - Low Risk"
3338,1,"New, Low-Spend - Elevated Risk"
3339,0,"New, High-Spend - Highest Risk"
3340,0,"New, High-Spend - Highest Risk"
3341,2,"Loyal, High-Spend - Low Risk"
3342,2,"Loyal, High-Spend - Low Risk"
3343,2,"Loyal, High-Spend - Low Risk"
3344,0,"New, High-Spend - Highest Risk"
3345,2,"Loyal, High-Spend - Low Risk"
3346,3,"Loyal, Low-Spend - Lowest Risk"
3347,0,"New, High-Spend - Highest Risk"
3348,2,"Loyal, High-Spend - Low Risk"
3349,0,"New, High-Spend - Highest Risk"
3350,0,"New, High-Spend - Highest Risk"
3351,2,"Loyal, High-Spend - Low Risk"
3352,1,"New, Low-Spend - Elevated Risk"
3353,1,"New, Low-Spend - Elevated Risk"
3354,3,"Loyal, Low-Spend - Lowest Risk"
3355,2,"Loyal, High-Spend - Low Risk"
3356,0,"New, High-Spend - Highest Risk"
3357,0,"New, High-Spend - Highest Risk"
3358,1,"New, Low-Spend - Elevated Risk"
3359,0,"New, High-Spend - Highest Risk"
3360,3,"Loyal, Low-Spend - Lowest Risk"
3361,0,"New, High-Spend - Highest Risk"
3362,3,"Loyal, Low-Spend - Lowest Risk"
3363,0,"New, High-Spend - Highest Risk"
3364,2,"Loyal, High-Spend - Low Risk"
3365,3,"Loyal, Low-Spend - Lowest Risk"
3366,0,"New, High-Spend - Highest Risk"
3367,0,"New, High-Spend - Highest Risk"
3368,0,"New, High-Spend - Highest Risk"
3369,2,"Loyal, High-Spend - Low Risk"
3370,2,"Loyal, High-Spend - Low Risk"
3371,0,"New, High-Spend - Highest Risk"
3372,3,"Loyal, Low-Spend - Lowest Risk"
3373,2,"Loyal, High-Spend - Low Risk"
3374,2,"Loyal, High-Spend - Low Risk"
3375,2,"Loyal, High-Spend - Low Risk"
3376,0,"New, High-Spend - Highest Risk"
3377,2,"Loyal, High-Spend - Low Risk"
3378,1,"New, Low-Spend - Elevated Risk"
3379,2,"Loyal, High-Spend - Low Risk"
3380,2,"Loyal, High-Spend - Low Risk"
3381,0,"New, High-Spend - Highest Risk"
3382,0,"New, High-Spend - Highest Risk"
3383,2,"Loyal, High-Spend - Low Risk"
3384,0,"New, High-Spend - Highest Risk"
3385,0,"New, High-Spend - Highest Risk"
3386,0,"New, High-Spend - Highest Risk"
3387,1,"New, Low-Spend - Elevated Risk"
3388,0,"New, High-Spend - Highest Risk"
3389,2,"Loyal, High-Spend - Low Risk"
3390,0,"New, High-Spend - Highest Risk"
3391,1,"New, Low-Spend - Elevated Risk"
3392,3,"Loyal, Low-Spend - Lowest Risk"
3393,0,"New, High-Spend - Highest Risk"
3394,2,"Loyal, High-Spend - Low Risk"
3395,0,"New, High-Spend - Highest Risk"
3396,2,"Loyal, High-Spend - Low Risk"
3397,1,"New, Low-Spend - Elevated Risk"
3398,3,"Loyal, Low-Spend - Lowest Risk"
3399,1,"New, Low-Spend - Elevated Risk"
3400,1,"New, Low-Spend - Elevated Risk"
3401,0,"New, High-Spend - Highest Risk"
3402,0,"New, High-Spend - Highest Risk"
3403,0,"New, High-Spend - Highest Risk"
3404,0,"New, High-Spend - Highest Risk"
3405,0,"New, High-Spend - Highest Risk"
3406,1,"New, Low-Spend - Elevated Risk"
3407,1,"New, Low-Spend - Elevated Risk"
3408,3,"Loyal, Low-Spend - Lowest Risk"
3409,0,"New, High-Spend - Highest Risk"
3410,3,"Loyal, Low-Spend - Lowest Risk"
3411,0,"New, High-Spend - Highest Risk"
3412,0,"New, High-Spend - Highest Risk"
3413,2,"Loyal, High-Spend - Low Risk"
3414,1,"New, Low-Spend - Elevated Risk"
3415,3,"Loyal, Low-Spend - Lowest Risk"
3416,3,"Loyal, Low-Spend - Lowest Risk"
3417,2,"Loyal, High-Spend - Low Risk"
3418,1,"New, Low-Spend - Elevated Risk"
3419,3,"Loyal, Low-Spend - Lowest Risk"
3420,0,"New, High-Spend - Highest Risk"
3421,1,"New, Low-Spend - Elevated Risk"
3422,0,"New, High-Spend - Highest Risk"
3423,1,"New, Low-Spend - Elevated Risk"
3424,1,"New, Low-Spend - Elevated Risk"
3425,3,"Loyal, Low-Spend - Lowest Risk"
3426,1,"New, Low-Spend - Elevated Risk"
3427,0,"New, High-Spend - Highest Risk"
3428,0,"New, High-Spend - Highest Risk"
3429,0,"New, High-Spend - Highest Risk"
3430,2,"Loyal, High-Spend - Low Risk"
3431,1,"New, Low-Spend - Elevated Risk"
3432,0,"New, High-Spend - Highest Risk"
3433,0,"New, High-Spend - Highest Risk"
3434,3,"Loyal, Low-Spend - Lowest Risk"
3435,1,"New, Low-Spend - Elevated Risk"
3436,3,"Loyal, Low-Spend - Lowest Risk"
3437,0,"New, High-Spend - Highest Risk"
3438,0,"New, High-Spend - Highest Risk"
3439,0,"New, High-Spend - Highest Risk"
3440,3,"Loyal, Low-Spend - Lowest Risk"
3441,2,"Loyal, High-Spend - Low Risk"
3442,1,"New, Low-Spend - Elevated Risk"
3443,2,"Loyal, High-Spend - Low Risk"
3444,0,"New, High-Spend - Highest Risk"
3445,3,"Loyal, Low-Spend - Lowest Risk"
3446,2,"Loyal, High-Spend - Low Risk"
3447,2,"Loyal, High-Spend - Low Risk"
3448,2,"Loyal, High-Spend - Low Risk"
3449,3,"Loyal, Low-Spend - Lowest Risk"
3450,3,"Loyal, Low-Spend - Lowest Risk"
3451,1,"New, Low-Spend - Elevated Risk"
3452,0,"New, High-Spend - Highest Risk"
3453,0,"New, High-Spend - Highest Risk"
3454,3,"Loyal, Low-Spend - Lowest Risk"
3455,0,"New, High-Spend - Highest Risk"
3456,1,"New, Low-Spend - Elevated Risk"
3457,2,"Loyal, High-Spend - Low Risk"
3458,1,"New, Low-Spend - Elevated Risk"
3459,2,"Loyal, High-Spend - Low Risk"
3460,2,"Loyal, High-Spend - Low Risk"
3461,2,"Loyal, High-Spend - Low Risk"
3462,1,"New, Low-Spend - Elevated Risk"
3463,1,"New, Low-Spend - Elevated Risk"
3464,2,"Loyal, High-Spend - Low Risk"
3465,0,"New, High-Spend - Highest Risk"
3466,0,"New, High-Spend - Highest Risk"
3467,0,"New, High-Spend - Highest Risk"
3468,2,"Loyal, High-Spend - Low Risk"
3469,2,"Loyal, High-Spend - Low Risk"
3470,2,"Loyal, High-Spend - Low Risk"
3471,0,"New, High-Spend - Highest Risk"
3472,1,"New, Low-Spend - Elevated Risk"
3473,0,"New, High-Spend - Highest Risk"
3474,3,"Loyal, Low-Spend - Lowest Risk"
3475,0,"New, High-Spend - Highest Risk"
3476,1,"New, Low-Spend - Elevated Risk"
3477,3,"Loyal, Low-Spend - Lowest Risk"
3478,2,"Loyal, High-Spend - Low Risk"
3479,2,"Loyal, High-Spend - Low Risk"
3480,2,"Loyal, High-Spend - Low Risk"
3481,2,"Loyal, High-Spend - Low Risk"
3482,3,"Loyal, Low-Spend - Lowest Risk"
3483,2,"Loyal, High-Spend - Low Risk"
3484,2,"Loyal, High-Spend - Low Risk"
3485,2,"Loyal, High-Spend - Low Risk"
3486,0,"New, High-Spend - Highest Risk"
3487,3,"Loyal, Low-Spend - Lowest Risk"
3488,0,"New, High-Spend - Highest Risk"
3489,3,"Loyal, Low-Spend - Lowest Risk"
3490,1,"New, Low-Spend - Elevated Risk"
3491,3,"Loyal, Low-Spend - Lowest Risk"
3492,2,"Loyal, High-Spend - Low Risk"
3493,0,"New, High-Spend - Highest Risk"
3494,0,"New, High-Spend - Highest Risk"
3495,1,"New, Low-Spend - Elevated Risk"
3496,0,"New, High-Spend - Highest Risk"
3497,3,"Loyal, Low-Spend - Lowest Risk"
3498,2,"Loyal, High-Spend - Low Risk"
3499,1,"New, Low-Spend - Elevated Risk"
3500,2,"Loyal, High-Spend - Low Risk"
3501,0,"New, High-Spend - Highest Risk"
3502,2,"Loyal, High-Spend - Low Risk"
3503,2,"Loyal, High-Spend - Low Risk"
3504,0,"New, High-Spend - Highest Risk"
3505,2,"Loyal, High-Spend - Low Risk"
3506,0,"New, High-Spend - Highest Risk"
3507,1,"New, Low-Spend - Elevated Risk"
3508,0,"New, High-Spend - Highest Risk"
3509,0,"New, High-Spend - Highest Risk"
3510,0,"New, High-Spend - Highest Risk"
3511,2,"Loyal, High-Spend - Low Risk"
3512,1,"New, Low-Spend - Elevated Risk"
3513,3,"Loyal, Low-Spend - Lowest Risk"
3514,1,"New, Low-Spend - Elevated Risk"
3515,2,"Loyal, High-Spend - Low Risk"
3516,0,"New, High-Spend - Highest Risk"
3517,0,"New, High-Spend - Highest Risk"
3518,0,"New, High-Spend - Highest Risk"
3519,2,"Loyal, High-Spend - Low Risk"
3520,1,"New, Low-Spend - Elevated Risk"
3521,3,"Loyal, Low-Spend - Lowest Risk"
3522,2,"Loyal, High-Spend - Low Risk"
3523,2,"Loyal, High-Spend - Low Risk"
3524,1,"New, Low-Spend - Elevated Risk"
3525,0,"New, High-Spend - Highest Risk"
3526,2,"Loyal, High-Spend - Low Risk"
3527,1,"New, Low-Spend - Elevated Risk"
3528,3,"Loyal, Low-Spend - Lowest Risk"
3529,0,"New, High-Spend - Highest Risk"
3530,3,"Loyal, Low-Spend - Lowest Risk"
3531,2,"Loyal, High-Spend - Low Risk"
3532,0,"New, High-Spend - Highest Risk"
3533,0,"New, High-Spend - Highest Risk"
3534,2,"Loyal, High-Spend - Low Risk"
3535,2,"Loyal, High-Spend - Low Risk"
3536,0,"New, High-Spend - Highest Risk"
3537,2,"Loyal, High-Spend - Low Risk"
3538,0,"New, High-Spend - Highest Risk"
3539,2,"Loyal, High-Spend - Low Risk"
3540,0,"New, High-Spend - Highest Risk"
3541,0,"New, High-Spend - Highest Risk"
3542,1,"New, Low-Spend - Elevated Risk"
3543,1,"New, Low-Spend - Elevated Risk"
3544,1,"New, Low-Spend - Elevated Risk"
3545,1,"New, Low-Spend - Elevated Risk"
3546,2,"Loyal, High-Spend - Low Risk"
3547,0,"New, High-Spend - Highest Risk"
3548,3,"Loyal, Low-Spend - Lowest Risk"
3549,1,"New, Low-Spend - Elevated Risk"
3550,1,"New, Low-Spend - Elevated Risk"
3551,0,"New, High-Spend - Highest Risk"
3552,2,"Loyal, High-Spend - Low Risk"
3553,0,"New, High-Spend - Highest Risk"
3554,2,"Loyal, High-Spend - Low Risk"
3555,3,"Loyal, Low-Spend - Lowest Risk"
3556,2,"Loyal, High-Spend - Low Risk"
3557,1,"New, Low-Spend - Elevated Risk"
3558,2,"Loyal, High-Spend - Low Risk"
3559,2,"Loyal, High-Spend - Low Risk"
3560,2,"Loyal, High-Spend - Low Risk"
3561,0,"New, High-Spend - Highest Risk"
3562,0,"New, High-Spend - Highest Risk"
3563,3,"Loyal, Low-Spend - Lowest Risk"
3564,2,"Loyal, High-Spend - Low Risk"
3565,0,"New, High-Spend - Highest Risk"
3566,1,"New, Low-Spend - Elevated Risk"
3567,1,"New, Low-Spend - Elevated Risk"
3568,0,"New, High-Spend - Highest Risk"
3569,0,"New, High-Spend - Highest Risk"
3570,0,"New, High-Spend - Highest Risk"
3571,2,"Loyal, High-Spend - Low Risk"
3572,1,"New, Low-Spend - Elevated Risk"
3573,3,"Loyal, Low-Spend - Lowest Risk"
3574,0,"New, High-Spend - Highest Risk"
3575,0,"New, High-Spend - Highest Risk"
3576,2,"Loyal, High-Spend - Low Risk"
3577,2,"Loyal, High-Spend - Low Risk"
3578,3,"Loyal, Low-Spend - Lowest Risk"
3579,0,"New, High-Spend - Highest Risk"
3580,2,"Loyal, High-Spend - Low Risk"
3581,3,"Loyal, Low-Spend - Lowest Risk"
3582,0,"New, High-Spend - Highest Risk"
3583,3,"Loyal, Low-Spend - Lowest Risk"
3584,3,"Loyal, Low-Spend - Lowest Risk"
3585,2,"Loyal, High-Spend - Low Risk"
3586,2,"Loyal, High-Spend - Low Risk"
3587,3,"Loyal, Low-Spend - Lowest Risk"
3588,1,"New, Low-Spend - Elevated Risk"
3589,0,"New, High-Spend - Highest Risk"
3590,0,"New, High-Spend - Highest Risk"
3591,3,"Loyal, Low-Spend - Lowest Risk"
3592,2,"Loyal, High-Spend - Low Risk"
3593,0,"New, High-Spend - Highest Risk"
3594,0,"New, High-Spend - Highest Risk"
3595,1,"New, Low-Spend - Elevated Risk"
3596,2,"Loyal, High-Spend - Low Risk"
3597,1,"New, Low-Spend - Elevated Risk"
3598,3,"Loyal, Low-Spend - Lowest Risk"
3599,1,"New, Low-Spend - Elevated Risk"
3600,2,"Loyal, High-Spend - Low Risk"
3601,2,"Loyal, High-Spend - Low Risk"
3602,1,"New, Low-Spend - Elevated Risk"
3603,0,"New, High-Spend - Highest Risk"
3604,3,"Loyal, Low-Spend - Lowest Risk"
3605,2,"Loyal, High-Spend - Low Risk"
3606,3,"Loyal, Low-Spend - Lowest Risk"
3607,3,"Loyal, Low-Spend - Lowest Risk"
3608,1,"New, Low-Spend - Elevated Risk"
3609,1,"New, Low-Spend - Elevated Risk"
3610,1,"New, Low-Spend - Elevated Risk"
3611,1,"New, Low-Spend - Elevated Risk"
3612,2,"Loyal, High-Spend - Low Risk"
3613,0,"New, High-Spend - Highest Risk"
3614,2,"Loyal, High-Spend - Low Risk"
3615,3,"Loyal, Low-Spend - Lowest Risk"
3616,3,"Loyal, Low-Spend - Lowest Risk"
3617,3,"Loyal, Low-Spend - Lowest Risk"
3618,0,"New, High-Spend - Highest Risk"
3619,1,"New, Low-Spend - Elevated Risk"
3620,0,"New, High-Spend - Highest Risk"
3621,3,"Loyal, Low-Spend - Lowest Risk"
3622,1,"New, Low-Spend - Elevated Risk"
3623,0,"New, High-Spend - Highest Risk"
3624,1,"New, Low-Spend - Elevated Risk"
3625,0,"New, High-Spend - Highest Risk"
3626,2,"Loyal, High-Spend - Low Risk"
3627,1,"New, Low-Spend - Elevated Risk"
3628,3,"Loyal, Low-Spend - Lowest Risk"
3629,0,"New, High-Spend - Highest Risk"
3630,0,"New, High-Spend - Highest Risk"
3631,3,"Loyal, Low-Spend - Lowest Risk"
3632,2,"Loyal, High-Spend - Low Risk"
3633,0,"New, High-Spend - Highest Risk"
3634,3,"Loyal, Low-Spend - Lowest Risk"
3635,3,"Loyal, Low-Spend - Lowest Risk"
3636,0,"New, High-Spend - Highest Risk"
3637,0,"New, High-Spend - Highest Risk"
3638,0,"New, High-Spend - Highest Risk"
3639,1,"New, Low-Spend - Elevated Risk"
3640,2,"Loyal, High-Spend - Low Risk"
3641,0,"New, High-Spend - Highest Risk"
3642,3,"Loyal, Low-Spend - Lowest Risk"
3643,1,"New, Low-Spend - Elevated Risk"
3644,0,"New, High-Spend - Highest Risk"
3645,1,"New, Low-Spend - Elevated Risk"
3646,0,"New, High-Spend - Highest Risk"
3647,0,"New, High-Spend - Highest Risk"
3648,0,"New, High-Spend - Highest Risk"
3649,1,"New, Low-Spend - Elevated Risk"
3650,0,"New, High-Spend - Highest Risk"
3651,1,"New, Low-Spend - Elevated Risk"
3652,2,"Loyal, High-Spend - Low Risk"
3653,1,"New, Low-Spend - Elevated Risk"
3654,0,"New, High-Spend - Highest Risk"
3655,3,"Loyal, Low-Spend - Lowest Risk"
3656,2,"Loyal, High-Spend - Low Risk"
3657,2,"Loyal, High-Spend - Low Risk"
3658,0,"New, High-Spend - Highest Risk"
3659,0,"New, High-Spend - Highest Risk"
3660,2,"Loyal, High-Spend - Low Risk"
3661,2,"Loyal, High-Spend - Low Risk"
3662,3,"Loyal, Low-Spend - Lowest Risk"
3663,3,"Loyal, Low-Spend - Lowest Risk"
3664,0,"New, High-Spend - Highest Risk"
3665,0,"New, High-Spend - Highest Risk"
3666,1,"New, Low-Spend - Elevated Risk"
3667,0,"New, High-Spend - Highest Risk"
3668,2,"Loyal, High-Spend - Low Risk"
3669,3,"Loyal, Low-Spend - Lowest Risk"
3670,2,"Loyal, High-Spend - Low Risk"
3671,1,"New, Low-Spend - Elevated Risk"
3672,3,"Loyal, Low-Spend - Lowest Risk"
3673,1,"New, Low-Spend - Elevated Risk"
3674,2,"Loyal, High-Spend - Low Risk"
3675,1,"New, Low-Spend - Elevated Risk"
3676,0,"New, High-Spend - Highest Risk"
3677,2,"Loyal, High-Spend - Low Risk"
3678,0,"New, High-Spend - Highest Risk"
3679,2,"Loyal, High-Spend - Low Risk"
3680,0,"New, High-Spend - Highest Risk"
3681,0,"New, High-Spend - Highest Risk"
3682,1,"New, Low-Spend - Elevated Risk"
3683,2,"Loyal, High-Spend - Low Risk"
3684,2,"Loyal, High-Spend - Low Risk"
3685,0,"New, High-Spend - Highest Risk"
3686,2,"Loyal, High-Spend - Low Risk"
3687,3,"Loyal, Low-Spend - Lowest Risk"
3688,3,"Loyal, Low-Spend - Lowest Risk"
3689,0,"New, High-Spend - Highest Risk"
3690,0,"New, High-Spend - Highest Risk"
3691,2,"Loyal, High-Spend - Low Risk"
3692,0,"New, High-Spend - Highest Risk"
3693,0,"New, High-Spend - Highest Risk"
3694,3,"Loyal, Low-Spend - Lowest Risk"
3695,3,"Loyal, Low-Spend - Lowest Risk"
3696,2,"Loyal, High-Spend - Low Risk"
3697,0,"New, High-Spend - Highest Risk"
3698,1,"New, Low-Spend - Elevated Risk"
3699,2,"Loyal, High-Spend - Low Risk"
3700,2,"Loyal, High-Spend - Low Risk"
3701,2,"Loyal, High-Spend - Low Risk"
3702,0,"New, High-Spend - Highest Risk"
3703,3,"Loyal, Low-Spend - Lowest Risk"
3704,1,"New, Low-Spend - Elevated Risk"
3705,2,"Loyal, High-Spend - Low Risk"
3706,1,"New, Low-Spend - Elevated Risk"
3707,2,"Loyal, High-Spend - Low Risk"
3708,1,"New, Low-Spend - Elevated Risk"
3709,3,"Loyal, Low-Spend - Lowest Risk"
3710,0,"New, High-Spend - Highest Risk"
3711,0,"New, High-Spend - Highest Risk"
3712,2,"Loyal, High-Spend - Low Risk"
3713,2,"Loyal, High-Spend - Low Risk"
3714,1,"New, Low-Spend - Elevated Risk"
3715,0,"New, High-Spend - Highest Risk"
3716,0,"New, High-Spend - Highest Risk"
3717,3,"Loyal, Low-Spend - Lowest Risk"
3718,0,"New, High-Spend - Highest Risk"
3719,0,"New, High-Spend - Highest Risk"
3720,2,"Loyal, High-Spend - Low Risk"
3721,3,"Loyal, Low-Spend - Lowest Risk"
3722,2,"Loyal, High-Spend - Low Risk"
3723,1,"New, Low-Spend - Elevated Risk"
3724,0,"New, High-Spend - Highest Risk"
3725,2,"Loyal, High-Spend - Low Risk"
3726,2,"Loyal, High-Spend - Low Risk"
3727,1,"New, Low-Spend - Elevated Risk"
3728,3,"Loyal, Low-Spend - Lowest Risk"
3729,1,"New, Low-Spend - Elevated Risk"
3730,2,"Loyal, High-Spend - Low Risk"
3731,1,"New, Low-Spend - Elevated Risk"
3732,0,"New, High-Spend - Highest Risk"
3733,2,"Loyal, High-Spend - Low Risk"
3734,0,"New, High-Spend - Highest Risk"
3735,2,"Loyal, High-Spend - Low Risk"
3736,0,"New, High-Spend - Highest Risk"
3737,0,"New, High-Spend - Highest Risk"
3738,3,"Loyal, Low-Spend - Lowest Risk"
3739,1,"New, Low-Spend - Elevated Risk"
3740,0,"New, High-Spend - Highest Risk"
3741,2,"Loyal, High-Spend - Low Risk"
3742,0,"New, High-Spend - Highest Risk"
3743,1,"New, Low-Spend - Elevated Risk"
3744,2,"Loyal, High-Spend - Low Risk"
3745,1,"New, Low-Spend - Elevated Risk"
3746,1,"New, Low-Spend - Elevated Risk"
3747,2,"Loyal, High-Spend - Low Risk"
3748,3,"Loyal, Low-Spend - Lowest Risk"
3749,0,"New, High-Spend - Highest Risk"
3750,3,"Loyal, Low-Spend - Lowest Risk"
3751,2,"Loyal, High-Spend - Low Risk"
3752,3,"Loyal, Low-Spend - Lowest Risk"
3753,1,"New, Low-Spend - Elevated Risk"
3754,1,"New, Low-Spend - Elevated Risk"
3755,3,"Loyal, Low-Spend - Lowest Risk"
3756,2,"Loyal, High-Spend - Low Risk"
3757,0,"New, High-Spend - Highest Risk"
3758,3,"Loyal, Low-Spend - Lowest Risk"
3759,2,"Loyal, High-Spend - Low Risk"
3760,2,"Loyal, High-Spend - Low Risk"
3761,1,"New, Low-Spend - Elevated Risk"
3762,0,"New, High-Spend - Highest Risk"
3763,3,"Loyal, Low-Spend - Lowest Risk"
3764,1,"New, Low-Spend - Elevated Risk"
3765,3,"Loyal, Low-Spend - Lowest Risk"
3766,2,"Loyal, High-Spend - Low Risk"
3767,1,"New, Low-Spend - Elevated Risk"
3768,0,"New, High-Spend - Highest Risk"
3769,0,"New, High-Spend - Highest Risk"
3770,1,"New, Low-Spend - Elevated Risk"
3771,2,"Loyal, High-Spend - Low Risk"
3772,0,"New, High-Spend - Highest Risk"
3773,1,"New, Low-Spend - Elevated Risk"
3774,0,"New, High-Spend - Highest Risk"
3775,0,"New, High-Spend - Highest Risk"
3776,1,"New, Low-Spend - Elevated Risk"
3777,1,"New, Low-Spend - Elevated Risk"
3778,2,"Loyal, High-Spend - Low Risk"
3779,2,"Loyal, High-Spend - Low Risk"
3780,1,"New, Low-Spend - Elevated Risk"
3781,0,"New, High-Spend - Highest Risk"
3782,1,"New, Low-Spend - Elevated Risk"
3783,1,"New, Low-Spend - Elevated Risk"
3784,2,"Loyal, High-Spend - Low Risk"
3785,2,"Loyal, High-Spend - Low Risk"
3786,0,"New, High-Spend - Highest Risk"
3787,1,"New, Low-Spend - Elevated Risk"
3788,2,"Loyal, High-Spend - Low Risk"
3789,1,"New, Low-Spend - Elevated Risk"
3790,3,"Loyal, Low-Spend - Lowest Risk"
3791,2,"Loyal, High-Spend - Low Risk"
3792,2,"Loyal, High-Spend - Low Risk"
3793,1,"New, Low-Spend - Elevated Risk"
3794,0,"New, High-Spend - Highest Risk"
3795,3,"Loyal, Low-Spend - Lowest Risk"
3796,0,"New, High-Spend - Highest Risk"
3797,0,"New, High-Spend - Highest Risk"
3798,2,"Loyal, High-Spend - Low Risk"
3799,3,"Loyal, Low-Spend - Lowest Risk"
3800,2,"Loyal, High-Spend - Low Risk"
3801,2,"Loyal, High-Spend - Low Risk"
3802,0,"New, High-Spend - Highest Risk"
3803,0,"New, High-Spend - Highest Risk"
3804,2,"Loyal, High-Spend - Low Risk"
3805,2,"Loyal, High-Spend - Low Risk"
3806,3,"Loyal, Low-Spend - Lowest Risk"
3807,0,"New, High-Spend - Highest Risk"
3808,1,"New, Low-Spend - Elevated Risk"
3809,0,"New, High-Spend - Highest Risk"
3810,2,"Loyal, High-Spend - Low Risk"
3811,3,"Loyal, Low-Spend - Lowest Risk"
3812,1,"New, Low-Spend - Elevated Risk"
3813,1,"New, Low-Spend - Elevated Risk"
3814,0,"New, High-Spend - Highest Risk"
3815,2,"Loyal, High-Spend - Low Risk"
3816,2,"Loyal, High-Spend - Low Risk"
3817,2,"Loyal, High-Spend - Low Risk"
3818,1,"New, Low-Spend - Elevated Risk"
3819,2,"Loyal, High-Spend - Low Risk"
3820,2,"Loyal, High-Spend - Low Risk"
3821,1,"New, Low-Spend - Elevated Risk"
3822,0,"New, High-Spend - Highest Risk"
3823,2,"Loyal, High-Spend - Low Risk"
3824,0,"New, High-Spend - Highest Risk"
3825,3,"Loyal, Low-Spend - Lowest Risk"
3826,3,"Loyal, Low-Spend - Lowest Risk"
3827,1,"New, Low-Spend - Elevated Risk"
3828,1,"New, Low-Spend - Elevated Risk"
3829,1,"New, Low-Spend - Elevated Risk"
3830,1,"New, Low-Spend - Elevated Risk"
3831,0,"New, High-Spend - Highest Risk"
3832,0,"New, High-Spend - Highest Risk"
3833,0,"New, High-Spend - Highest Risk"
3834,3,"Loyal, Low-Spend - Lowest Risk"
3835,1,"New, Low-Spend - Elevated Risk"
3836,1,"New, Low-Spend - Elevated Risk"
3837,1,"New, Low-Spend - Elevated Risk"
3838,0,"New, High-Spend - Highest Risk"
3839,0,"New, High-Spend - Highest Risk"
3840,0,"New, High-Spend - Highest Risk"
3841,0,"New, High-Spend - Highest Risk"
3842,1,"New, Low-Spend - Elevated Risk"
3843,0,"New, High-Spend - Highest Risk"
3844,1,"New, Low-Spend - Elevated Risk"
3845,2,"Loyal, High-Spend - Low Risk"
3846,3,"Loyal, Low-Spend - Lowest Risk"
3847,1,"New, Low-Spend - Elevated Risk"
3848,0,"New, High-Spend - Highest Risk"
3849,0,"New, High-Spend - Highest Risk"
3850,0,"New, High-Spend - Highest Risk"
3851,1,"New, Low-Spend - Elevated Risk"
3852,1,"New, Low-Spend - Elevated Risk"
3853,2,"Loyal, High-Spend - Low Risk"
3854,0,"New, High-Spend - Highest Risk"
3855,2,"Loyal, High-Spend - Low Risk"
3856,2,"Loyal, High-Spend - Low Risk"
3857,1,"New, Low-Spend - Elevated Risk"
3858,0,"New, High-Spend - Highest Risk"
3859,0,"New, High-Spend - Highest Risk"
3860,3,"Loyal, Low-Spend - Lowest Risk"
3861,0,"New, High-Spend - Highest Risk"
3862,1,"New, Low-Spend - Elevated Risk"
3863,0,"New, High-Spend - Highest Risk"
3864,3,"Loyal, Low-Spend - Lowest Risk"
3865,0,"New, High-Spend - Highest Risk"
3866,3,"Loyal, Low-Spend - Lowest Risk"
3867,1,"New, Low-Spend - Elevated Risk"
3868,0,"New, High-Spend - Highest Risk"
3869,0,"New, High-Spend - Highest Risk"
3870,0,"New, High-Spend - Highest Risk"
3871,0,"New, High-Spend - Highest Risk"
3872,0,"New, High-Spend - Highest Risk"
3873,2,"Loyal, High-Spend - Low Risk"
3874,1,"New, Low-Spend - Elevated Risk"
3875,1,"New, Low-Spend - Elevated Risk"
3876,3,"Loyal, Low-Spend - Lowest Risk"
3877,2,"Loyal, High-Spend - Low Risk"
3878,1,"New, Low-Spend - Elevated Risk"
3879,0,"New, High-Spend - Highest Risk"
3880,0,"New, High-Spend - Highest Risk"
3881,1,"New, Low-Spend - Elevated Risk"
3882,0,"New, High-Spend - Highest Risk"
3883,0,"New, High-Spend - Highest Risk"
3884,1,"New, Low-Spend - Elevated Risk"
3885,2,"Loyal, High-Spend - Low Risk"
3886,1,"New, Low-Spend - Elevated Risk"
3887,0,"New, High-Spend - Highest Risk"
3888,2,"Loyal, High-Spend - Low Risk"
3889,2,"Loyal, High-Spend - Low Risk"
3890,2,"Loyal, High-Spend - Low Risk"
3891,0,"New, High-Spend - Highest Risk"
3892,1,"New, Low-Spend - Elevated Risk"
3893,2,"Loyal, High-Spend - Low Risk"
3894,0,"New, High-Spend - Highest Risk"
3895,0,"New, High-Spend - Highest Risk"
3896,3,"Loyal, Low-Spend - Lowest Risk"
3897,1,"New, Low-Spend - Elevated Risk"
3898,0,"New, High-Spend - Highest Risk"
3899,1,"New, Low-Spend - Elevated Risk"
3900,0,"New, High-Spend - Highest Risk"
3901,1,"New, Low-Spend - Elevated Risk"
3902,0,"New, High-Spend - Highest Risk"
3903,2,"Loyal, High-Spend - Low Risk"
3904,1,"New, Low-Spend - Elevated Risk"
3905,2,"Loyal, High-Spend - Low Risk"
3906,2,"Loyal, High-Spend - Low Risk"
3907,0,"New, High-Spend - Highest Risk"
3908,0,"New, High-Spend - Highest Risk"
3909,2,"Loyal, High-Spend - Low Risk"
3910,1,"New, Low-Spend - Elevated Risk"
3911,2,"Loyal, High-Spend - Low Risk"
3912,1,"New, Low-Spend - Elevated Risk"
3913,1,"New, Low-Spend - Elevated Risk"
3914,1,"New, Low-Spend - Elevated Risk"
3915,0,"New, High-Spend - Highest Risk"
3916,2,"Loyal, High-Spend - Low Risk"
3917,0,"New, High-Spend - Highest Risk"
3918,0,"New, High-Spend - Highest Risk"
3919,3,"Loyal, Low-Spend - Lowest Risk"
3920,0,"New, High-Spend - Highest Risk"
3921,0,"New, High-Spend - Highest Risk"
3922,2,"Loyal, High-Spend - Low Risk"
3923,0,"New, High-Spend - Highest Risk"
3924,2,"Loyal, High-Spend - Low Risk"
3925,3,"Loyal, Low-Spend - Lowest Risk"
3926,0,"New, High-Spend - Highest Risk"
3927,3,"Loyal, Low-Spend - Lowest Risk"
3928,0,"New, High-Spend - Highest Risk"
3929,2,"Loyal, High-Spend - Low Risk"
3930,2,"Loyal, High-Spend - Low Risk"
3931,0,"New, High-Spend - Highest Risk"
3932,2,"Loyal, High-Spend - Low Risk"
3933,2,"Loyal, High-Spend - Low Risk"
3934,3,"Loyal, Low-Spend - Lowest Risk"
3935,3,"Loyal, Low-Spend - Lowest Risk"
3936,2,"Loyal, High-Spend - Low Risk"
3937,0,"New, High-Spend - Highest Risk"
3938,0,"New, High-Spend - Highest Risk"
3939,1,"New, Low-Spend - Elevated Risk"
3940,0,"New, High-Spend - Highest Risk"
3941,2,"Loyal, High-Spend - Low Risk"
3942,2,"Loyal, High-Spend - Low Risk"
3943,3,"Loyal, Low-Spend - Lowest Risk"
3944,1,"New, Low-Spend - Elevated Risk"
3945,2,"Loyal, High-Spend - Low Risk"
3946,3,"Loyal, Low-Spend - Lowest Risk"
3947,1,"New, Low-Spend - Elevated Risk"
3948,0,"New, High-Spend - Highest Risk"
3949,3,"Loyal, Low-Spend - Lowest Risk"
3950,1,"New, Low-Spend - Elevated Risk"
3951,0,"New, High-Spend - Highest Risk"
3952,2,"Loyal, High-Spend - Low Risk"
3953,1,"New, Low-Spend - Elevated Risk"
3954,3,"Loyal, Low-Spend - Lowest Risk"
3955,1,"New, Low-Spend - Elevated Risk"
3956,0,"New, High-Spend - Highest Risk"
3957,2,"Loyal, High-Spend - Low Risk"
3958,0,"New, High-Spend - Highest Risk"
3959,2,"Loyal, High-Spend - Low Risk"
3960,0,"New, High-Spend - Highest Risk"
3961,0,"New, High-Spend - Highest Risk"
3962,2,"Loyal, High-Spend - Low Risk"
3963,2,"Loyal, High-Spend - Low Risk"
3964,0,"New, High-Spend - Highest Risk"
3965,0,"New, High-Spend - Highest Risk"
3966,0,"New, High-Spend - Highest Risk"
3967,3,"Loyal, Low-Spend - Lowest Risk"
3968,0,"New, High-Spend - Highest Risk"
3969,1,"New, Low-Spend - Elevated Risk"
3970,0,"New, High-Spend - Highest Risk"
3971,2,"Loyal, High-Spend - Low Risk"
3972,1,"New, Low-Spend - Elevated Risk"
3973,0,"New, High-Spend - Highest Risk"
3974,0,"New, High-Spend - Highest Risk"
3975,0,"New, High-Spend - Highest Risk"
3976,1,"New, Low-Spend - Elevated Risk"
3977,0,"New, High-Spend - Highest Risk"
3978,1,"New, Low-Spend - Elevated Risk"
3979,2,"Loyal, High-Spend - Low Risk"
3980,0,"New, High-Spend - Highest Risk"
3981,1,"New, Low-Spend - Elevated Risk"
3982,1,"New, Low-Spend - Elevated Risk"
3983,1,"New, Low-Spend - Elevated Risk"
3984,2,"Loyal, High-Spend - Low Risk"
3985,1,"New, Low-Spend - Elevated Risk"
3986,1,"New, Low-Spend - Elevated Risk"
3987,0,"New, High-Spend - Highest Risk"
3988,1,"New, Low-Spend - Elevated Risk"
3989,0,"New, High-Spend - Highest Risk"
3990,2,"Loyal, High-Spend - Low Risk"
3991,2,"Loyal, High-Spend - Low Risk"
3992,2,"Loyal, High-Spend - Low Risk"
3993,0,"New, High-Spend - Highest Risk"
3994,0,"New, High-Spend - Highest Risk"
3995,0,"New, High-Spend - Highest Risk"
3996,2,"Loyal, High-Spend - Low Risk"
3997,2,"Loyal, High-Spend - Low Risk"
3998,0,"New, High-Spend - Highest Risk"
3999,1,"New, Low-Spend - Elevated Risk"
4000,0,"New, High-Spend - Highest Risk"
4001,0,"New, High-Spend - Highest Risk"
4002,2,"Loyal, High-Spend - Low Risk"
4003,0,"New, High-Spend - Highest Risk"
4004,0,"New, High-Spend - Highest Risk"
4005,0,"New, High-Spend - Highest Risk"
4006,1,"New, Low-Spend - Elevated Risk"
4007,1,"New, Low-Spend - Elevated Risk"
4008,0,"New, High-Spend - Highest Risk"
4009,0,"New, High-Spend - Highest Risk"
4010,3,"Loyal, Low-Spend - Lowest Risk"
4011,1,"New, Low-Spend - Elevated Risk"
4012,0,"New, High-Spend - Highest Risk"
4013,2,"Loyal, High-Spend - Low Risk"
4014,1,"New, Low-Spend - Elevated Risk"
4015,1,"New, Low-Spend - Elevated Risk"
4016,0,"New, High-Spend - Highest Risk"
4017,0,"New, High-Spend - Highest Risk"
4018,1,"New, Low-Spend - Elevated Risk"
4019,0,"New, High-Spend - Highest Risk"
4020,0,"New, High-Spend - Highest Risk"
4021,0,"New, High-Spend - Highest Risk"
4022,2,"Loyal, High-Spend - Low Risk"
4023,0,"New, High-Spend - Highest Risk"
4024,2,"Loyal, High-Spend - Low Risk"
4025,1,"New, Low-Spend - Elevated Risk"
4026,0,"New, High-Spend - Highest Risk"
4027,2,"Loyal, High-Spend - Low Risk"
4028,0,"New, High-Spend - Highest Risk"
4029,0,"New, High-Spend - Highest Risk"
4030,0,"New, High-Spend - Highest Risk"
4031,1,"New, Low-Spend - Elevated Risk"
4032,2,"Loyal, High-Spend - Low Risk"
4033,1,"New, Low-Spend - Elevated Risk"
4034,0,"New, High-Spend - Highest Risk"
4035,2,"Loyal, High-Spend - Low Risk"
4036,1,"New, Low-Spend - Elevated Risk"
4037,0,"New, High-Spend - Highest Risk"
4038,0,"New, High-Spend - Highest Risk"
4039,0,"New, High-Spend - Highest Risk"
4040,1,"New, Low-Spend - Elevated Risk"
4041,1,"New, Low-Spend - Elevated Risk"
4042,2,"Loyal, High-Spend - Low Risk"
4043,3,"Loyal, Low-Spend - Lowest Risk"
4044,2,"Loyal, High-Spend - Low Risk"
4045,0,"New, High-Spend - Highest Risk"
4046,0,"New, High-Spend - Highest Risk"
4047,0,"New, High-Spend - Highest Risk"
4048,0,"New, High-Spend - Highest Risk"
4049,0,"New, High-Spend - Highest Risk"
4050,2,"Loyal, High-Spend - Low Risk"
4051,2,"Loyal, High-Spend - Low Risk"
4052,0,"New, High-Spend - Highest Risk"
4053,2,"Loyal, High-Spend - Low Risk"
4054,3,"Loyal, Low-Spend - Lowest Risk"
4055,1,"New, Low-Spend - Elevated Risk"
4056,3,"Loyal, Low-Spend - Lowest Risk"
4057,1,"New, Low-Spend - Elevated Risk"
4058,2,"Loyal, High-Spend - Low Risk"
4059,3,"Loyal, Low-Spend - Lowest Risk"
4060,0,"New, High-Spend - Highest Risk"
4061,0,"New, High-Spend - Highest Risk"
4062,2,"Loyal, High-Spend - Low Risk"
4063,0,"New, High-Spend - Highest Risk"
4064,3,"Loyal, Low-Spend - Lowest Risk"
4065,1,"New, Low-Spend - Elevated Risk"
4066,2,"Loyal, High-Spend - Low Risk"
4067,3,"Loyal, Low-Spend - Lowest Risk"
4068,2,"Loyal, High-Spend - Low Risk"
4069,0,"New, High-Spend - Highest Risk"
4070,0,"New, High-Spend - Highest Risk"
4071,2,"Loyal, High-Spend - Low Risk"
4072,1,"New, Low-Spend - Elevated Risk"
4073,3,"Loyal, Low-Spend - Lowest Risk"
4074,2,"Loyal, High-Spend - Low Risk"
4075,0,"New, High-Spend - Highest Risk"
4076,0,"New, High-Spend - Highest Risk"
4077,2,"Loyal, High-Spend - Low Risk"
4078,3,"Loyal, Low-Spend - Lowest Risk"
4079,2,"Loyal, High-Spend - Low Risk"
4080,3,"Loyal, Low-Spend - Lowest Risk"
4081,1,"New, Low-Spend - Elevated Risk"
4082,2,"Loyal, High-Spend - Low Risk"
4083,2,"Loyal, High-Spend - Low Risk"
4084,3,"Loyal, Low-Spend - Lowest Risk"
4085,1,"New, Low-Spend - Elevated Risk"
4086,2,"Loyal, High-Spend - Low Risk"
4087,0,"New, High-Spend - Highest Risk"
4088,3,"Loyal, Low-Spend - Lowest Risk"
4089,0,"New, High-Spend - Highest Risk"
4090,2,"Loyal, High-Spend - Low Risk"
4091,0,"New, High-Spend - Highest Risk"
4092,0,"New, High-Spend - Highest Risk"
4093,0,"New, High-Spend - Highest Risk"
4094,2,"Loyal, High-Spend - Low Risk"
4095,1,"New, Low-Spend - Elevated Risk"
4096,1,"New, Low-Spend - Elevated Risk"
4097,3,"Loyal, Low-Spend - Lowest Risk"
4098,2,"Loyal, High-Spend - Low Risk"
4099,2,"Loyal, High-Spend - Low Risk"
4100,1,"New, Low-Spend - Elevated Risk"
4101,0,"New, High-Spend - Highest Risk"
4102,3,"Loyal, Low-Spend - Lowest Risk"
4103,3,"Loyal, Low-Spend - Lowest Risk"
4104,0,"New, High-Spend - Highest Risk"
4105,0,"New, High-Spend - Highest Risk"
4106,1,"New, Low-Spend - Elevated Risk"
4107,2,"Loyal, High-Spend - Low Risk"
4108,1,"New, Low-Spend - Elevated Risk"
4109,2,"Loyal, High-Spend - Low Risk"
4110,2,"Loyal, High-Spend - Low Risk"
4111,1,"New, Low-Spend - Elevated Risk"
4112,0,"New, High-Spend - Highest Risk"
4113,2,"Loyal, High-Spend - Low Risk"
4114,2,"Loyal, High-Spend - Low Risk"
4115,1,"New, Low-Spend - Elevated Risk"
4116,1,"New, Low-Spend - Elevated Risk"
4117,0,"New, High-Spend - Highest Risk"
4118,3,"Loyal, Low-Spend - Lowest Risk"
4119,2,"Loyal, High-Spend - Low Risk"
4120,1,"New, Low-Spend - Elevated Risk"
4121,0,"New, High-Spend - Highest Risk"
4122,0,"New, High-Spend - Highest Risk"
4123,0,"New, High-Spend - Highest Risk"
4124,0,"New, High-Spend - Highest Risk"
4125,0,"New, High-Spend - Highest Risk"
4126,0,"New, High-Spend - Highest Risk"
4127,0,"New, High-Spend - Highest Risk"
4128,0,"New, High-Spend - Highest Risk"
4129,2,"Loyal, High-Spend - Low Risk"
4130,0,"New, High-Spend - Highest Risk"
4131,0,"New, High-Spend - Highest Risk"
4132,1,"New, Low-Spend - Elevated Risk"
4133,2,"Loyal, High-Spend - Low Risk"
4134,0,"New, High-Spend - Highest Risk"
4135,3,"Loyal, Low-Spend - Lowest Risk"
4136,1,"New, Low-Spend - Elevated Risk"
4137,0,"New, High-Spend - Highest Risk"
4138,3,"Loyal, Low-Spend - Lowest Risk"
4139,0,"New, High-Spend - Highest Risk"
4140,1,"New, Low-Spend - Elevated Risk"
4141,2,"Loyal, High-Spend - Low Risk"
4142,3,"Loyal, Low-Spend - Lowest Risk"
4143,1,"New, Low-Spend - Elevated Risk"
4144,1,"New, Low-Spend - Elevated Risk"
4145,2,"Loyal, High-Spend - Low Risk"
4146,2,"Loyal, High-Spend - Low Risk"
4147,2,"Loyal, High-Spend - Low Risk"
4148,0,"New, High-Spend - Highest Risk"
4149,2,"Loyal, High-Spend - Low Risk"
4150,2,"Loyal, High-Spend - Low Risk"
4151,0,"New, High-Spend - Highest Risk"
4152,1,"New, Low-Spend - Elevated Risk"
4153,2,"Loyal, High-Spend - Low Risk"
4154,0,"New, High-Spend - Highest Risk"
4155,0,"New, High-Spend - Highest Risk"
4156,1,"New, Low-Spend - Elevated Risk"
4157,0,"New, High-Spend - Highest Risk"
4158,0,"New, High-Spend - Highest Risk"
4159,2,"Loyal, High-Spend - Low Risk"
4160,0,"New, High-Spend - Highest Risk"
4161,0,"New, High-Spend - Highest Risk"
4162,2,"Loyal, High-Spend - Low Risk"
4163,0,"New, High-Spend - Highest Risk"
4164,2,"Loyal, High-Spend - Low Risk"
4165,2,"Loyal, High-Spend - Low Risk"
4166,2,"Loyal, High-Spend - Low Risk"
4167,3,"Loyal, Low-Spend - Lowest Risk"
4168,3,"Loyal, Low-Spend - Lowest Risk"
4169,1,"New, Low-Spend - Elevated Risk"
4170,0,"New, High-Spend - Highest Risk"
4171,3,"Loyal, Low-Spend - Lowest Risk"
4172,0,"New, High-Spend - Highest Risk"
4173,1,"New, Low-Spend - Elevated Risk"
4174,2,"Loyal, High-Spend - Low Risk"
4175,3,"Loyal, Low-Spend - Lowest Risk"
4176,3,"Loyal, Low-Spend - Lowest Risk"
4177,0,"New, High-Spend - Highest Risk"
4178,3,"Loyal, Low-Spend - Lowest Risk"
4179,2,"Loyal, High-Spend - Low Risk"
4180,0,"New, High-Spend - Highest Risk"
4181,3,"Loyal, Low-Spend - Lowest Risk"
4182,3,"Loyal, Low-Spend - Lowest Risk"
4183,1,"New, Low-Spend - Elevated Risk"
4184,1,"New, Low-Spend - Elevated Risk"
4185,0,"New, High-Spend - Highest Risk"
4186,3,"Loyal, Low-Spend - Lowest Risk"
4187,2,"Loyal, High-Spend - Low Risk"
4188,2,"Loyal, High-Spend - Low Risk"
4189,0,"New, High-Spend - Highest Risk"
4190,0,"New, High-Spend - Highest Risk"
4191,3,"Loyal, Low-Spend - Lowest Risk"
4192,1,"New, Low-Spend - Elevated Risk"
4193,1,"New, Low-Spend - Elevated Risk"
4194,3,"Loyal, Low-Spend - Lowest Risk"
4195,2,"Loyal, High-Spend - Low Risk"
4196,2,"Loyal, High-Spend - Low Risk"
4197,3,"Loyal, Low-Spend - Lowest Risk"
4198,2,"Loyal, High-Spend - Low Risk"
4199,0,"New, High-Spend - Highest Risk"
4200,3,"Loyal, Low-Spend - Lowest Risk"
4201,1,"New, Low-Spend - Elevated Risk"
4202,0,"New, High-Spend - Highest Risk"
4203,2,"Loyal, High-Spend - Low Risk"
4204,2,"Loyal, High-Spend - Low Risk"
4205,2,"Loyal, High-Spend - Low Risk"
4206,2,"Loyal, High-Spend - Low Risk"
4207,0,"New, High-Spend - Highest Risk"
4208,2,"Loyal, High-Spend - Low Risk"
4209,2,"Loyal, High-Spend - Low Risk"
4210,0,"New, High-Spend - Highest Risk"
4211,1,"New, Low-Spend - Elevated Risk"
4212,3,"Loyal, Low-Spend - Lowest Risk"
4213,3,"Loyal, Low-Spend - Lowest Risk"
4214,1,"New, Low-Spend - Elevated Risk"
4215,1,"New, Low-Spend - Elevated Risk"
4216,0,"New, High-Spend - Highest Risk"
4217,3,"Loyal, Low-Spend - Lowest Risk"
4218,2,"Loyal, High-Spend - Low Risk"
4219,0,"New, High-Spend - Highest Risk"
4220,2,"Loyal, High-Spend - Low Risk"
4221,3,"Loyal, Low-Spend - Lowest Risk"
4222,0,"New, High-Spend - Highest Risk"
4223,0,"New, High-Spend - Highest Risk"
4224,1,"New, Low-Spend - Elevated Risk"
4225,1,"New, Low-Spend - Elevated Risk"
4226,1,"New, Low-Spend - Elevated Risk"
4227,0,"New, High-Spend - Highest Risk"
4228,2,"Loyal, High-Spend - Low Risk"
4229,2,"Loyal, High-Spend - Low Risk"
4230,0,"New, High-Spend - Highest Risk"
4231,3,"Loyal, Low-Spend - Lowest Risk"
4232,2,"Loyal, High-Spend - Low Risk"
4233,1,"New, Low-Spend - Elevated Risk"
4234,1,"New, Low-Spend - Elevated Risk"
4235,1,"New, Low-Spend - Elevated Risk"
4236,1,"New, Low-Spend - Elevated Risk"
4237,0,"New, High-Spend - Highest Risk"
4238,1,"New, Low-Spend - Elevated Risk"
4239,3,"Loyal, Low-Spend - Lowest Risk"
4240,2,"Loyal, High-Spend - Low Risk"
4241,0,"New, High-Spend - Highest Risk"
4242,2,"Loyal, High-Spend - Low Risk"
4243,1,"New, Low-Spend - Elevated Risk"
4244,3,"Loyal, Low-Spend - Lowest Risk"
4245,2,"Loyal, High-Spend - Low Risk"
4246,0,"New, High-Spend - Highest Risk"
4247,2,"Loyal, High-Spend - Low Risk"
4248,3,"Loyal, Low-Spend - Lowest Risk"
4249,2,"Loyal, High-Spend - Low Risk"
4250,0,"New, High-Spend - Highest Risk"
4251,2,"Loyal, High-Spend - Low Risk"
4252,3,"Loyal, Low-Spend - Lowest Risk"
4253,0,"New, High-Spend - Highest Risk"
4254,2,"Loyal, High-Spend - Low Risk"
4255,0,"New, High-Spend - Highest Risk"
4256,1,"New, Low-Spend - Elevated Risk"
4257,2,"Loyal, High-Spend - Low Risk"
4258,1,"New, Low-Spend - Elevated Risk"
4259,1,"New, Low-Spend - Elevated Risk"
4260,0,"New, High-Spend - Highest Risk"
4261,3,"Loyal, Low-Spend - Lowest Risk"
4262,1,"New, Low-Spend - Elevated Risk"
4263,3,"Loyal, Low-Spend - Lowest Risk"
4264,0,"New, High-Spend - Highest Risk"
4265,3,"Loyal, Low-Spend - Lowest Risk"
4266,1,"New, Low-Spend - Elevated Risk"
4267,1,"New, Low-Spend - Elevated Risk"
4268,2,"Loyal, High-Spend - Low Risk"
4269,1,"New, Low-Spend - Elevated Risk"
4270,3,"Loyal, Low-Spend - Lowest Risk"
4271,1,"New, Low-Spend - Elevated Risk"
4272,2,"Loyal, High-Spend - Low Risk"
4273,3,"Loyal, Low-Spend - Lowest Risk"
4274,2,"Loyal, High-Spend - Low Risk"
4275,2,"Loyal, High-Spend - Low Risk"
4276,2,"Loyal, High-Spend - Low Risk"
4277,2,"Loyal, High-Spend - Low Risk"
4278,0,"New, High-Spend - Highest Risk"
4279,0,"New, High-Spend - Highest Risk"
4280,1,"New, Low-Spend - Elevated Risk"
4281,2,"Loyal, High-Spend - Low Risk"
4282,2,"Loyal, High-Spend - Low Risk"
4283,0,"New, High-Spend - Highest Risk"
4284,0,"New, High-Spend - Highest Risk"
4285,2,"Loyal, High-Spend - Low Risk"
4286,0,"New, High-Spend - Highest Risk"
4287,2,"Loyal, High-Spend - Low Risk"
4288,2,"Loyal, High-Spend - Low Risk"
4289,0,"New, High-Spend - Highest Risk"
4290,2,"Loyal, High-Spend - Low Risk"
4291,3,"Loyal, Low-Spend - Lowest Risk"
4292,0,"New, High-Spend - Highest Risk"
4293,3,"Loyal, Low-Spend - Lowest Risk"
4294,2,"Loyal, High-Spend - Low Risk"
4295,2,"Loyal, High-Spend - Low Risk"
4296,0,"New, High-Spend - Highest Risk"
4297,0,"New, High-Spend - Highest Risk"
4298,1,"New, Low-Spend - Elevated Risk"
4299,0,"New, High-Spend - Highest Risk"
4300,1,"New, Low-Spend - Elevated Risk"
4301,1,"New, Low-Spend - Elevated Risk"
4302,3,"Loyal, Low-Spend - Lowest Risk"
4303,3,"Loyal, Low-Spend - Lowest Risk"
4304,2,"Loyal, High-Spend - Low Risk"
4305,0,"New, High-Spend - Highest Risk"
4306,1,"New, Low-Spend - Elevated Risk"
4307,1,"New, Low-Spend - Elevated Risk"
4308,2,"Loyal, High-Spend - Low Risk"
4309,0,"New, High-Spend - Highest Risk"
4310,2,"Loyal, High-Spend - Low Risk"
4311,1,"New, Low-Spend - Elevated Risk"
4312,1,"New, Low-Spend - Elevated Risk"
4313,1,"New, Low-Spend - Elevated Risk"
4314,2,"Loyal, High-Spend - Low Risk"
4315,1,"New, Low-Spend - Elevated Risk"
4316,1,"New, Low-Spend - Elevated Risk"
4317,2,"Loyal, High-Spend - Low Risk"
4318,2,"Loyal, High-Spend - Low Risk"
4319,1,"New, Low-Spend - Elevated Risk"
4320,0,"New, High-Spend - Highest Risk"
4321,3,"Loyal, Low-Spend - Lowest Risk"
4322,1,"New, Low-Spend - Elevated Risk"
4323,2,"Loyal, High-Spend - Low Risk"
4324,2,"Loyal, High-Spend - Low Risk"
4325,0,"New, High-Spend - Highest Risk"
4326,1,"New, Low-Spend - Elevated Risk"
4327,0,"New, High-Spend - Highest Risk"
4328,1,"New, Low-Spend - Elevated Risk"
4329,1,"New, Low-Spend - Elevated Risk"
4330,2,"Loyal, High-Spend - Low Risk"
4331,3,"Loyal, Low-Spend - Lowest Risk"
4332,3,"Loyal, Low-Spend - Lowest Risk"
4333,0,"New, High-Spend - Highest Risk"
4334,0,"New, High-Spend - Highest Risk"
4335,0,"New, High-Spend - Highest Risk"
4336,3,"Loyal, Low-Spend - Lowest Risk"
4337,0,"New, High-Spend - Highest Risk"
4338,0,"New, High-Spend - Highest Risk"
4339,2,"Loyal, High-Spend - Low Risk"
4340,2,"Loyal, High-Spend - Low Risk"
4341,0,"New, High-Spend - Highest Risk"
4342,3,"Loyal, Low-Spend - Lowest Risk"
4343,0,"New, High-Spend - Highest Risk"
4344,1,"New, Low-Spend - Elevated Risk"
4345,3,"Loyal, Low-Spend - Lowest Risk"
4346,1,"New, Low-Spend - Elevated Risk"
4347,0,"New, High-Spend - Highest Risk"
4348,2,"Loyal, High-Spend - Low Risk"
4349,2,"Loyal, High-Spend - Low Risk"
4350,0,"New, High-Spend - Highest Risk"
4351,0,"New, High-Spend - Highest Risk"
4352,1,"New, Low-Spend - Elevated Risk"
4353,0,"New, High-Spend - Highest Risk"
4354,0,"New, High-Spend - Highest Risk"
4355,1,"New, Low-Spend - Elevated Risk"
4356,0,"New, High-Spend - Highest Risk"
4357,0,"New, High-Spend - Highest Risk"
4358,1,"New, Low-Spend - Elevated Risk"
4359,0,"New, High-Spend - Highest Risk"
4360,0,"New, High-Spend - Highest Risk"
4361,0,"New, High-Spend - Highest Risk"
4362,2,"Loyal, High-Spend - Low Risk"
4363,3,"Loyal, Low-Spend - Lowest Risk"
4364,3,"Loyal, Low-Spend - Lowest Risk"
4365,1,"New, Low-Spend - Elevated Risk"
4366,2,"Loyal, High-Spend - Low Risk"
4367,0,"New, High-Spend - Highest Risk"
4368,2,"Loyal, High-Spend - Low Risk"
4369,1,"New, Low-Spend - Elevated Risk"
4370,2,"Loyal, High-Spend - Low Risk"
4371,3,"Loyal, Low-Spend - Lowest Risk"
4372,1,"New, Low-Spend - Elevated Risk"
4373,3,"Loyal, Low-Spend - Lowest Risk"
4374,1,"New, Low-Spend - Elevated Risk"
4375,0,"New, High-Spend - Highest Risk"
4376,2,"Loyal, High-Spend - Low Risk"
4377,2,"Loyal, High-Spend - Low Risk"
4378,3,"Loyal, Low-Spend - Lowest Risk"
4379,1,"New, Low-Spend - Elevated Risk"
4380,1,"New, Low-Spend - Elevated Risk"
4381,0,"New, High-Spend - Highest Risk"
4382,0,"New, High-Spend - Highest Risk"
4383,0,"New, High-Spend - Highest Risk"
4384,0,"New, High-Spend - Highest Risk"
4385,1,"New, Low-Spend - Elevated Risk"
4386,0,"New, High-Spend - Highest Risk"
4387,1,"New, Low-Spend - Elevated Risk"
4388,0,"New, High-Spend - Highest Risk"
4389,0,"New, High-Spend - Highest Risk"
4390,3,"Loyal, Low-Spend - Lowest Risk"
4391,1,"New, Low-Spend - Elevated Risk"
4392,1,"New, Low-Spend - Elevated Risk"
4393,1,"New, Low-Spend - Elevated Risk"
4394,3,"Loyal, Low-Spend - Lowest Risk"
4395,3,"Loyal, Low-Spend - Lowest Risk"
4396,0,"New, High-Spend - Highest Risk"
4397,0,"New, High-Spend - Highest Risk"
4398,0,"New, High-Spend - Highest Risk"
4399,1,"New, Low-Spend - Elevated Risk"
4400,0,"New, High-Spend - Highest Risk"
4401,2,"Loyal, High-Spend - Low Risk"
4402,0,"New, High-Spend - Highest Risk"
4403,0,"New, High-Spend - Highest Risk"
4404,3,"Loyal, Low-Spend - Lowest Risk"
4405,0,"New, High-Spend - Highest Risk"
4406,0,"New, High-Spend - Highest Risk"
4407,3,"Loyal, Low-Spend - Lowest Risk"
4408,1,"New, Low-Spend - Elevated Risk"
4409,2,"Loyal, High-Spend - Low Risk"
4410,0,"New, High-Spend - Highest Risk"
4411,1,"New, Low-Spend - Elevated Risk"
4412,1,"New, Low-Spend - Elevated Risk"
4413,2,"Loyal, High-Spend - Low Risk"
4414,0,"New, High-Spend - Highest Risk"
4415,3,"Loyal, Low-Spend - Lowest Risk"
4416,2,"Loyal, High-Spend - Low Risk"
4417,0,"New, High-Spend - Highest Risk"
4418,1,"New, Low-Spend - Elevated Risk"
4419,3,"Loyal, Low-Spend - Lowest Risk"
4420,0,"New, High-Spend - Highest Risk"
4421,2,"Loyal, High-Spend - Low Risk"
4422,3,"Loyal, Low-Spend - Lowest Risk"
4423,0,"New, High-Spend - Highest Risk"
4424,3,"Loyal, Low-Spend - Lowest Risk"
4425,1,"New, Low-Spend - Elevated Risk"
4426,3,"Loyal, Low-Spend - Lowest Risk"
4427,3,"Loyal, Low-Spend - Lowest Risk"
4428,0,"New, High-Spend - Highest Risk"
4429,0,"New, High-Spend - Highest Risk"
4430,2,"Loyal, High-Spend - Low Risk"
4431,0,"New, High-Spend - Highest Risk"
4432,1,"New, Low-Spend - Elevated Risk"
4433,1,"New, Low-Spend - Elevated Risk"
4434,1,"New, Low-Spend - Elevated Risk"
4435,1,"New, Low-Spend - Elevated Risk"
4436,1,"New, Low-Spend - Elevated Risk"
4437,1,"New, Low-Spend - Elevated Risk"
4438,2,"Loyal, High-Spend - Low Risk"
4439,1,"New, Low-Spend - Elevated Risk"
4440,0,"New, High-Spend - Highest Risk"
4441,1,"New, Low-Spend - Elevated Risk"
4442,0,"New, High-Spend - Highest Risk"
4443,1,"New, Low-Spend - Elevated Risk"
4444,2,"Loyal, High-Spend - Low Risk"
4445,1,"New, Low-Spend - Elevated Risk"
4446,2,"Loyal, High-Spend - Low Risk"
4447,1,"New, Low-Spend - Elevated Risk"
4448,2,"Loyal, High-Spend - Low Risk"
4449,0,"New, High-Spend - Highest Risk"
4450,1,"New, Low-Spend - Elevated Risk"
4451,3,"Loyal, Low-Spend - Lowest Risk"
4452,0,"New, High-Spend - Highest Risk"
4453,0,"New, High-Spend - Highest Risk"
4454,2,"Loyal, High-Spend - Low Risk"
4455,1,"New, Low-Spend - Elevated Risk"
4456,1,"New, Low-Spend - Elevated Risk"
4457,1,"New, Low-Spend - Elevated Risk"
4458,1,"New, Low-Spend - Elevated Risk"
4459,0,"New, High-Spend - Highest Risk"
4460,3,"Loyal, Low-Spend - Lowest Risk"
4461,2,"Loyal, High-Spend - Low Risk"
4462,2,"Loyal, High-Spend - Low Risk"
4463,2,"Loyal, High-Spend - Low Risk"
4464,2,"Loyal, High-Spend - Low Risk"
4465,1,"New, Low-Spend - Elevated Risk"
4466,1,"New, Low-Spend - Elevated Risk"
4467,1,"New, Low-Spend - Elevated Risk"
4468,2,"Loyal, High-Spend - Low Risk"
4469,2,"Loyal, High-Spend - Low Risk"
4470,1,"New, Low-Spend - Elevated Risk"
4471,0,"New, High-Spend - Highest Risk"
4472,3,"Loyal, Low-Spend - Lowest Risk"
4473,3,"Loyal, Low-Spend - Lowest Risk"
4474,0,"New, High-Spend - Highest Risk"
4475,2,"Loyal, High-Spend - Low Risk"
4476,1,"New, Low-Spend - Elevated Risk"
4477,2,"Loyal, High-Spend - Low Risk"
4478,0,"New, High-Spend - Highest Risk"
4479,3,"Loyal, Low-Spend - Lowest Risk"
4480,0,"New, High-Spend - Highest Risk"
4481,1,"New, Low-Spend - Elevated Risk"
4482,2,"Loyal, High-Spend - Low Risk"
4483,1,"New, Low-Spend - Elevated Risk"
4484,0,"New, High-Spend - Highest Risk"
4485,0,"New, High-Spend - Highest Risk"
4486,0,"New, High-Spend - Highest Risk"
4487,1,"New, Low-Spend - Elevated Risk"
4488,2,"Loyal, High-Spend - Low Risk"
4489,1,"New, Low-Spend - Elevated Risk"
4490,0,"New, High-Spend - Highest Risk"
4491,0,"New, High-Spend - Highest Risk"
4492,3,"Loyal, Low-Spend - Lowest Risk"
4493,2,"Loyal, High-Spend - Low Risk"
4494,1,"New, Low-Spend - Elevated Risk"
4495,3,"Loyal, Low-Spend - Lowest Risk"
4496,2,"Loyal, High-Spend - Low Risk"
4497,0,"New, High-Spend - Highest Risk"
4498,0,"New, High-Spend - Highest Risk"
4499,2,"Loyal, High-Spend - Low Risk"
4500,0,"New, High-Spend - Highest Risk"
4501,1,"New, Low-Spend - Elevated Risk"
4502,2,"Loyal, High-Spend - Low Risk"
4503,1,"New, Low-Spend - Elevated Risk"
4504,1,"New, Low-Spend - Elevated Risk"
4505,2,"Loyal, High-Spend - Low Risk"
4506,0,"New, High-Spend - Highest Risk"
4507,2,"Loyal, High-Spend - Low Risk"
4508,0,"New, High-Spend - Highest Risk"
4509,2,"Loyal, High-Spend - Low Risk"
4510,1,"New, Low-Spend - Elevated Risk"
4511,0,"New, High-Spend - Highest Risk"
4512,1,"New, Low-Spend - Elevated Risk"
4513,1,"New, Low-Spend - Elevated Risk"
4514,0,"New, High-Spend - Highest Risk"
4515,0,"New, High-Spend - Highest Risk"
4516,3,"Loyal, Low-Spend - Lowest Risk"
4517,2,"Loyal, High-Spend - Low Risk"
4518,1,"New, Low-Spend - Elevated Risk"
4519,0,"New, High-Spend - Highest Risk"
4520,3,"Loyal, Low-Spend - Lowest Risk"
4521,0,"New, High-Spend - Highest Risk"
4522,0,"New, High-Spend - Highest Risk"
4523,1,"New, Low-Spend - Elevated Risk"
4524,3,"Loyal, Low-Spend - Lowest Risk"
4525,2,"Loyal, High-Spend - Low Risk"
4526,1,"New, Low-Spend - Elevated Risk"
4527,0,"New, High-Spend - Highest Risk"
4528,1,"New, Low-Spend - Elevated Risk"
4529,2,"Loyal, High-Spend - Low Risk"
4530,0,"New, High-Spend - Highest Risk"
4531,3,"Loyal, Low-Spend - Lowest Risk"
4532,0,"New, High-Spend - Highest Risk"
4533,0,"New, High-Spend - Highest Risk"
4534,2,"Loyal, High-Spend - Low Risk"
4535,2,"Loyal, High-Spend - Low Risk"
4536,1,"New, Low-Spend - Elevated Risk"
4537,0,"New, High-Spend - Highest Risk"
4538,3,"Loyal, Low-Spend - Lowest Risk"
4539,3,"Loyal, Low-Spend - Lowest Risk"
4540,1,"New, Low-Spend - Elevated Risk"
4541,0,"New, High-Spend - Highest Risk"
4542,1,"New, Low-Spend - Elevated Risk"
4543,0,"New, High-Spend - Highest Risk"
4544,3,"Loyal, Low-Spend - Lowest Risk"
4545,0,"New, High-Spend - Highest Risk"
4546,2,"Loyal, High-Spend - Low Risk"
4547,1,"New, Low-Spend - Elevated Risk"
4548,0,"New, High-Spend - Highest Risk"
4549,1,"New, Low-Spend - Elevated Risk"
4550,2,"Loyal, High-Spend - Low Risk"
4551,1,"New, Low-Spend - Elevated Risk"
4552,1,"New, Low-Spend - Elevated Risk"
4553,1,"New, Low-Spend - Elevated Risk"
4554,0,"New, High-Spend - Highest Risk"
4555,3,"Loyal, Low-Spend - Lowest Risk"
4556,1,"New, Low-Spend - Elevated Risk"
4557,0,"New, High-Spend - Highest Risk"
4558,3,"Loyal, Low-Spend - Lowest Risk"
4559,1,"New, Low-Spend - Elevated Risk"
4560,2,"Loyal, High-Spend - Low Risk"
4561,3,"Loyal, Low-Spend - Lowest Risk"
4562,1,"New, Low-Spend - Elevated Risk"
4563,1,"New, Low-Spend - Elevated Risk"
4564,2,"Loyal, High-Spend - Low Risk"
4565,0,"New, High-Spend - Highest Risk"
4566,0,"New, High-Spend - Highest Risk"
4567,3,"Loyal, Low-Spend - Lowest Risk"
4568,0,"New, High-Spend - Highest Risk"
4569,0,"New, High-Spend - Highest Risk"
4570,2,"Loyal, High-Spend - Low Risk"
4571,2,"Loyal, High-Spend - Low Risk"
4572,0,"New, High-Spend - Highest Risk"
4573,0,"New, High-Spend - Highest Risk"
4574,3,"Loyal, Low-Spend - Lowest Risk"
4575,2,"Loyal, High-Spend - Low Risk"
4576,2,"Loyal, High-Spend - Low Risk"
4577,1,"New, Low-Spend - Elevated Risk"
4578,1,"New, Low-Spend - Elevated Risk"
4579,0,"New, High-Spend - Highest Risk"
4580,2,"Loyal, High-Spend - Low Risk"
4581,3,"Loyal, Low-Spend - Lowest Risk"
4582,0,"New, High-Spend - Highest Risk"
4583,3,"Loyal, Low-Spend - Lowest Risk"
4584,2,"Loyal, High-Spend - Low Risk"
4585,1,"New, Low-Spend - Elevated Risk"
4586,1,"New, Low-Spend - Elevated Risk"
4587,3,"Loyal, Low-Spend - Lowest Risk"
4588,1,"New, Low-Spend - Elevated Risk"
4589,1,"New, Low-Spend - Elevated Risk"
4590,0,"New, High-Spend - Highest Risk"
4591,0,"New, High-Spend - Highest Risk"
4592,0,"New, High-Spend - Highest Risk"
4593,2,"Loyal, High-Spend - Low Risk"
4594,3,"Loyal, Low-Spend - Lowest Risk"
4595,0,"New, High-Spend - Highest Risk"
4596,1,"New, Low-Spend - Elevated Risk"
4597,2,"Loyal, High-Spend - Low Risk"
4598,0,"New, High-Spend - Highest Risk"
4599,3,"Loyal, Low-Spend - Lowest Risk"
4600,1,"New, Low-Spend - Elevated Risk"
4601,2,"Loyal, High-Spend - Low Risk"
4602,1,"New, Low-Spend - Elevated Risk"
4603,1,"New, Low-Spend - Elevated Risk"
4604,0,"New, High-Spend - Highest Risk"
4605,1,"New, Low-Spend - Elevated Risk"
4606,0,"New, High-Spend - Highest Risk"
4607,2,"Loyal, High-Spend - Low Risk"
4608,3,"Loyal, Low-Spend - Lowest Risk"
4609,2,"Loyal, High-Spend - Low Risk"
4610,2,"Loyal, High-Spend - Low Risk"
4611,0,"New, High-Spend - Highest Risk"
4612,2,"Loyal, High-Spend - Low Risk"
4613,2,"Loyal, High-Spend - Low Risk"
4614,1,"New, Low-Spend - Elevated Risk"
4615,0,"New, High-Spend - Highest Risk"
4616,1,"New, Low-Spend - Elevated Risk"
4617,3,"Loyal, Low-Spend - Lowest Risk"
4618,0,"New, High-Spend - Highest Risk"
4619,1,"New, Low-Spend - Elevated Risk"
4620,0,"New, High-Spend - Highest Risk"
4621,1,"New, Low-Spend - Elevated Risk"
4622,3,"Loyal, Low-Spend - Lowest Risk"
4623,0,"New, High-Spend - Highest Risk"
4624,3,"Loyal, Low-Spend - Lowest Risk"
4625,1,"New, Low-Spend - Elevated Risk"
4626,1,"New, Low-Spend - Elevated Risk"
4627,1,"New, Low-Spend - Elevated Risk"
4628,3,"Loyal, Low-Spend - Lowest Risk"
4629,3,"Loyal, Low-Spend - Lowest Risk"
4630,1,"New, Low-Spend - Elevated Risk"
4631,2,"Loyal, High-Spend - Low Risk"
4632,2,"Loyal, High-Spend - Low Risk"
4633,1,"New, Low-Spend - Elevated Risk"
4634,0,"New, High-Spend - Highest Risk"
4635,3,"Loyal, Low-Spend - Lowest Risk"
4636,1,"New, Low-Spend - Elevated Risk"
4637,0,"New, High-Spend - Highest Risk"
4638,0,"New, High-Spend - Highest Risk"
4639,0,"New, High-Spend - Highest Risk"
4640,0,"New, High-Spend - Highest Risk"
4641,1,"New, Low-Spend - Elevated Risk"
4642,2,"Loyal, High-Spend - Low Risk"
4643,1,"New, Low-Spend - Elevated Risk"
4644,3,"Loyal, Low-Spend - Lowest Risk"
4645,2,"Loyal, High-Spend - Low Risk"
4646,1,"New, Low-Spend - Elevated Risk"
4647,0,"New, High-Spend - Highest Risk"
4648,2,"Loyal, High-Spend - Low Risk"
4649,2,"Loyal, High-Spend - Low Risk"
4650,3,"Loyal, Low-Spend - Lowest Risk"
4651,0,"New, High-Spend - Highest Risk"
4652,1,"New, Low-Spend - Elevated Risk"
4653,1,"New, Low-Spend - Elevated Risk"
4654,0,"New, High-Spend - Highest Risk"
4655,0,"New, High-Spend - Highest Risk"
4656,0,"New, High-Spend - Highest Risk"
4657,2,"Loyal, High-Spend - Low Risk"
4658,0,"New, High-Spend - Highest Risk"
4659,1,"New, Low-Spend - Elevated Risk"
4660,1,"New, Low-Spend - Elevated Risk"
4661,2,"Loyal, High-Spend - Low Risk"
4662,2,"Loyal, High-Spend - Low Risk"
4663,1,"New, Low-Spend - Elevated Risk"
4664,2,"Loyal, High-Spend - Low Risk"
4665,2,"Loyal, High-Spend - Low Risk"
4666,2,"Loyal, High-Spend - Low Risk"
4667,3,"Loyal, Low-Spend - Lowest Risk"
4668,2,"Loyal, High-Spend - Low Risk"
4669,0,"New, High-Spend - Highest Risk"
4670,2,"Loyal, High-Spend - Low Risk"
4671,3,"Loyal, Low-Spend - Lowest Risk"
4672,0,"New, High-Spend - Highest Risk"
4673,0,"New, High-Spend - Highest Risk"
4674,1,"New, Low-Spend - Elevated Risk"
4675,2,"Loyal, High-Spend - Low Risk"
4676,0,"New, High-Spend - Highest Risk"
4677,0,"New, High-Spend - Highest Risk"
4678,2,"Loyal, High-Spend - Low Risk"
4679,1,"New, Low-Spend - Elevated Risk"
4680,0,"New, High-Spend - Highest Risk"
4681,2,"Loyal, High-Spend - Low Risk"
4682,0,"New, High-Spend - Highest Risk"
4683,1,"New, Low-Spend - Elevated Risk"
4684,3,"Loyal, Low-Spend - Lowest Risk"
4685,2,"Loyal, High-Spend - Low Risk"
4686,1,"New, Low-Spend - Elevated Risk"
4687,1,"New, Low-Spend - Elevated Risk"
4688,2,"Loyal, High-Spend - Low Risk"
4689,3,"Loyal, Low-Spend - Lowest Risk"
4690,2,"Loyal, High-Spend - Low Risk"
4691,3,"Loyal, Low-Spend - Lowest Risk"
4692,2,"Loyal, High-Spend - Low Risk"
4693,3,"Loyal, Low-Spend - Lowest Risk"
4694,3,"Loyal, Low-Spend - Lowest Risk"
4695,2,"Loyal, High-Spend - Low Risk"
4696,1,"New, Low-Spend - Elevated Risk"
4697,0,"New, High-Spend - Highest Risk"
4698,1,"New, Low-Spend - Elevated Risk"
4699,3,"Loyal, Low-Spend - Lowest Risk"
4700,2,"Loyal, High-Spend - Low Risk"
4701,2,"Loyal, High-Spend - Low Risk"
4702,3,"Loyal, Low-Spend - Lowest Risk"
4703,2,"Loyal, High-Spend - Low Risk"
4704,0,"New, High-Spend - Highest Risk"
4705,2,"Loyal, High-Spend - Low Risk"
4706,0,"New, High-Spend - Highest Risk"
4707,0,"New, High-Spend - Highest Risk"
4708,0,"New, High-Spend - Highest Risk"
4709,0,"New, High-Spend - Highest Risk"
4710,0,"New, High-Spend - Highest Risk"
4711,3,"Loyal, Low-Spend - Lowest Risk"
4712,0,"New, High-Spend - Highest Risk"
4713,2,"Loyal, High-Spend - Low Risk"
4714,2,"Loyal, High-Spend - Low Risk"
4715,0,"New, High-Spend - Highest Risk"
4716,3,"Loyal, Low-Spend - Lowest Risk"
4717,0,"New, High-Spend - Highest Risk"
4718,1,"New, Low-Spend - Elevated Risk"
4719,1,"New, Low-Spend - Elevated Risk"
4720,1,"New, Low-Spend - Elevated Risk"
4721,0,"New, High-Spend - Highest Risk"
4722,3,"Loyal, Low-Spend - Lowest Risk"
4723,3,"Loyal, Low-Spend - Lowest Risk"
4724,1,"New, Low-Spend - Elevated Risk"
4725,2,"Loyal, High-Spend - Low Risk"
4726,1,"New, Low-Spend - Elevated Risk"
4727,2,"Loyal, High-Spend - Low Risk"
4728,0,"New, High-Spend - Highest Risk"
4729,3,"Loyal, Low-Spend - Lowest Risk"
4730,0,"New, High-Spend - Highest Risk"
4731,2,"Loyal, High-Spend - Low Risk"
4732,3,"Loyal, Low-Spend - Lowest Risk"
4733,3,"Loyal, Low-Spend - Lowest Risk"
4734,3,"Loyal, Low-Spend - Lowest Risk"
4735,2,"Loyal, High-Spend - Low Risk"
4736,0,"New, High-Spend - Highest Risk"
4737,2,"Loyal, High-Spend - Low Risk"
4738,2,"Loyal, High-Spend - Low Risk"
4739,0,"New, High-Spend - Highest Risk"
4740,2,"Loyal, High-Spend - Low Risk"
4741,2,"Loyal, High-Spend - Low Risk"
4742,2,"Loyal, High-Spend - Low Risk"
4743,2,"Loyal, High-Spend - Low Risk"
4744,0,"New, High-Spend - Highest Risk"
4745,3,"Loyal, Low-Spend - Lowest Risk"
4746,2,"Loyal, High-Spend - Low Risk"
4747,2,"Loyal, High-Spend - Low Risk"
4748,2,"Loyal, High-Spend - Low Risk"
4749,0,"New, High-Spend - Highest Risk"
4750,0,"New, High-Spend - Highest Risk"
4751,0,"New, High-Spend - Highest Risk"
4752,1,"New, Low-Spend - Elevated Risk"
4753,3,"Loyal, Low-Spend - Lowest Risk"
4754,0,"New, High-Spend - Highest Risk"
4755,0,"New, High-Spend - Highest Risk"
4756,3,"Loyal, Low-Spend - Lowest Risk"
4757,0,"New, High-Spend - Highest Risk"
4758,2,"Loyal, High-Spend - Low Risk"
4759,2,"Loyal, High-Spend - Low Risk"
4760,0,"New, High-Spend - Highest Risk"
4761,1,"New, Low-Spend - Elevated Risk"
4762,3,"Loyal, Low-Spend - Lowest Risk"
4763,0,"New, High-Spend - Highest Risk"
4764,0,"New, High-Spend - Highest Risk"
4765,3,"Loyal, Low-Spend - Lowest Risk"
4766,0,"New, High-Spend - Highest Risk"
4767,0,"New, High-Spend - Highest Risk"
4768,2,"Loyal, High-Spend - Low Risk"
4769,2,"Loyal, High-Spend - Low Risk"
4770,3,"Loyal, Low-Spend - Lowest Risk"
4771,2,"Loyal, High-Spend - Low Risk"
4772,3,"Loyal, Low-Spend - Lowest Risk"
4773,1,"New, Low-Spend - Elevated Risk"
4774,0,"New, High-Spend - Highest Risk"
4775,0,"New, High-Spend - Highest Risk"
4776,3,"Loyal, Low-Spend - Lowest Risk"
4777,1,"New, Low-Spend - Elevated Risk"
4778,3,"Loyal, Low-Spend - Lowest Risk"
4779,2,"Loyal, High-Spend - Low Risk"
4780,1,"New, Low-Spend - Elevated Risk"
4781,0,"New, High-Spend - Highest Risk"
4782,3,"Loyal, Low-Spend - Lowest Risk"
4783,0,"New, High-Spend - Highest Risk"
4784,1,"New, Low-Spend - Elevated Risk"
4785,0,"New, High-Spend - Highest Risk"
4786,0,"New, High-Spend - Highest Risk"
4787,0,"New, High-Spend - Highest Risk"
4788,3,"Loyal, Low-Spend - Lowest Risk"
4789,1,"New, Low-Spend - Elevated Risk"
4790,0,"New, High-Spend - Highest Risk"
4791,0,"New, High-Spend - Highest Risk"
4792,1,"New, Low-Spend - Elevated Risk"
4793,1,"New, Low-Spend - Elevated Risk"
4794,2,"Loyal, High-Spend - Low Risk"
4795,0,"New, High-Spend - Highest Risk"
4796,2,"Loyal, High-Spend - Low Risk"
4797,2,"Loyal, High-Spend - Low Risk"
4798,2,"Loyal, High-Spend - Low Risk"
4799,3,"Loyal, Low-Spend - Lowest Risk"
4800,3,"Loyal, Low-Spend - Lowest Risk"
4801,2,"Loyal, High-Spend - Low Risk"
4802,2,"Loyal, High-Spend - Low Risk"
4803,2,"Loyal, High-Spend - Low Risk"
4804,0,"New, High-Spend - Highest Risk"
4805,0,"New, High-Spend - Highest Risk"
4806,0,"New, High-Spend - Highest Risk"
4807,1,"New, Low-Spend - Elevated Risk"
4808,0,"New, High-Spend - Highest Risk"
4809,3,"Loyal, Low-Spend - Lowest Risk"
4810,2,"Loyal, High-Spend - Low Risk"
4811,0,"New, High-Spend - Highest Risk"
4812,1,"New, Low-Spend - Elevated Risk"
4813,2,"Loyal, High-Spend - Low Risk"
4814,1,"New, Low-Spend - Elevated Risk"
4815,0,"New, High-Spend - Highest Risk"
4816,3,"Loyal, Low-Spend - Lowest Risk"
4817,0,"New, High-Spend - Highest Risk"
4818,3,"Loyal, Low-Spend - Lowest Risk"
4819,1,"New, Low-Spend - Elevated Risk"
4820,1,"New, Low-Spend - Elevated Risk"
4821,3,"Loyal, Low-Spend - Lowest Risk"
4822,1,"New, Low-Spend - Elevated Risk"
4823,2,"Loyal, High-Spend - Low Risk"
4824,0,"New, High-Spend - Highest Risk"
4825,2,"Loyal, High-Spend - Low Risk"
4826,1,"New, Low-Spend - Elevated Risk"
4827,1,"New, Low-Spend - Elevated Risk"
4828,0,"New, High-Spend - Highest Risk"
4829,3,"Loyal, Low-Spend - Lowest Risk"
4830,1,"New, Low-Spend - Elevated Risk"
4831,3,"Loyal, Low-Spend - Lowest Risk"
4832,0,"New, High-Spend - Highest Risk"
4833,2,"Loyal, High-Spend - Low Risk"
4834,2,"Loyal, High-Spend - Low Risk"
4835,1,"New, Low-Spend - Elevated Risk"
4836,1,"New, Low-Spend - Elevated Risk"
4837,2,"Loyal, High-Spend - Low Risk"
4838,2,"Loyal, High-Spend - Low Risk"
4839,1,"New, Low-Spend - Elevated Risk"
4840,3,"Loyal, Low-Spend - Lowest Risk"
4841,1,"New, Low-Spend - Elevated Risk"
4842,3,"Loyal, Low-Spend - Lowest Risk"
4843,1,"New, Low-Spend - Elevated Risk"
4844,1,"New, Low-Spend - Elevated Risk"
4845,0,"New, High-Spend - Highest Risk"
4846,2,"Loyal, High-Spend - Low Risk"
4847,1,"New, Low-Spend - Elevated Risk"
4848,2,"Loyal, High-Spend - Low Risk"
4849,2,"Loyal, High-Spend - Low Risk"
4850,2,"Loyal, High-Spend - Low Risk"
4851,3,"Loyal, Low-Spend - Lowest Risk"
4852,1,"New, Low-Spend - Elevated Risk"
4853,1,"New, Low-Spend - Elevated Risk"
4854,0,"New, High-Spend - Highest Risk"
4855,1,"New, Low-Spend - Elevated Risk"
4856,1,"New, Low-Spend - Elevated Risk"
4857,1,"New, Low-Spend - Elevated Risk"
4858,3,"Loyal, Low-Spend - Lowest Risk"
4859,2,"Loyal, High-Spend - Low Risk"
4860,0,"New, High-Spend - Highest Risk"
4861,0,"New, High-Spend - Highest Risk"
4862,3,"Loyal, Low-Spend - Lowest Risk"
4863,1,"New, Low-Spend - Elevated Risk"
4864,1,"New, Low-Spend - Elevated Risk"
4865,0,"New, High-Spend - Highest Risk"
4866,2,"Loyal, High-Spend - Low Risk"
4867,0,"New, High-Spend - Highest Risk"
4868,0,"New, High-Spend - Highest Risk"
4869,0,"New, High-Spend - Highest Risk"
4870,0,"New, High-Spend - Highest Risk"
4871,3,"Loyal, Low-Spend - Lowest Risk"
4872,0,"New, High-Spend - Highest Risk"
4873,2,"Loyal, High-Spend - Low Risk"
4874,2,"Loyal, High-Spend - Low Risk"
4875,1,"New, Low-Spend - Elevated Risk"
4876,2,"Loyal, High-Spend - Low Risk"
4877,2,"Loyal, High-Spend - Low Risk"
4878,3,"Loyal, Low-Spend - Lowest Risk"
4879,0,"New, High-Spend - Highest Risk"
4880,2,"Loyal, High-Spend - Low Risk"
4881,0,"New, High-Spend - Highest Risk"
4882,1,"New, Low-Spend - Elevated Risk"
4883,3,"Loyal, Low-Spend - Lowest Risk"
4884,3,"Loyal, Low-Spend - Lowest Risk"
4885,1,"New, Low-Spend - Elevated Risk"
4886,1,"New, Low-Spend - Elevated Risk"
4887,1,"New, Low-Spend - Elevated Risk"
4888,2,"Loyal, High-Spend - Low Risk"
4889,1,"New, Low-Spend - Elevated Risk"
4890,1,"New, Low-Spend - Elevated Risk"
4891,3,"Loyal, Low-Spend - Lowest Risk"
4892,2,"Loyal, High-Spend - Low Risk"
4893,2,"Loyal, High-Spend - Low Risk"
4894,2,"Loyal, High-Spend - Low Risk"
4895,3,"Loyal, Low-Spend - Lowest Risk"
4896,0,"New, High-Spend - Highest Risk"
4897,1,"New, Low-Spend - Elevated Risk"
4898,2,"Loyal, High-Spend - Low Risk"
4899,1,"New, Low-Spend - Elevated Risk"
4900,2,"Loyal, High-Spend - Low Risk"
4901,3,"Loyal, Low-Spend - Lowest Risk"
4902,2,"Loyal, High-Spend - Low Risk"
4903,2,"Loyal, High-Spend - Low Risk"
4904,1,"New, Low-Spend - Elevated Risk"
4905,3,"Loyal, Low-Spend - Lowest Risk"
4906,2,"Loyal, High-Spend - Low Risk"
4907,1,"New, Low-Spend - Elevated Risk"
4908,1,"New, Low-Spend - Elevated Risk"
4909,2,"Loyal, High-Spend - Low Risk"
4910,1,"New, Low-Spend - Elevated Risk"
4911,1,"New, Low-Spend - Elevated Risk"
4912,2,"Loyal, High-Spend - Low Risk"
4913,0,"New, High-Spend - Highest Risk"
4914,2,"Loyal, High-Spend - Low Risk"
4915,3,"Loyal, Low-Spend - Lowest Risk"
4916,3,"Loyal, Low-Spend - Lowest Risk"
4917,2,"Loyal, High-Spend - Low Risk"
4918,1,"New, Low-Spend - Elevated Risk"
4919,2,"Loyal, High-Spend - Low Risk"
4920,0,"New, High-Spend - Highest Risk"
4921,0,"New, High-Spend - Highest Risk"
4922,1,"New, Low-Spend - Elevated Risk"
4923,2,"Loyal, High-Spend - Low Risk"
4924,2,"Loyal, High-Spend - Low Risk"
4925,1,"New, Low-Spend - Elevated Risk"
4926,2,"Loyal, High-Spend - Low Risk"
4927,0,"New, High-Spend - Highest Risk"
4928,2,"Loyal, High-Spend - Low Risk"
4929,0,"New, High-Spend - Highest Risk"
4930,1,"New, Low-Spend - Elevated Risk"
4931,1,"New, Low-Spend - Elevated Risk"
4932,1,"New, Low-Spend - Elevated Risk"
4933,0,"New, High-Spend - Highest Risk"
4934,0,"New, High-Spend - Highest Risk"
4935,1,"New, Low-Spend - Elevated Risk"
4936,1,"New, Low-Spend - Elevated Risk"
4937,3,"Loyal, Low-Spend - Lowest Risk"
4938,0,"New, High-Spend - Highest Risk"
4939,2,"Loyal, High-Spend - Low Risk"
4940,1,"New, Low-Spend - Elevated Risk"
4941,0,"New, High-Spend - Highest Risk"
4942,0,"New, High-Spend - Highest Risk"
4943,3,"Loyal, Low-Spend - Lowest Risk"
4944,2,"Loyal, High-Spend - Low Risk"
4945,0,"New, High-Spend - Highest Risk"
4946,3,"Loyal, Low-Spend - Lowest Risk"
4947,2,"Loyal, High-Spend - Low Risk"
4948,0,"New, High-Spend - Highest Risk"
4949,0,"New, High-Spend - Highest Risk"
4950,0,"New, High-Spend - Highest Risk"
4951,1,"New, Low-Spend - Elevated Risk"
4952,0,"New, High-Spend - Highest Risk"
4953,1,"New, Low-Spend - Elevated Risk"
4954,2,"Loyal, High-Spend - Low Risk"
4955,1,"New, Low-Spend - Elevated Risk"
4956,1,"New, Low-Spend - Elevated Risk"
4957,1,"New, Low-Spend - Elevated Risk"
4958,1,"New, Low-Spend - Elevated Risk"
4959,2,"Loyal, High-Spend - Low Risk"
4960,0,"New, High-Spend - Highest Risk"
4961,2,"Loyal, High-Spend - Low Risk"
4962,0,"New, High-Spend - Highest Risk"
4963,2,"Loyal, High-Spend - Low Risk"
4964,3,"Loyal, Low-Spend - Lowest Risk"
4965,0,"New, High-Spend - Highest Risk"
4966,1,"New, Low-Spend - Elevated Risk"
4967,0,"New, High-Spend - Highest Risk"
4968,1,"New, Low-Spend - Elevated Risk"
4969,1,"New, Low-Spend - Elevated Risk"
4970,1,"New, Low-Spend - Elevated Risk"
4971,2,"Loyal, High-Spend - Low Risk"
4972,3,"Loyal, Low-Spend - Lowest Risk"
4973,0,"New, High-Spend - Highest Risk"
4974,2,"Loyal, High-Spend - Low Risk"
4975,3,"Loyal, Low-Spend - Lowest Risk"
4976,2,"Loyal, High-Spend - Low Risk"
4977,2,"Loyal, High-Spend - Low Risk"
4978,1,"New, Low-Spend - Elevated Risk"
4979,0,"New, High-Spend - Highest Risk"
4980,1,"New, Low-Spend - Elevated Risk"
4981,1,"New, Low-Spend - Elevated Risk"
4982,3,"Loyal, Low-Spend - Lowest Risk"
4983,2,"Loyal, High-Spend - Low Risk"
4984,0,"New, High-Spend - Highest Risk"
4985,0,"New, High-Spend - Highest Risk"
4986,3,"Loyal, Low-Spend - Lowest Risk"
4987,0,"New, High-Spend - Highest Risk"
4988,1,"New, Low-Spend - Elevated Risk"
4989,3,"Loyal, Low-Spend - Lowest Risk"
4990,2,"Loyal, High-Spend - Low Risk"
4991,1,"New, Low-Spend - Elevated Risk"
4992,1,"New, Low-Spend - Elevated Risk"
4993,3,"Loyal, Low-Spend - Lowest Risk"
4994,2,"Loyal, High-Spend - Low Risk"
4995,1,"New, Low-Spend - Elevated Risk"
4996,2,"Loyal, High-Spend - Low Risk"
4997,0,"New, High-Spend - Highest Risk"
4998,0,"New, High-Spend - Highest Risk"
4999,1,"New, Low-Spend - Elevated Risk"
5000,0,"New, High-Spend - Highest Risk"
5001,2,"Loyal, High-Spend - Low Risk"
5002,3,"Loyal, Low-Spend - Lowest Risk"
5003,0,"New, High-Spend - Highest Risk"
5004,3,"Loyal, Low-Spend - Lowest Risk"
5005,3,"Loyal, Low-Spend - Lowest Risk"
5006,2,"Loyal, High-Spend - Low Risk"
5007,0,"New, High-Spend - Highest Risk"
5008,1,"New, Low-Spend - Elevated Risk"
5009,1,"New, Low-Spend - Elevated Risk"
5010,0,"New, High-Spend - Highest Risk"
5011,0,"New, High-Spend - Highest Risk"
5012,3,"Loyal, Low-Spend - Lowest Risk"
5013,1,"New, Low-Spend - Elevated Risk"
5014,3,"Loyal, Low-Spend - Lowest Risk"
5015,2,"Loyal, High-Spend - Low Risk"
5016,0,"New, High-Spend - Highest Risk"
5017,3,"Loyal, Low-Spend - Lowest Risk"
5018,1,"New, Low-Spend - Elevated Risk"
5019,1,"New, Low-Spend - Elevated Risk"
5020,3,"Loyal, Low-Spend - Lowest Risk"
5021,1,"New, Low-Spend - Elevated Risk"
5022,0,"New, High-Spend - Highest Risk"
5023,3,"Loyal, Low-Spend - Lowest Risk"
5024,1,"New, Low-Spend - Elevated Risk"
5025,0,"New, High-Spend - Highest Risk"
5026,0,"New, High-Spend - Highest Risk"
5027,2,"Loyal, High-Spend - Low Risk"
5028,3,"Loyal, Low-Spend - Lowest Risk"
5029,3,"Loyal, Low-Spend - Lowest Risk"
5030,2,"Loyal, High-Spend - Low Risk"
5031,3,"Loyal, Low-Spend - Lowest Risk"
5032,2,"Loyal, High-Spend - Low Risk"
5033,2,"Loyal, High-Spend - Low Risk"
5034,2,"Loyal, High-Spend - Low Risk"
5035,0,"New, High-Spend - Highest Risk"
5036,1,"New, Low-Spend - Elevated Risk"
5037,3,"Loyal, Low-Spend - Lowest Risk"
5038,2,"Loyal, High-Spend - Low Risk"
5039,3,"Loyal, Low-Spend - Lowest Risk"
5040,2,"Loyal, High-Spend - Low Risk"
5041,1,"New, Low-Spend - Elevated Risk"
5042,2,"Loyal, High-Spend - Low Risk"
5043,0,"New, High-Spend - Highest Risk"
5044,0,"New, High-Spend - Highest Risk"
5045,1,"New, Low-Spend - Elevated Risk"
5046,2,"Loyal, High-Spend - Low Risk"
5047,0,"New, High-Spend - Highest Risk"
5048,0,"New, High-Spend - Highest Risk"
5049,3,"Loyal, Low-Spend - Lowest Risk"
5050,3,"Loyal, Low-Spend - Lowest Risk"
5051,2,"Loyal, High-Spend - Low Risk"
5052,0,"New, High-Spend - Highest Risk"
5053,0,"New, High-Spend - Highest Risk"
5054,0,"New, High-Spend - Highest Risk"
5055,0,"New, High-Spend - Highest Risk"
5056,0,"New, High-Spend - Highest Risk"
5057,0,"New, High-Spend - Highest Risk"
5058,1,"New, Low-Spend - Elevated Risk"
5059,1,"New, Low-Spend - Elevated Risk"
5060,0,"New, High-Spend - Highest Risk"
5061,2,"Loyal, High-Spend - Low Risk"
5062,0,"New, High-Spend - Highest Risk"
5063,2,"Loyal, High-Spend - Low Risk"
5064,0,"New, High-Spend - Highest Risk"
5065,1,"New, Low-Spend - Elevated Risk"
5066,1,"New, Low-Spend - Elevated Risk"
5067,3,"Loyal, Low-Spend - Lowest Risk"
5068,2,"Loyal, High-Spend - Low Risk"
5069,0,"New, High-Spend - Highest Risk"
5070,1,"New, Low-Spend - Elevated Risk"
5071,0,"New, High-Spend - Highest Risk"
5072,3,"Loyal, Low-Spend - Lowest Risk"
5073,0,"New, High-Spend - Highest Risk"
5074,0,"New, High-Spend - Highest Risk"
5075,2,"Loyal, High-Spend - Low Risk"
5076,0,"New, High-Spend - Highest Risk"
5077,0,"New, High-Spend - Highest Risk"
5078,2,"Loyal, High-Spend - Low Risk"
5079,1,"New, Low-Spend - Elevated Risk"
5080,1,"New, Low-Spend - Elevated Risk"
5081,0,"New, High-Spend - Highest Risk"
5082,2,"Loyal, High-Spend - Low Risk"
5083,1,"New, Low-Spend - Elevated Risk"
5084,0,"New, High-Spend - Highest Risk"
5085,1,"New, Low-Spend - Elevated Risk"
5086,3,"Loyal, Low-Spend - Lowest Risk"
5087,1,"New, Low-Spend - Elevated Risk"
5088,1,"New, Low-Spend - Elevated Risk"
5089,0,"New, High-Spend - Highest Risk"
5090,0,"New, High-Spend - Highest Risk"
5091,0,"New, High-Spend - Highest Risk"
5092,1,"New, Low-Spend - Elevated Risk"
5093,0,"New, High-Spend - Highest Risk"
5094,2,"Loyal, High-Spend - Low Risk"
5095,0,"New, High-Spend - Highest Risk"
5096,2,"Loyal, High-Spend - Low Risk"
5097,0,"New, High-Spend - Highest Risk"
5098,1,"New, Low-Spend - Elevated Risk"
5099,1,"New, Low-Spend - Elevated Risk"
5100,0,"New, High-Spend - Highest Risk"
5101,2,"Loyal, High-Spend - Low Risk"
5102,2,"Loyal, High-Spend - Low Risk"
5103,3,"Loyal, Low-Spend - Lowest Risk"
5104,2,"Loyal, High-Spend - Low Risk"
5105,3,"Loyal, Low-Spend - Lowest Risk"
5106,1,"New, Low-Spend - Elevated Risk"
5107,2,"Loyal, High-Spend - Low Risk"
5108,3,"Loyal, Low-Spend - Lowest Risk"
5109,0,"New, High-Spend - Highest Risk"
5110,0,"New, High-Spend - Highest Risk"
5111,1,"New, Low-Spend - Elevated Risk"
5112,2,"Loyal, High-Spend - Low Risk"
5113,2,"Loyal, High-Spend - Low Risk"
5114,3,"Loyal, Low-Spend - Lowest Risk"
5115,3,"Loyal, Low-Spend - Lowest Risk"
5116,0,"New, High-Spend - Highest Risk"
5117,0,"New, High-Spend - Highest Risk"
5118,2,"Loyal, High-Spend - Low Risk"
5119,1,"New, Low-Spend - Elevated Risk"
5120,1,"New, Low-Spend - Elevated Risk"
5121,3,"Loyal, Low-Spend - Lowest Risk"
5122,2,"Loyal, High-Spend - Low Risk"
5123,0,"New, High-Spend - Highest Risk"
5124,1,"New, Low-Spend - Elevated Risk"
5125,3,"Loyal, Low-Spend - Lowest Risk"
5126,3,"Loyal, Low-Spend - Lowest Risk"
5127,0,"New, High-Spend - Highest Risk"
5128,2,"Loyal, High-Spend - Low Risk"
5129,2,"Loyal, High-Spend - Low Risk"
5130,0,"New, High-Spend - Highest Risk"
5131,3,"Loyal, Low-Spend - Lowest Risk"
5132,2,"Loyal, High-Spend - Low Risk"
5133,0,"New, High-Spend - Highest Risk"
5134,0,"New, High-Spend - Highest Risk"
5135,1,"New, Low-Spend - Elevated Risk"
5136,3,"Loyal, Low-Spend - Lowest Risk"
5137,3,"Loyal, Low-Spend - Lowest Risk"
5138,2,"Loyal, High-Spend - Low Risk"
5139,0,"New, High-Spend - Highest Risk"
5140,3,"Loyal, Low-Spend - Lowest Risk"
5141,0,"New, High-Spend - Highest Risk"
5142,1,"New, Low-Spend - Elevated Risk"
5143,2,"Loyal, High-Spend - Low Risk"
5144,0,"New, High-Spend - Highest Risk"
5145,0,"New, High-Spend - Highest Risk"
5146,0,"New, High-Spend - Highest Risk"
5147,0,"New, High-Spend - Highest Risk"
5148,0,"New, High-Spend - Highest Risk"
5149,3,"Loyal, Low-Spend - Lowest Risk"
5150,3,"Loyal, Low-Spend - Lowest Risk"
5151,2,"Loyal, High-Spend - Low Risk"
5152,1,"New, Low-Spend - Elevated Risk"
5153,2,"Loyal, High-Spend - Low Risk"
5154,1,"New, Low-Spend - Elevated Risk"
5155,0,"New, High-Spend - Highest Risk"
5156,1,"New, Low-Spend - Elevated Risk"
5157,2,"Loyal, High-Spend - Low Risk"
5158,1,"New, Low-Spend - Elevated Risk"
5159,2,"Loyal, High-Spend - Low Risk"
5160,2,"Loyal, High-Spend - Low Risk"
5161,1,"New, Low-Spend - Elevated Risk"
5162,1,"New, Low-Spend - Elevated Risk"
5163,2,"Loyal, High-Spend - Low Risk"
5164,0,"New, High-Spend - Highest Risk"
5165,1,"New, Low-Spend - Elevated Risk"
5166,2,"Loyal, High-Spend - Low Risk"
5167,1,"New, Low-Spend - Elevated Risk"
5168,2,"Loyal, High-Spend - Low Risk"
5169,2,"Loyal, High-Spend - Low Risk"
5170,0,"New, High-Spend - Highest Risk"
5171,2,"Loyal, High-Spend - Low Risk"
5172,0,"New, High-Spend - Highest Risk"
5173,2,"Loyal, High-Spend - Low Risk"
5174,2,"Loyal, High-Spend - Low Risk"
5175,0,"New, High-Spend - Highest Risk"
5176,2,"Loyal, High-Spend - Low Risk"
5177,3,"Loyal, Low-Spend - Lowest Risk"
5178,3,"Loyal, Low-Spend - Lowest Risk"
5179,1,"New, Low-Spend - Elevated Risk"
5180,0,"New, High-Spend - Highest Risk"
5181,1,"New, Low-Spend - Elevated Risk"
5182,2,"Loyal, High-Spend - Low Risk"
5183,1,"New, Low-Spend - Elevated Risk"
5184,0,"New, High-Spend - Highest Risk"
5185,0,"New, High-Spend - Highest Risk"
5186,3,"Loyal, Low-Spend - Lowest Risk"
5187,0,"New, High-Spend - Highest Risk"
5188,0,"New, High-Spend - Highest Risk"
5189,0,"New, High-Spend - Highest Risk"
5190,2,"Loyal, High-Spend - Low Risk"
5191,0,"New, High-Spend - Highest Risk"
5192,2,"Loyal, High-Spend - Low Risk"
5193,1,"New, Low-Spend - Elevated Risk"
5194,1,"New, Low-Spend - Elevated Risk"
5195,3,"Loyal, Low-Spend - Lowest Risk"
5196,0,"New, High-Spend - Highest Risk"
5197,1,"New, Low-Spend - Elevated Risk"
5198,1,"New, Low-Spend - Elevated Risk"
5199,0,"New, High-Spend - Highest Risk"
5200,3,"Loyal, Low-Spend - Lowest Risk"
5201,2,"Loyal, High-Spend - Low Risk"
5202,1,"New, Low-Spend - Elevated Risk"
5203,0,"New, High-Spend - Highest Risk"
5204,2,"Loyal, High-Spend - Low Risk"
5205,0,"New, High-Spend - Highest Risk"
5206,1,"New, Low-Spend - Elevated Risk"
5207,1,"New, Low-Spend - Elevated Risk"
5208,0,"New, High-Spend - Highest Risk"
5209,2,"Loyal, High-Spend - Low Risk"
5210,2,"Loyal, High-Spend - Low Risk"
5211,1,"New, Low-Spend - Elevated Risk"
5212,1,"New, Low-Spend - Elevated Risk"
5213,1,"New, Low-Spend - Elevated Risk"
5214,1,"New, Low-Spend - Elevated Risk"
5215,0,"New, High-Spend - Highest Risk"
5216,2,"Loyal, High-Spend - Low Risk"
5217,0,"New, High-Spend - Highest Risk"
5218,2,"Loyal, High-Spend - Low Risk"
5219,2,"Loyal, High-Spend - Low Risk"
5220,0,"New, High-Spend - Highest Risk"
5221,0,"New, High-Spend - Highest Risk"
5222,2,"Loyal, High-Spend - Low Risk"
5223,1,"New, Low-Spend - Elevated Risk"
5224,2,"Loyal, High-Spend - Low Risk"
5225,2,"Loyal, High-Spend - Low Risk"
5226,3,"Loyal, Low-Spend - Lowest Risk"
5227,0,"New, High-Spend - Highest Risk"
5228,3,"Loyal, Low-Spend - Lowest Risk"
5229,2,"Loyal, High-Spend - Low Risk"
5230,3,"Loyal, Low-Spend - Lowest Risk"
5231,3,"Loyal, Low-Spend - Lowest Risk"
5232,3,"Loyal, Low-Spend - Lowest Risk"
5233,0,"New, High-Spend - Highest Risk"
5234,2,"Loyal, High-Spend - Low Risk"
5235,1,"New, Low-Spend - Elevated Risk"
5236,2,"Loyal, High-Spend - Low Risk"
5237,2,"Loyal, High-Spend - Low Risk"
5238,3,"Loyal, Low-Spend - Lowest Risk"
5239,2,"Loyal, High-Spend - Low Risk"
5240,0,"New, High-Spend - Highest Risk"
5241,0,"New, High-Spend - Highest Risk"
5242,1,"New, Low-Spend - Elevated Risk"
5243,1,"New, Low-Spend - Elevated Risk"
5244,0,"New, High-Spend - Highest Risk"
5245,3,"Loyal, Low-Spend - Lowest Risk"
5246,0,"New, High-Spend - Highest Risk"
5247,0,"New, High-Spend - Highest Risk"
5248,0,"New, High-Spend - Highest Risk"
5249,2,"Loyal, High-Spend - Low Risk"
5250,1,"New, Low-Spend - Elevated Risk"
5251,1,"New, Low-Spend - Elevated Risk"
5252,1,"New, Low-Spend - Elevated Risk"
5253,2,"Loyal, High-Spend - Low Risk"
5254,0,"New, High-Spend - Highest Risk"
5255,0,"New, High-Spend - Highest Risk"
5256,2,"Loyal, High-Spend - Low Risk"
5257,0,"New, High-Spend - Highest Risk"
5258,1,"New, Low-Spend - Elevated Risk"
5259,0,"New, High-Spend - Highest Risk"
5260,1,"New, Low-Spend - Elevated Risk"
5261,0,"New, High-Spend - Highest Risk"
5262,0,"New, High-Spend - Highest Risk"
5263,1,"New, Low-Spend - Elevated Risk"
5264,3,"Loyal, Low-Spend - Lowest Risk"
5265,2,"Loyal, High-Spend - Low Risk"
5266,1,"New, Low-Spend - Elevated Risk"
5267,1,"New, Low-Spend - Elevated Risk"
5268,0,"New, High-Spend - Highest Risk"
5269,0,"New, High-Spend - Highest Risk"
5270,1,"New, Low-Spend - Elevated Risk"
5271,0,"New, High-Spend - Highest Risk"
5272,0,"New, High-Spend - Highest Risk"
5273,1,"New, Low-Spend - Elevated Risk"
5274,3,"Loyal, Low-Spend - Lowest Risk"
5275,1,"New, Low-Spend - Elevated Risk"
5276,0,"New, High-Spend - Highest Risk"
5277,1,"New, Low-Spend - Elevated Risk"
5278,2,"Loyal, High-Spend - Low Risk"
5279,2,"Loyal, High-Spend - Low Risk"
5280,1,"New, Low-Spend - Elevated Risk"
5281,1,"New, Low-Spend - Elevated Risk"
5282,1,"New, Low-Spend - Elevated Risk"
5283,2,"Loyal, High-Spend - Low Risk"
5284,2,"Loyal, High-Spend - Low Risk"
5285,2,"Loyal, High-Spend - Low Risk"
5286,1,"New, Low-Spend - Elevated Risk"
5287,2,"Loyal, High-Spend - Low Risk"
5288,0,"New, High-Spend - Highest Risk"
5289,3,"Loyal, Low-Spend - Lowest Risk"
5290,0,"New, High-Spend - Highest Risk"
5291,2,"Loyal, High-Spend - Low Risk"
5292,2,"Loyal, High-Spend - Low Risk"
5293,2,"Loyal, High-Spend - Low Risk"
5294,3,"Loyal, Low-Spend - Lowest Risk"
5295,1,"New, Low-Spend - Elevated Risk"
5296,2,"Loyal, High-Spend - Low Risk"
5297,2,"Loyal, High-Spend - Low Risk"
5298,1,"New, Low-Spend - Elevated Risk"
5299,3,"Loyal, Low-Spend - Lowest Risk"
5300,1,"New, Low-Spend - Elevated Risk"
5301,3,"Loyal, Low-Spend - Lowest Risk"
5302,0,"New, High-Spend - Highest Risk"
5303,0,"New, High-Spend - Highest Risk"
5304,2,"Loyal, High-Spend - Low Risk"
5305,1,"New, Low-Spend - Elevated Risk"
5306,0,"New, High-Spend - Highest Risk"
5307,2,"Loyal, High-Spend - Low Risk"
5308,0,"New, High-Spend - Highest Risk"
5309,0,"New, High-Spend - Highest Risk"
5310,1,"New, Low-Spend - Elevated Risk"
5311,1,"New, Low-Spend - Elevated Risk"
5312,1,"New, Low-Spend - Elevated Risk"
5313,0,"New, High-Spend - Highest Risk"
5314,0,"New, High-Spend - Highest Risk"
5315,2,"Loyal, High-Spend - Low Risk"
5316,2,"Loyal, High-Spend - Low Risk"
5317,1,"New, Low-Spend - Elevated Risk"
5318,1,"New, Low-Spend - Elevated Risk"
5319,1,"New, Low-Spend - Elevated Risk"
5320,0,"New, High-Spend - Highest Risk"
5321,2,"Loyal, High-Spend - Low Risk"
5322,0,"New, High-Spend - Highest Risk"
5323,0,"New, High-Spend - Highest Risk"
5324,2,"Loyal, High-Spend - Low Risk"
5325,0,"New, High-Spend - Highest Risk"
5326,2,"Loyal, High-Spend - Low Risk"
5327,2,"Loyal, High-Spend - Low Risk"
5328,1,"New, Low-Spend - Elevated Risk"
5329,0,"New, High-Spend - Highest Risk"
5330,3,"Loyal, Low-Spend - Lowest Risk"
5331,3,"Loyal, Low-Spend - Lowest Risk"
5332,1,"New, Low-Spend - Elevated Risk"
5333,0,"New, High-Spend - Highest Risk"
5334,0,"New, High-Spend - Highest Risk"
5335,1,"New, Low-Spend - Elevated Risk"
5336,2,"Loyal, High-Spend - Low Risk"
5337,3,"Loyal, Low-Spend - Lowest Risk"
5338,2,"Loyal, High-Spend - Low Risk"
5339,2,"Loyal, High-Spend - Low Risk"
5340,0,"New, High-Spend - Highest Risk"
5341,0,"New, High-Spend - Highest Risk"
5342,2,"Loyal, High-Spend - Low Risk"
5343,3,"Loyal, Low-Spend - Lowest Risk"
5344,2,"Loyal, High-Spend - Low Risk"
5345,2,"Loyal, High-Spend - Low Risk"
5346,2,"Loyal, High-Spend - Low Risk"
5347,1,"New, Low-Spend - Elevated Risk"
5348,3,"Loyal, Low-Spend - Lowest Risk"
5349,1,"New, Low-Spend - Elevated Risk"
5350,1,"New, Low-Spend - Elevated Risk"
5351,1,"New, Low-Spend - Elevated Risk"
5352,0,"New, High-Spend - Highest Risk"
5353,1,"New, Low-Spend - Elevated Risk"
5354,2,"Loyal, High-Spend - Low Risk"
5355,2,"Loyal, High-Spend - Low Risk"
5356,2,"Loyal, High-Spend - Low Risk"
5357,1,"New, Low-Spend - Elevated Risk"
5358,2,"Loyal, High-Spend - Low Risk"
5359,3,"Loyal, Low-Spend - Lowest Risk"
5360,3,"Loyal, Low-Spend - Lowest Risk"
5361,0,"New, High-Spend - Highest Risk"
5362,0,"New, High-Spend - Highest Risk"
5363,0,"New, High-Spend - Highest Risk"
5364,2,"Loyal, High-Spend - Low Risk"
5365,0,"New, High-Spend - Highest Risk"
5366,1,"New, Low-Spend - Elevated Risk"
5367,3,"Loyal, Low-Spend - Lowest Risk"
5368,2,"Loyal, High-Spend - Low Risk"
5369,2,"Loyal, High-Spend - Low Risk"
5370,3,"Loyal, Low-Spend - Lowest Risk"
5371,0,"New, High-Spend - Highest Risk"
5372,0,"New, High-Spend - Highest Risk"
5373,2,"Loyal, High-Spend - Low Risk"
5374,3,"Loyal, Low-Spend - Lowest Risk"
5375,2,"Loyal, High-Spend - Low Risk"
5376,2,"Loyal, High-Spend - Low Risk"
5377,1,"New, Low-Spend - Elevated Risk"
5378,0,"New, High-Spend - Highest Risk"
5379,0,"New, High-Spend - Highest Risk"
5380,0,"New, High-Spend - Highest Risk"
5381,1,"New, Low-Spend - Elevated Risk"
5382,1,"New, Low-Spend - Elevated Risk"
5383,0,"New, High-Spend - Highest Risk"
5384,1,"New, Low-Spend - Elevated Risk"
5385,3,"Loyal, Low-Spend - Lowest Risk"
5386,0,"New, High-Spend - Highest Risk"
5387,3,"Loyal, Low-Spend - Lowest Risk"
5388,0,"New, High-Spend - Highest Risk"
5389,2,"Loyal, High-Spend - Low Risk"
5390,3,"Loyal, Low-Spend - Lowest Risk"
5391,0,"New, High-Spend - Highest Risk"
5392,1,"New, Low-Spend - Elevated Risk"
5393,2,"Loyal, High-Spend - Low Risk"
5394,1,"New, Low-Spend - Elevated Risk"
5395,2,"Loyal, High-Spend - Low Risk"
5396,0,"New, High-Spend - Highest Risk"
5397,1,"New, Low-Spend - Elevated Risk"
5398,0,"New, High-Spend - Highest Risk"
5399,2,"Loyal, High-Spend - Low Risk"
5400,1,"New, Low-Spend - Elevated Risk"
5401,3,"Loyal, Low-Spend - Lowest Risk"
5402,0,"New, High-Spend - Highest Risk"
5403,0,"New, High-Spend - Highest Risk"
5404,0,"New, High-Spend - Highest Risk"
5405,2,"Loyal, High-Spend - Low Risk"
5406,0,"New, High-Spend - Highest Risk"
5407,2,"Loyal, High-Spend - Low Risk"
5408,1,"New, Low-Spend - Elevated Risk"
5409,2,"Loyal, High-Spend - Low Risk"
5410,1,"New, Low-Spend - Elevated Risk"
5411,2,"Loyal, High-Spend - Low Risk"
5412,1,"New, Low-Spend - Elevated Risk"
5413,2,"Loyal, High-Spend - Low Risk"
5414,1,"New, Low-Spend - Elevated Risk"
5415,2,"Loyal, High-Spend - Low Risk"
5416,3,"Loyal, Low-Spend - Lowest Risk"
5417,0,"New, High-Spend - Highest Risk"
5418,0,"New, High-Spend - Highest Risk"
5419,0,"New, High-Spend - Highest Risk"
5420,0,"New, High-Spend - Highest Risk"
5421,1,"New, Low-Spend - Elevated Risk"
5422,0,"New, High-Spend - Highest Risk"
5423,0,"New, High-Spend - Highest Risk"
5424,2,"Loyal, High-Spend - Low Risk"
5425,1,"New, Low-Spend - Elevated Risk"
5426,0,"New, High-Spend - Highest Risk"
5427,3,"Loyal, Low-Spend - Lowest Risk"
5428,3,"Loyal, Low-Spend - Lowest Risk"
5429,2,"Loyal, High-Spend - Low Risk"
5430,0,"New, High-Spend - Highest Risk"
5431,1,"New, Low-Spend - Elevated Risk"
5432,1,"New, Low-Spend - Elevated Risk"
5433,2,"Loyal, High-Spend - Low Risk"
5434,0,"New, High-Spend - Highest Risk"
5435,0,"New, High-Spend - Highest Risk"
5436,1,"New, Low-Spend - Elevated Risk"
5437,3,"Loyal, Low-Spend - Lowest Risk"
5438,1,"New, Low-Spend - Elevated Risk"
5439,2,"Loyal, High-Spend - Low Risk"
5440,1,"New, Low-Spend - Elevated Risk"
5441,3,"Loyal, Low-Spend - Lowest Risk"
5442,1,"New, Low-Spend - Elevated Risk"
5443,2,"Loyal, High-Spend - Low Risk"
5444,3,"Loyal, Low-Spend - Lowest Risk"
5445,0,"New, High-Spend - Highest Risk"
5446,1,"New, Low-Spend - Elevated Risk"
5447,2,"Loyal, High-Spend - Low Risk"
5448,1,"New, Low-Spend - Elevated Risk"
5449,3,"Loyal, Low-Spend - Lowest Risk"
5450,0,"New, High-Spend - Highest Risk"
5451,1,"New, Low-Spend - Elevated Risk"
5452,0,"New, High-Spend - Highest Risk"
5453,1,"New, Low-Spend - Elevated Risk"
5454,3,"Loyal, Low-Spend - Lowest Risk"
5455,0,"New, High-Spend - Highest Risk"
5456,3,"Loyal, Low-Spend - Lowest Risk"
5457,2,"Loyal, High-Spend - Low Risk"
5458,0,"New, High-Spend - Highest Risk"
5459,2,"Loyal, High-Spend - Low Risk"
5460,2,"Loyal, High-Spend - Low Risk"
5461,3,"Loyal, Low-Spend - Lowest Risk"
5462,1,"New, Low-Spend - Elevated Risk"
5463,1,"New, Low-Spend - Elevated Risk"
5464,2,"Loyal, High-Spend - Low Risk"
5465,1,"New, Low-Spend - Elevated Risk"
5466,3,"Loyal, Low-Spend - Lowest Risk"
5467,3,"Loyal, Low-Spend - Lowest Risk"
5468,2,"Loyal, High-Spend - Low Risk"
5469,0,"New, High-Spend - Highest Risk"
5470,1,"New, Low-Spend - Elevated Risk"
5471,2,"Loyal, High-Spend - Low Risk"
5472,3,"Loyal, Low-Spend - Lowest Risk"
5473,1,"New, Low-Spend - Elevated Risk"
5474,1,"New, Low-Spend - Elevated Risk"
5475,3,"Loyal, Low-Spend - Lowest Risk"
5476,2,"Loyal, High-Spend - Low Risk"
5477,0,"New, High-Spend - Highest Risk"
5478,2,"Loyal, High-Spend - Low Risk"
5479,0,"New, High-Spend - Highest Risk"
5480,0,"New, High-Spend - Highest Risk"
5481,1,"New, Low-Spend - Elevated Risk"
5482,0,"New, High-Spend - Highest Risk"
5483,2,"Loyal, High-Spend - Low Risk"
5484,0,"New, High-Spend - Highest Risk"
5485,2,"Loyal, High-Spend - Low Risk"
5486,0,"New, High-Spend - Highest Risk"
5487,3,"Loyal, Low-Spend - Lowest Risk"
5488,0,"New, High-Spend - Highest Risk"
5489,0,"New, High-Spend - Highest Risk"
5490,1,"New, Low-Spend - Elevated Risk"
5491,3,"Loyal, Low-Spend - Lowest Risk"
5492,1,"New, Low-Spend - Elevated Risk"
5493,2,"Loyal, High-Spend - Low Risk"
5494,1,"New, Low-Spend - Elevated Risk"
5495,1,"New, Low-Spend - Elevated Risk"
5496,1,"New, Low-Spend - Elevated Risk"
5497,1,"New, Low-Spend - Elevated Risk"
5498,0,"New, High-Spend - Highest Risk"
5499,0,"New, High-Spend - Highest Risk"
5500,0,"New, High-Spend - Highest Risk"
5501,0,"New, High-Spend - Highest Risk"
5502,2,"Loyal, High-Spend - Low Risk"
5503,3,"Loyal, Low-Spend - Lowest Risk"
5504,3,"Loyal, Low-Spend - Lowest Risk"
5505,2,"Loyal, High-Spend - Low Risk"
5506,2,"Loyal, High-Spend - Low Risk"
5507,3,"Loyal, Low-Spend - Lowest Risk"
5508,0,"New, High-Spend - Highest Risk"
5509,2,"Loyal, High-Spend - Low Risk"
5510,3,"Loyal, Low-Spend - Lowest Risk"
5511,0,"New, High-Spend - Highest Risk"
5512,1,"New, Low-Spend - Elevated Risk"
5513,1,"New, Low-Spend - Elevated Risk"
5514,2,"Loyal, High-Spend - Low Risk"
5515,0,"New, High-Spend - Highest Risk"
5516,0,"New, High-Spend - Highest Risk"
5517,2,"Loyal, High-Spend - Low Risk"
5518,0,"New, High-Spend - Highest Risk"
5519,2,"Loyal, High-Spend - Low Risk"
5520,0,"New, High-Spend - Highest Risk"
5521,2,"Loyal, High-Spend - Low Risk"
5522,3,"Loyal, Low-Spend - Lowest Risk"
5523,0,"New, High-Spend - Highest Risk"
5524,2,"Loyal, High-Spend - Low Risk"
5525,1,"New, Low-Spend - Elevated Risk"
5526,0,"New, High-Spend - Highest Risk"
5527,1,"New, Low-Spend - Elevated Risk"
5528,3,"Loyal, Low-Spend - Lowest Risk"
5529,1,"New, Low-Spend - Elevated Risk"
5530,0,"New, High-Spend - Highest Risk"
5531,3,"Loyal, Low-Spend - Lowest Risk"
5532,3,"Loyal, Low-Spend - Lowest Risk"
5533,1,"New, Low-Spend - Elevated Risk"
5534,2,"Loyal, High-Spend - Low Risk"
5535,2,"Loyal, High-Spend - Low Risk"
5536,1,"New, Low-Spend - Elevated Risk"
5537,0,"New, High-Spend - Highest Risk"
5538,3,"Loyal, Low-Spend - Lowest Risk"
5539,3,"Loyal, Low-Spend - Lowest Risk"
5540,2,"Loyal, High-Spend - Low Risk"
5541,2,"Loyal, High-Spend - Low Risk"
5542,3,"Loyal, Low-Spend - Lowest Risk"
5543,0,"New, High-Spend - Highest Risk"
5544,2,"Loyal, High-Spend - Low Risk"
5545,0,"New, High-Spend - Highest Risk"
5546,0,"New, High-Spend - Highest Risk"
5547,2,"Loyal, High-Spend - Low Risk"
5548,1,"New, Low-Spend - Elevated Risk"
5549,3,"Loyal, Low-Spend - Lowest Risk"
5550,2,"Loyal, High-Spend - Low Risk"
5551,0,"New, High-Spend - Highest Risk"
5552,0,"New, High-Spend - Highest Risk"
5553,1,"New, Low-Spend - Elevated Risk"
5554,3,"Loyal, Low-Spend - Lowest Risk"
5555,0,"New, High-Spend - Highest Risk"
5556,0,"New, High-Spend - Highest Risk"
5557,1,"New, Low-Spend - Elevated Risk"
5558,3,"Loyal, Low-Spend - Lowest Risk"
5559,2,"Loyal, High-Spend - Low Risk"
5560,2,"Loyal, High-Spend - Low Risk"
5561,3,"Loyal, Low-Spend - Lowest Risk"
5562,0,"New, High-Spend - Highest Risk"
5563,0,"New, High-Spend - Highest Risk"
5564,2,"Loyal, High-Spend - Low Risk"
5565,3,"Loyal, Low-Spend - Lowest Risk"
5566,3,"Loyal, Low-Spend - Lowest Risk"
5567,3,"Loyal, Low-Spend - Lowest Risk"
5568,0,"New, High-Spend - Highest Risk"
5569,3,"Loyal, Low-Spend - Lowest Risk"
5570,2,"Loyal, High-Spend - Low Risk"
5571,1,"New, Low-Spend - Elevated Risk"
5572,0,"New, High-Spend - Highest Risk"
5573,1,"New, Low-Spend - Elevated Risk"
5574,2,"Loyal, High-Spend - Low Risk"
5575,2,"Loyal, High-Spend - Low Risk"
5576,1,"New, Low-Spend - Elevated Risk"
5577,2,"Loyal, High-Spend - Low Risk"
5578,0,"New, High-Spend - Highest Risk"
5579,0,"New, High-Spend - Highest Risk"
5580,0,"New, High-Spend - Highest Risk"
5581,3,"Loyal, Low-Spend - Lowest Risk"
5582,2,"Loyal, High-Spend - Low Risk"
5583,2,"Loyal, High-Spend - Low Risk"
5584,0,"New, High-Spend - Highest Risk"
5585,0,"New, High-Spend - Highest Risk"
5586,2,"Loyal, High-Spend - Low Risk"
5587,1,"New, Low-Spend - Elevated Risk"
5588,2,"Loyal, High-Spend - Low Risk"
5589,2,"Loyal, High-Spend - Low Risk"
5590,0,"New, High-Spend - Highest Risk"
5591,3,"Loyal, Low-Spend - Lowest Risk"
5592,0,"New, High-Spend - Highest Risk"
5593,1,"New, Low-Spend - Elevated Risk"
5594,3,"Loyal, Low-Spend - Lowest Risk"
5595,3,"Loyal, Low-Spend - Lowest Risk"
5596,2,"Loyal, High-Spend - Low Risk"
5597,0,"New, High-Spend - Highest Risk"
5598,0,"New, High-Spend - Highest Risk"
5599,1,"New, Low-Spend - Elevated Risk"
5600,3,"Loyal, Low-Spend - Lowest Risk"
5601,0,"New, High-Spend - Highest Risk"
5602,1,"New, Low-Spend - Elevated Risk"
5603,0,"New, High-Spend - Highest Risk"
5604,2,"Loyal, High-Spend - Low Risk"
5605,3,"Loyal, Low-Spend - Lowest Risk"
5606,3,"Loyal, Low-Spend - Lowest Risk"
5607,3,"Loyal, Low-Spend - Lowest Risk"
5608,2,"Loyal, High-Spend - Low Risk"
5609,0,"New, High-Spend - Highest Risk"
5610,1,"New, Low-Spend - Elevated Risk"
5611,1,"New, Low-Spend - Elevated Risk"
5612,2,"Loyal, High-Spend - Low Risk"
5613,1,"New, Low-Spend - Elevated Risk"
5614,1,"New, Low-Spend - Elevated Risk"
5615,3,"Loyal, Low-Spend - Lowest Risk"
5616,3,"Loyal, Low-Spend - Lowest Risk"
5617,0,"New, High-Spend - Highest Risk"
5618,1,"New, Low-Spend - Elevated Risk"
5619,1,"New, Low-Spend - Elevated Risk"
5620,0,"New, High-Spend - Highest Risk"
5621,3,"Loyal, Low-Spend - Lowest Risk"
5622,0,"New, High-Spend - Highest Risk"
5623,1,"New, Low-Spend - Elevated Risk"
5624,2,"Loyal, High-Spend - Low Risk"
5625,3,"Loyal, Low-Spend - Lowest Risk"
5626,3,"Loyal, Low-Spend - Lowest Risk"
5627,2,"Loyal, High-Spend - Low Risk"
5628,0,"New, High-Spend - Highest Risk"
5629,2,"Loyal, High-Spend - Low Risk"
5630,3,"Loyal, Low-Spend - Lowest Risk"
5631,1,"New, Low-Spend - Elevated Risk"
5632,1,"New, Low-Spend - Elevated Risk"
5633,1,"New, Low-Spend - Elevated Risk"
5634,1,"New, Low-Spend - Elevated Risk"
5635,2,"Loyal, High-Spend - Low Risk"
5636,0,"New, High-Spend - Highest Risk"
5637,3,"Loyal, Low-Spend - Lowest Risk"
5638,2,"Loyal, High-Spend - Low Risk"
5639,0,"New, High-Spend - Highest Risk"
5640,1,"New, Low-Spend - Elevated Risk"
5641,0,"New, High-Spend - Highest Risk"
5642,1,"New, Low-Spend - Elevated Risk"
5643,1,"New, Low-Spend - Elevated Risk"
5644,2,"Loyal, High-Spend - Low Risk"
5645,1,"New, Low-Spend - Elevated Risk"
5646,0,"New, High-Spend - Highest Risk"
5647,3,"Loyal, Low-Spend - Lowest Risk"
5648,1,"New, Low-Spend - Elevated Risk"
5649,0,"New, High-Spend - Highest Risk"
5650,1,"New, Low-Spend - Elevated Risk"
5651,1,"New, Low-Spend - Elevated Risk"
5652,0,"New, High-Spend - Highest Risk"
5653,0,"New, High-Spend - Highest Risk"
5654,0,"New, High-Spend - Highest Risk"
5655,2,"Loyal, High-Spend - Low Risk"
5656,2,"Loyal, High-Spend - Low Risk"
5657,2,"Loyal, High-Spend - Low Risk"
5658,1,"New, Low-Spend - Elevated Risk"
5659,1,"New, Low-Spend - Elevated Risk"
5660,0,"New, High-Spend - Highest Risk"
5661,2,"Loyal, High-Spend - Low Risk"
5662,1,"New, Low-Spend - Elevated Risk"
5663,3,"Loyal, Low-Spend - Lowest Risk"
5664,0,"New, High-Spend - Highest Risk"
5665,3,"Loyal, Low-Spend - Lowest Risk"
5666,1,"New, Low-Spend - Elevated Risk"
5667,2,"Loyal, High-Spend - Low Risk"
5668,0,"New, High-Spend - Highest Risk"
5669,0,"New, High-Spend - Highest Risk"
5670,0,"New, High-Spend - Highest Risk"
5671,3,"Loyal, Low-Spend - Lowest Risk"
5672,0,"New, High-Spend - Highest Risk"
5673,0,"New, High-Spend - Highest Risk"
5674,2,"Loyal, High-Spend - Low Risk"
5675,3,"Loyal, Low-Spend - Lowest Risk"
5676,2,"Loyal, High-Spend - Low Risk"
5677,2,"Loyal, High-Spend - Low Risk"
5678,0,"New, High-Spend - Highest Risk"
5679,0,"New, High-Spend - Highest Risk"
5680,3,"Loyal, Low-Spend - Lowest Risk"
5681,0,"New, High-Spend - Highest Risk"
5682,2,"Loyal, High-Spend - Low Risk"
5683,1,"New, Low-Spend - Elevated Risk"
5684,2,"Loyal, High-Spend - Low Risk"
5685,1,"New, Low-Spend - Elevated Risk"
5686,2,"Loyal, High-Spend - Low Risk"
5687,1,"New, Low-Spend - Elevated Risk"
5688,2,"Loyal, High-Spend - Low Risk"
5689,0,"New, High-Spend - Highest Risk"
5690,1,"New, Low-Spend - Elevated Risk"
5691,3,"Loyal, Low-Spend - Lowest Risk"
5692,1,"New, Low-Spend - Elevated Risk"
5693,0,"New, High-Spend - Highest Risk"
5694,0,"New, High-Spend - Highest Risk"
5695,0,"New, High-Spend - Highest Risk"
5696,2,"Loyal, High-Spend - Low Risk"
5697,1,"New, Low-Spend - Elevated Risk"
5698,1,"New, Low-Spend - Elevated Risk"
5699,1,"New, Low-Spend - Elevated Risk"
5700,2,"Loyal, High-Spend - Low Risk"
5701,1,"New, Low-Spend - Elevated Risk"
5702,0,"New, High-Spend - Highest Risk"
5703,0,"New, High-Spend - Highest Risk"
5704,2,"Loyal, High-Spend - Low Risk"
5705,0,"New, High-Spend - Highest Risk"
5706,2,"Loyal, High-Spend - Low Risk"
5707,2,"Loyal, High-Spend - Low Risk"
5708,2,"Loyal, High-Spend - Low Risk"
5709,2,"Loyal, High-Spend - Low Risk"
5710,0,"New, High-Spend - Highest Risk"
5711,0,"New, High-Spend - Highest Risk"
5712,0,"New, High-Spend - Highest Risk"
5713,2,"Loyal, High-Spend - Low Risk"
5714,0,"New, High-Spend - Highest Risk"
5715,3,"Loyal, Low-Spend - Lowest Risk"
5716,2,"Loyal, High-Spend - Low Risk"
5717,1,"New, Low-Spend - Elevated Risk"
5718,0,"New, High-Spend - Highest Risk"
5719,0,"New, High-Spend - Highest Risk"
5720,0,"New, High-Spend - Highest Risk"
5721,0,"New, High-Spend - Highest Risk"
5722,1,"New, Low-Spend - Elevated Risk"
5723,2,"Loyal, High-Spend - Low Risk"
5724,1,"New, Low-Spend - Elevated Risk"
5725,3,"Loyal, Low-Spend - Lowest Risk"
5726,3,"Loyal, Low-Spend - Lowest Risk"
5727,2,"Loyal, High-Spend - Low Risk"
5728,0,"New, High-Spend - Highest Risk"
5729,1,"New, Low-Spend - Elevated Risk"
5730,1,"New, Low-Spend - Elevated Risk"
5731,2,"Loyal, High-Spend - Low Risk"
5732,0,"New, High-Spend - Highest Risk"
5733,2,"Loyal, High-Spend - Low Risk"
5734,1,"New, Low-Spend - Elevated Risk"
5735,0,"New, High-Spend - Highest Risk"
5736,0,"New, High-Spend - Highest Risk"
5737,1,"New, Low-Spend - Elevated Risk"
5738,1,"New, Low-Spend - Elevated Risk"
5739,0,"New, High-Spend - Highest Risk"
5740,0,"New, High-Spend - Highest Risk"
5741,3,"Loyal, Low-Spend - Lowest Risk"
5742,0,"New, High-Spend - Highest Risk"
5743,0,"New, High-Spend - Highest Risk"
5744,0,"New, High-Spend - Highest Risk"
5745,0,"New, High-Spend - Highest Risk"
5746,2,"Loyal, High-Spend - Low Risk"
5747,2,"Loyal, High-Spend - Low Risk"
5748,0,"New, High-Spend - Highest Risk"
5749,1,"New, Low-Spend - Elevated Risk"
5750,0,"New, High-Spend - Highest Risk"
5751,3,"Loyal, Low-Spend - Lowest Risk"
5752,2,"Loyal, High-Spend - Low Risk"
5753,3,"Loyal, Low-Spend - Lowest Risk"
5754,0,"New, High-Spend - Highest Risk"
5755,0,"New, High-Spend - Highest Risk"
5756,1,"New, Low-Spend - Elevated Risk"
5757,2,"Loyal, High-Spend - Low Risk"
5758,3,"Loyal, Low-Spend - Lowest Risk"
5759,2,"Loyal, High-Spend - Low Risk"
5760,2,"Loyal, High-Spend - Low Risk"
5761,0,"New, High-Spend - Highest Risk"
5762,0,"New, High-Spend - Highest Risk"
5763,1,"New, Low-Spend - Elevated Risk"
5764,0,"New, High-Spend - Highest Risk"
5765,3,"Loyal, Low-Spend - Lowest Risk"
5766,3,"Loyal, Low-Spend - Lowest Risk"
5767,0,"New, High-Spend - Highest Risk"
5768,0,"New, High-Spend - Highest Risk"
5769,1,"New, Low-Spend - Elevated Risk"
5770,1,"New, Low-Spend - Elevated Risk"
5771,1,"New, Low-Spend - Elevated Risk"
5772,2,"Loyal, High-Spend - Low Risk"
5773,3,"Loyal, Low-Spend - Lowest Risk"
5774,0,"New, High-Spend - Highest Risk"
5775,0,"New, High-Spend - Highest Risk"
5776,2,"Loyal, High-Spend - Low Risk"
5777,1,"New, Low-Spend - Elevated Risk"
5778,2,"Loyal, High-Spend - Low Risk"
5779,0,"New, High-Spend - Highest Risk"
5780,0,"New, High-Spend - Highest Risk"
5781,2,"Loyal, High-Spend - Low Risk"
5782,3,"Loyal, Low-Spend - Lowest Risk"
5783,2,"Loyal, High-Spend - Low Risk"
5784,2,"Loyal, High-Spend - Low Risk"
5785,2,"Loyal, High-Spend - Low Risk"
5786,1,"New, Low-Spend - Elevated Risk"
5787,0,"New, High-Spend - Highest Risk"
5788,2,"Loyal, High-Spend - Low Risk"
5789,2,"Loyal, High-Spend - Low Risk"
5790,2,"Loyal, High-Spend - Low Risk"
5791,2,"Loyal, High-Spend - Low Risk"
5792,0,"New, High-Spend - Highest Risk"
5793,0,"New, High-Spend - Highest Risk"
5794,0,"New, High-Spend - Highest Risk"
5795,2,"Loyal, High-Spend - Low Risk"
5796,1,"New, Low-Spend - Elevated Risk"
5797,2,"Loyal, High-Spend - Low Risk"
5798,1,"New, Low-Spend - Elevated Risk"
5799,2,"Loyal, High-Spend - Low Risk"
5800,1,"New, Low-Spend - Elevated Risk"
5801,1,"New, Low-Spend - Elevated Risk"
5802,3,"Loyal, Low-Spend - Lowest Risk"
5803,2,"Loyal, High-Spend - Low Risk"
5804,3,"Loyal, Low-Spend - Lowest Risk"
5805,1,"New, Low-Spend - Elevated Risk"
5806,0,"New, High-Spend - Highest Risk"
5807,2,"Loyal, High-Spend - Low Risk"
5808,3,"Loyal, Low-Spend - Lowest Risk"
5809,2,"Loyal, High-Spend - Low Risk"
5810,0,"New, High-Spend - Highest Risk"
5811,1,"New, Low-Spend - Elevated Risk"
5812,2,"Loyal, High-Spend - Low Risk"
5813,2,"Loyal, High-Spend - Low Risk"
5814,2,"Loyal, High-Spend - Low Risk"
5815,1,"New, Low-Spend - Elevated Risk"
5816,0,"New, High-Spend - Highest Risk"
5817,0,"New, High-Spend - Highest Risk"
5818,1,"New, Low-Spend - Elevated Risk"
5819,1,"New, Low-Spend - Elevated Risk"
5820,1,"New, Low-Spend - Elevated Risk"
5821,0,"New, High-Spend - Highest Risk"
5822,0,"New, High-Spend - Highest Risk"
5823,1,"New, Low-Spend - Elevated Risk"
5824,2,"Loyal, High-Spend - Low Risk"
5825,1,"New, Low-Spend - Elevated Risk"
5826,1,"New, Low-Spend - Elevated Risk"
5827,0,"New, High-Spend - Highest Risk"
5828,1,"New, Low-Spend - Elevated Risk"
5829,0,"New, High-Spend - Highest Risk"
5830,0,"New, High-Spend - Highest Risk"
5831,2,"Loyal, High-Spend - Low Risk"
5832,2,"Loyal, High-Spend - Low Risk"
5833,2,"Loyal, High-Spend - Low Risk"
5834,2,"Loyal, High-Spend - Low Risk"
5835,0,"New, High-Spend - Highest Risk"
5836,2,"Loyal, High-Spend - Low Risk"
5837,1,"New, Low-Spend - Elevated Risk"
5838,3,"Loyal, Low-Spend - Lowest Risk"
5839,3,"Loyal, Low-Spend - Lowest Risk"
5840,1,"New, Low-Spend - Elevated Risk"
5841,2,"Loyal, High-Spend - Low Risk"
5842,2,"Loyal, High-Spend - Low Risk"
5843,0,"New, High-Spend - Highest Risk"
5844,1,"New, Low-Spend - Elevated Risk"
5845,2,"Loyal, High-Spend - Low Risk"
5846,0,"New, High-Spend - Highest Risk"
5847,2,"Loyal, High-Spend - Low Risk"
5848,2,"Loyal, High-Spend - Low Risk"
5849,0,"New, High-Spend - Highest Risk"
5850,0,"New, High-Spend - Highest Risk"
5851,2,"Loyal, High-Spend - Low Risk"
5852,0,"New, High-Spend - Highest Risk"
5853,3,"Loyal, Low-Spend - Lowest Risk"
5854,1,"New, Low-Spend - Elevated Risk"
5855,1,"New, Low-Spend - Elevated Risk"
5856,2,"Loyal, High-Spend - Low Risk"
5857,2,"Loyal, High-Spend - Low Risk"
5858,2,"Loyal, High-Spend - Low Risk"
5859,3,"Loyal, Low-Spend - Lowest Risk"
5860,2,"Loyal, High-Spend - Low Risk"
5861,2,"Loyal, High-Spend - Low Risk"
5862,0,"New, High-Spend - Highest Risk"
5863,1,"New, Low-Spend - Elevated Risk"
5864,0,"New, High-Spend - Highest Risk"
5865,3,"Loyal, Low-Spend - Lowest Risk"
5866,0,"New, High-Spend - Highest Risk"
5867,0,"New, High-Spend - Highest Risk"
5868,2,"Loyal, High-Spend - Low Risk"
5869,3,"Loyal, Low-Spend - Lowest Risk"
5870,0,"New, High-Spend - Highest Risk"
5871,2,"Loyal, High-Spend - Low Risk"
5872,0,"New, High-Spend - Highest Risk"
5873,2,"Loyal, High-Spend - Low Risk"
5874,1,"New, Low-Spend - Elevated Risk"
5875,1,"New, Low-Spend - Elevated Risk"
5876,2,"Loyal, High-Spend - Low Risk"
5877,3,"Loyal, Low-Spend - Lowest Risk"
5878,2,"Loyal, High-Spend - Low Risk"
5879,1,"New, Low-Spend - Elevated Risk"
5880,0,"New, High-Spend - Highest Risk"
5881,1,"New, Low-Spend - Elevated Risk"
5882,0,"New, High-Spend - Highest Risk"
5883,1,"New, Low-Spend - Elevated Risk"
5884,1,"New, Low-Spend - Elevated Risk"
5885,0,"New, High-Spend - Highest Risk"
5886,0,"New, High-Spend - Highest Risk"
5887,0,"New, High-Spend - Highest Risk"
5888,1,"New, Low-Spend - Elevated Risk"
5889,3,"Loyal, Low-Spend - Lowest Risk"
5890,2,"Loyal, High-Spend - Low Risk"
5891,2,"Loyal, High-Spend - Low Risk"
5892,1,"New, Low-Spend - Elevated Risk"
5893,0,"New, High-Spend - Highest Risk"
5894,2,"Loyal, High-Spend - Low Risk"
5895,2,"Loyal, High-Spend - Low Risk"
5896,0,"New, High-Spend - Highest Risk"
5897,3,"Loyal, Low-Spend - Lowest Risk"
5898,2,"Loyal, High-Spend - Low Risk"
5899,0,"New, High-Spend - Highest Risk"
5900,1,"New, Low-Spend - Elevated Risk"
5901,2,"Loyal, High-Spend - Low Risk"
5902,1,"New, Low-Spend - Elevated Risk"
5903,1,"New, Low-Spend - Elevated Risk"
5904,2,"Loyal, High-Spend - Low Risk"
5905,0,"New, High-Spend - Highest Risk"
5906,3,"Loyal, Low-Spend - Lowest Risk"
5907,2,"Loyal, High-Spend - Low Risk"
5908,0,"New, High-Spend - Highest Risk"
5909,2,"Loyal, High-Spend - Low Risk"
5910,3,"Loyal, Low-Spend - Lowest Risk"
5911,2,"Loyal, High-Spend - Low Risk"
5912,1,"New, Low-Spend - Elevated Risk"
5913,3,"Loyal, Low-Spend - Lowest Risk"
5914,1,"New, Low-Spend - Elevated Risk"
5915,2,"Loyal, High-Spend - Low Risk"
5916,2,"Loyal, High-Spend - Low Risk"
5917,1,"New, Low-Spend - Elevated Risk"
5918,1,"New, Low-Spend - Elevated Risk"
5919,1,"New, Low-Spend - Elevated Risk"
5920,1,"New, Low-Spend - Elevated Risk"
5921,1,"New, Low-Spend - Elevated Risk"
5922,1,"New, Low-Spend - Elevated Risk"
5923,2,"Loyal, High-Spend - Low Risk"
5924,0,"New, High-Spend - Highest Risk"
5925,0,"New, High-Spend - Highest Risk"
5926,1,"New, Low-Spend - Elevated Risk"
5927,2,"Loyal, High-Spend - Low Risk"
5928,2,"Loyal, High-Spend - Low Risk"
5929,2,"Loyal, High-Spend - Low Risk"
5930,3,"Loyal, Low-Spend - Lowest Risk"
5931,2,"Loyal, High-Spend - Low Risk"
5932,0,"New, High-Spend - Highest Risk"
5933,2,"Loyal, High-Spend - Low Risk"
5934,1,"New, Low-Spend - Elevated Risk"
5935,1,"New, Low-Spend - Elevated Risk"
5936,0,"New, High-Spend - Highest Risk"
5937,0,"New, High-Spend - Highest Risk"
5938,0,"New, High-Spend - Highest Risk"
5939,0,"New, High-Spend - Highest Risk"
5940,2,"Loyal, High-Spend - Low Risk"
5941,1,"New, Low-Spend - Elevated Risk"
5942,2,"Loyal, High-Spend - Low Risk"
5943,3,"Loyal, Low-Spend - Lowest Risk"
5944,2,"Loyal, High-Spend - Low Risk"
5945,2,"Loyal, High-Spend - Low Risk"
5946,1,"New, Low-Spend - Elevated Risk"
5947,1,"New, Low-Spend - Elevated Risk"
5948,3,"Loyal, Low-Spend - Lowest Risk"
5949,3,"Loyal, Low-Spend - Lowest Risk"
5950,2,"Loyal, High-Spend - Low Risk"
5951,1,"New, Low-Spend - Elevated Risk"
5952,1,"New, Low-Spend - Elevated Risk"
5953,2,"Loyal, High-Spend - Low Risk"
5954,1,"New, Low-Spend - Elevated Risk"
5955,1,"New, Low-Spend - Elevated Risk"
5956,2,"Loyal, High-Spend - Low Risk"
5957,3,"Loyal, Low-Spend - Lowest Risk"
5958,2,"Loyal, High-Spend - Low Risk"
5959,0,"New, High-Spend - Highest Risk"
5960,2,"Loyal, High-Spend - Low Risk"
5961,3,"Loyal, Low-Spend - Lowest Risk"
5962,2,"Loyal, High-Spend - Low Risk"
5963,1,"New, Low-Spend - Elevated Risk"
5964,1,"New, Low-Spend - Elevated Risk"
5965,1,"New, Low-Spend - Elevated Risk"
5966,2,"Loyal, High-Spend - Low Risk"
5967,0,"New, High-Spend - Highest Risk"
5968,0,"New, High-Spend - Highest Risk"
5969,2,"Loyal, High-Spend - Low Risk"
5970,3,"Loyal, Low-Spend - Lowest Risk"
5971,2,"Loyal, High-Spend - Low Risk"
5972,2,"Loyal, High-Spend - Low Risk"
5973,2,"Loyal, High-Spend - Low Risk"
5974,0,"New, High-Spend - Highest Risk"
5975,0,"New, High-Spend - Highest Risk"
5976,0,"New, High-Spend - Highest Risk"
5977,2,"Loyal, High-Spend - Low Risk"
5978,0,"New, High-Spend - Highest Risk"
5979,0,"New, High-Spend - Highest Risk"
5980,0,"New, High-Spend - Highest Risk"
5981,2,"Loyal, High-Spend - Low Risk"
5982,0,"New, High-Spend - Highest Risk"
5983,0,"New, High-Spend - Highest Risk"
5984,2,"Loyal, High-Spend - Low Risk"
5985,0,"New, High-Spend - Highest Risk"
5986,2,"Loyal, High-Spend - Low Risk"
5987,0,"New, High-Spend - Highest Risk"
5988,2,"Loyal, High-Spend - Low Risk"
5989,2,"Loyal, High-Spend - Low Risk"
5990,0,"New, High-Spend - Highest Risk"
5991,0,"New, High-Spend - Highest Risk"
5992,3,"Loyal, Low-Spend - Lowest Risk"
5993,1,"New, Low-Spend - Elevated Risk"
5994,0,"New, High-Spend - Highest Risk"
5995,3,"Loyal, Low-Spend - Lowest Risk"
5996,1,"New, Low-Spend - Elevated Risk"
5997,2,"Loyal, High-Spend - Low Risk"
5998,0,"New, High-Spend - Highest Risk"
5999,1,"New, Low-Spend - Elevated Risk"
6000,2,"Loyal, High-Spend - Low Risk"
6001,3,"Loyal, Low-Spend - Lowest Risk"
6002,1,"New, Low-Spend - Elevated Risk"
6003,2,"Loyal, High-Spend - Low Risk"
6004,3,"Loyal, Low-Spend - Lowest Risk"
6005,1,"New, Low-Spend - Elevated Risk"
6006,2,"Loyal, High-Spend - Low Risk"
6007,2,"Loyal, High-Spend - Low Risk"
6008,3,"Loyal, Low-Spend - Lowest Risk"
6009,2,"Loyal, High-Spend - Low Risk"
6010,3,"Loyal, Low-Spend - Lowest Risk"
6011,1,"New, Low-Spend - Elevated Risk"
6012,0,"New, High-Spend - Highest Risk"
6013,2,"Loyal, High-Spend - Low Risk"
6014,2,"Loyal, High-Spend - Low Risk"
6015,3,"Loyal, Low-Spend - Lowest Risk"
6016,2,"Loyal, High-Spend - Low Risk"
6017,0,"New, High-Spend - Highest Risk"
6018,2,"Loyal, High-Spend - Low Risk"
6019,0,"New, High-Spend - Highest Risk"
6020,3,"Loyal, Low-Spend - Lowest Risk"
6021,1,"New, Low-Spend - Elevated Risk"
6022,1,"New, Low-Spend - Elevated Risk"
6023,0,"New, High-Spend - Highest Risk"
6024,2,"Loyal, High-Spend - Low Risk"
6025,0,"New, High-Spend - Highest Risk"
6026,0,"New, High-Spend - Highest Risk"
6027,0,"New, High-Spend - Highest Risk"
6028,1,"New, Low-Spend - Elevated Risk"
6029,2,"Loyal, High-Spend - Low Risk"
6030,3,"Loyal, Low-Spend - Lowest Risk"
6031,0,"New, High-Spend - Highest Risk"
6032,1,"New, Low-Spend - Elevated Risk"
6033,0,"New, High-Spend - Highest Risk"
6034,1,"New, Low-Spend - Elevated Risk"
6035,2,"Loyal, High-Spend - Low Risk"
6036,1,"New, Low-Spend - Elevated Risk"
6037,1,"New, Low-Spend - Elevated Risk"
6038,0,"New, High-Spend - Highest Risk"
6039,0,"New, High-Spend - Highest Risk"
6040,2,"Loyal, High-Spend - Low Risk"
6041,1,"New, Low-Spend - Elevated Risk"
6042,2,"Loyal, High-Spend - Low Risk"
6043,1,"New, Low-Spend - Elevated Risk"
6044,3,"Loyal, Low-Spend - Lowest Risk"
6045,1,"New, Low-Spend - Elevated Risk"
6046,0,"New, High-Spend - Highest Risk"
6047,0,"New, High-Spend - Highest Risk"
6048,2,"Loyal, High-Spend - Low Risk"
6049,0,"New, High-Spend - Highest Risk"
6050,1,"New, Low-Spend - Elevated Risk"
6051,2,"Loyal, High-Spend - Low Risk"
6052,3,"Loyal, Low-Spend - Lowest Risk"
6053,0,"New, High-Spend - Highest Risk"
6054,2,"Loyal, High-Spend - Low Risk"
6055,0,"New, High-Spend - Highest Risk"
6056,2,"Loyal, High-Spend - Low Risk"
6057,2,"Loyal, High-Spend - Low Risk"
6058,2,"Loyal, High-Spend - Low Risk"
6059,0,"New, High-Spend - Highest Risk"
6060,2,"Loyal, High-Spend - Low Risk"
6061,2,"Loyal, High-Spend - Low Risk"
6062,1,"New, Low-Spend - Elevated Risk"
6063,3,"Loyal, Low-Spend - Lowest Risk"
6064,3,"Loyal, Low-Spend - Lowest Risk"
6065,3,"Loyal, Low-Spend - Lowest Risk"
6066,0,"New, High-Spend - Highest Risk"
6067,0,"New, High-Spend - Highest Risk"
6068,1,"New, Low-Spend - Elevated Risk"
6069,1,"New, Low-Spend - Elevated Risk"
6070,0,"New, High-Spend - Highest Risk"
6071,3,"Loyal, Low-Spend - Lowest Risk"
6072,2,"Loyal, High-Spend - Low Risk"
6073,1,"New, Low-Spend - Elevated Risk"
6074,0,"New, High-Spend - Highest Risk"
6075,2,"Loyal, High-Spend - Low Risk"
6076,2,"Loyal, High-Spend - Low Risk"
6077,2,"Loyal, High-Spend - Low Risk"
6078,0,"New, High-Spend - Highest Risk"
6079,2,"Loyal, High-Spend - Low Risk"
6080,0,"New, High-Spend - Highest Risk"
6081,0,"New, High-Spend - Highest Risk"
6082,3,"Loyal, Low-Spend - Lowest Risk"
6083,3,"Loyal, Low-Spend - Lowest Risk"
6084,1,"New, Low-Spend - Elevated Risk"
6085,2,"Loyal, High-Spend - Low Risk"
6086,1,"New, Low-Spend - Elevated Risk"
6087,2,"Loyal, High-Spend - Low Risk"
6088,3,"Loyal, Low-Spend - Lowest Risk"
6089,1,"New, Low-Spend - Elevated Risk"
6090,3,"Loyal, Low-Spend - Lowest Risk"
6091,3,"Loyal, Low-Spend - Lowest Risk"
6092,0,"New, High-Spend - Highest Risk"
6093,0,"New, High-Spend - Highest Risk"
6094,0,"New, High-Spend - Highest Risk"
6095,0,"New, High-Spend - Highest Risk"
6096,3,"Loyal, Low-Spend - Lowest Risk"
6097,1,"New, Low-Spend - Elevated Risk"
6098,0,"New, High-Spend - Highest Risk"
6099,2,"Loyal, High-Spend - Low Risk"
6100,1,"New, Low-Spend - Elevated Risk"
6101,2,"Loyal, High-Spend - Low Risk"
6102,1,"New, Low-Spend - Elevated Risk"
6103,0,"New, High-Spend - Highest Risk"
6104,2,"Loyal, High-Spend - Low Risk"
6105,1,"New, Low-Spend - Elevated Risk"
6106,3,"Loyal, Low-Spend - Lowest Risk"
6107,1,"New, Low-Spend - Elevated Risk"
6108,2,"Loyal, High-Spend - Low Risk"
6109,0,"New, High-Spend - Highest Risk"
6110,2,"Loyal, High-Spend - Low Risk"
6111,1,"New, Low-Spend - Elevated Risk"
6112,0,"New, High-Spend - Highest Risk"
6113,3,"Loyal, Low-Spend - Lowest Risk"
6114,2,"Loyal, High-Spend - Low Risk"
6115,2,"Loyal, High-Spend - Low Risk"
6116,3,"Loyal, Low-Spend - Lowest Risk"
6117,2,"Loyal, High-Spend - Low Risk"
6118,2,"Loyal, High-Spend - Low Risk"
6119,2,"Loyal, High-Spend - Low Risk"
6120,2,"Loyal, High-Spend - Low Risk"
6121,3,"Loyal, Low-Spend - Lowest Risk"
6122,0,"New, High-Spend - Highest Risk"
6123,2,"Loyal, High-Spend - Low Risk"
6124,2,"Loyal, High-Spend - Low Risk"
6125,3,"Loyal, Low-Spend - Lowest Risk"
6126,1,"New, Low-Spend - Elevated Risk"
6127,2,"Loyal, High-Spend - Low Risk"
6128,2,"Loyal, High-Spend - Low Risk"
6129,3,"Loyal, Low-Spend - Lowest Risk"
6130,3,"Loyal, Low-Spend - Lowest Risk"
6131,2,"Loyal, High-Spend - Low Risk"
6132,1,"New, Low-Spend - Elevated Risk"
6133,3,"Loyal, Low-Spend - Lowest Risk"
6134,0,"New, High-Spend - Highest Risk"
6135,1,"New, Low-Spend - Elevated Risk"
6136,0,"New, High-Spend - Highest Risk"
6137,3,"Loyal, Low-Spend - Lowest Risk"
6138,2,"Loyal, High-Spend - Low Risk"
6139,0,"New, High-Spend - Highest Risk"
6140,3,"Loyal, Low-Spend - Lowest Risk"
6141,0,"New, High-Spend - Highest Risk"
6142,0,"New, High-Spend - Highest Risk"
6143,0,"New, High-Spend - Highest Risk"
6144,1,"New, Low-Spend - Elevated Risk"
6145,2,"Loyal, High-Spend - Low Risk"
6146,1,"New, Low-Spend - Elevated Risk"
6147,3,"Loyal, Low-Spend - Lowest Risk"
6148,0,"New, High-Spend - Highest Risk"
6149,3,"Loyal, Low-Spend - Lowest Risk"
6150,3,"Loyal, Low-Spend - Lowest Risk"
6151,1,"New, Low-Spend - Elevated Risk"
6152,2,"Loyal, High-Spend - Low Risk"
6153,1,"New, Low-Spend - Elevated Risk"
6154,2,"Loyal, High-Spend - Low Risk"
6155,0,"New, High-Spend - Highest Risk"
6156,2,"Loyal, High-Spend - Low Risk"
6157,0,"New, High-Spend - Highest Risk"
6158,1,"New, Low-Spend - Elevated Risk"
6159,1,"New, Low-Spend - Elevated Risk"
6160,2,"Loyal, High-Spend - Low Risk"
6161,1,"New, Low-Spend - Elevated Risk"
6162,2,"Loyal, High-Spend - Low Risk"
6163,1,"New, Low-Spend - Elevated Risk"
6164,2,"Loyal, High-Spend - Low Risk"
6165,0,"New, High-Spend - Highest Risk"
6166,0,"New, High-Spend - Highest Risk"
6167,3,"Loyal, Low-Spend - Lowest Risk"
6168,2,"Loyal, High-Spend - Low Risk"
6169,0,"New, High-Spend - Highest Risk"
6170,1,"New, Low-Spend - Elevated Risk"
6171,3,"Loyal, Low-Spend - Lowest Risk"
6172,1,"New, Low-Spend - Elevated Risk"
6173,1,"New, Low-Spend - Elevated Risk"
6174,0,"New, High-Spend - Highest Risk"
6175,0,"New, High-Spend - Highest Risk"
6176,3,"Loyal, Low-Spend - Lowest Risk"
6177,3,"Loyal, Low-Spend - Lowest Risk"
6178,1,"New, Low-Spend - Elevated Risk"
6179,3,"Loyal, Low-Spend - Lowest Risk"
6180,0,"New, High-Spend - Highest Risk"
6181,0,"New, High-Spend - Highest Risk"
6182,0,"New, High-Spend - Highest Risk"
6183,2,"Loyal, High-Spend - Low Risk"
6184,1,"New, Low-Spend - Elevated Risk"
6185,0,"New, High-Spend - Highest Risk"
6186,0,"New, High-Spend - Highest Risk"
6187,2,"Loyal, High-Spend - Low Risk"
6188,1,"New, Low-Spend - Elevated Risk"
6189,2,"Loyal, High-Spend - Low Risk"
6190,3,"Loyal, Low-Spend - Lowest Risk"
6191,1,"New, Low-Spend - Elevated Risk"
6192,1,"New, Low-Spend - Elevated Risk"
6193,1,"New, Low-Spend - Elevated Risk"
6194,3,"Loyal, Low-Spend - Lowest Risk"
6195,1,"New, Low-Spend - Elevated Risk"
6196,0,"New, High-Spend - Highest Risk"
6197,1,"New, Low-Spend - Elevated Risk"
6198,3,"Loyal, Low-Spend - Lowest Risk"
6199,1,"New, Low-Spend - Elevated Risk"
6200,3,"Loyal, Low-Spend - Lowest Risk"
6201,1,"New, Low-Spend - Elevated Risk"
6202,1,"New, Low-Spend - Elevated Risk"
6203,3,"Loyal, Low-Spend - Lowest Risk"
6204,0,"New, High-Spend - Highest Risk"
6205,2,"Loyal, High-Spend - Low Risk"
6206,3,"Loyal, Low-Spend - Lowest Risk"
6207,0,"New, High-Spend - Highest Risk"
6208,1,"New, Low-Spend - Elevated Risk"
6209,3,"Loyal, Low-Spend - Lowest Risk"
6210,1,"New, Low-Spend - Elevated Risk"
6211,0,"New, High-Spend - Highest Risk"
6212,3,"Loyal, Low-Spend - Lowest Risk"
6213,1,"New, Low-Spend - Elevated Risk"
6214,2,"Loyal, High-Spend - Low Risk"
6215,2,"Loyal, High-Spend - Low Risk"
6216,3,"Loyal, Low-Spend - Lowest Risk"
6217,2,"Loyal, High-Spend - Low Risk"
6218,2,"Loyal, High-Spend - Low Risk"
6219,2,"Loyal, High-Spend - Low Risk"
6220,1,"New, Low-Spend - Elevated Risk"
6221,2,"Loyal, High-Spend - Low Risk"
6222,0,"New, High-Spend - Highest Risk"
6223,1,"New, Low-Spend - Elevated Risk"
6224,2,"Loyal, High-Spend - Low Risk"
6225,3,"Loyal, Low-Spend - Lowest Risk"
6226,3,"Loyal, Low-Spend - Lowest Risk"
6227,0,"New, High-Spend - Highest Risk"
6228,3,"Loyal, Low-Spend - Lowest Risk"
6229,2,"Loyal, High-Spend - Low Risk"
6230,2,"Loyal, High-Spend - Low Risk"
6231,3,"Loyal, Low-Spend - Lowest Risk"
6232,0,"New, High-Spend - Highest Risk"
6233,0,"New, High-Spend - Highest Risk"
6234,2,"Loyal, High-Spend - Low Risk"
6235,0,"New, High-Spend - Highest Risk"
6236,3,"Loyal, Low-Spend - Lowest Risk"
6237,0,"New, High-Spend - Highest Risk"
6238,2,"Loyal, High-Spend - Low Risk"
6239,0,"New, High-Spend - Highest Risk"
6240,2,"Loyal, High-Spend - Low Risk"
6241,1,"New, Low-Spend - Elevated Risk"
6242,3,"Loyal, Low-Spend - Lowest Risk"
6243,1,"New, Low-Spend - Elevated Risk"
6244,2,"Loyal, High-Spend - Low Risk"
6245,0,"New, High-Spend - Highest Risk"
6246,0,"New, High-Spend - Highest Risk"
6247,2,"Loyal, High-Spend - Low Risk"
6248,3,"Loyal, Low-Spend - Lowest Risk"
6249,2,"Loyal, High-Spend - Low Risk"
6250,1,"New, Low-Spend - Elevated Risk"
6251,1,"New, Low-Spend - Elevated Risk"
6252,2,"Loyal, High-Spend - Low Risk"
6253,1,"New, Low-Spend - Elevated Risk"
6254,2,"Loyal, High-Spend - Low Risk"
6255,0,"New, High-Spend - Highest Risk"
6256,2,"Loyal, High-Spend - Low Risk"
6257,2,"Loyal, High-Spend - Low Risk"
6258,2,"Loyal, High-Spend - Low Risk"
6259,1,"New, Low-Spend - Elevated Risk"
6260,2,"Loyal, High-Spend - Low Risk"
6261,0,"New, High-Spend - Highest Risk"
6262,3,"Loyal, Low-Spend - Lowest Risk"
6263,2,"Loyal, High-Spend - Low Risk"
6264,1,"New, Low-Spend - Elevated Risk"
6265,2,"Loyal, High-Spend - Low Risk"
6266,2,"Loyal, High-Spend - Low Risk"
6267,1,"New, Low-Spend - Elevated Risk"
6268,2,"Loyal, High-Spend - Low Risk"
6269,1,"New, Low-Spend - Elevated Risk"
6270,2,"Loyal, High-Spend - Low Risk"
6271,3,"Loyal, Low-Spend - Lowest Risk"
6272,3,"Loyal, Low-Spend - Lowest Risk"
6273,2,"Loyal, High-Spend - Low Risk"
6274,0,"New, High-Spend - Highest Risk"
6275,1,"New, Low-Spend - Elevated Risk"
6276,1,"New, Low-Spend - Elevated Risk"
6277,2,"Loyal, High-Spend - Low Risk"
6278,0,"New, High-Spend - Highest Risk"
6279,1,"New, Low-Spend - Elevated Risk"
6280,2,"Loyal, High-Spend - Low Risk"
6281,1,"New, Low-Spend - Elevated Risk"
6282,2,"Loyal, High-Spend - Low Risk"
6283,0,"New, High-Spend - Highest Risk"
6284,2,"Loyal, High-Spend - Low Risk"
6285,3,"Loyal, Low-Spend - Lowest Risk"
6286,0,"New, High-Spend - Highest Risk"
6287,2,"Loyal, High-Spend - Low Risk"
6288,2,"Loyal, High-Spend - Low Risk"
6289,2,"Loyal, High-Spend - Low Risk"
6290,2,"Loyal, High-Spend - Low Risk"
6291,0,"New, High-Spend - Highest Risk"
6292,0,"New, High-Spend - Highest Risk"
6293,2,"Loyal, High-Spend - Low Risk"
6294,1,"New, Low-Spend - Elevated Risk"
6295,0,"New, High-Spend - Highest Risk"
6296,2,"Loyal, High-Spend - Low Risk"
6297,2,"Loyal, High-Spend - Low Risk"
6298,1,"New, Low-Spend - Elevated Risk"
6299,1,"New, Low-Spend - Elevated Risk"
6300,3,"Loyal, Low-Spend - Lowest Risk"
6301,1,"New, Low-Spend - Elevated Risk"
6302,0,"New, High-Spend - Highest Risk"
6303,3,"Loyal, Low-Spend - Lowest Risk"
6304,2,"Loyal, High-Spend - Low Risk"
6305,0,"New, High-Spend - Highest Risk"
6306,1,"New, Low-Spend - Elevated Risk"
6307,0,"New, High-Spend - Highest Risk"
6308,2,"Loyal, High-Spend - Low Risk"
6309,0,"New, High-Spend - Highest Risk"
6310,0,"New, High-Spend - Highest Risk"
6311,2,"Loyal, High-Spend - Low Risk"
6312,2,"Loyal, High-Spend - Low Risk"
6313,2,"Loyal, High-Spend - Low Risk"
6314,0,"New, High-Spend - Highest Risk"
6315,3,"Loyal, Low-Spend - Lowest Risk"
6316,2,"Loyal, High-Spend - Low Risk"
6317,1,"New, Low-Spend - Elevated Risk"
6318,0,"New, High-Spend - Highest Risk"
6319,0,"New, High-Spend - Highest Risk"
6320,3,"Loyal, Low-Spend - Lowest Risk"
6321,0,"New, High-Spend - Highest Risk"
6322,1,"New, Low-Spend - Elevated Risk"
6323,3,"Loyal, Low-Spend - Lowest Risk"
6324,0,"New, High-Spend - Highest Risk"
6325,1,"New, Low-Spend - Elevated Risk"
6326,1,"New, Low-Spend - Elevated Risk"
6327,3,"Loyal, Low-Spend - Lowest Risk"
6328,2,"Loyal, High-Spend - Low Risk"
6329,1,"New, Low-Spend - Elevated Risk"
6330,0,"New, High-Spend - Highest Risk"
6331,2,"Loyal, High-Spend - Low Risk"
6332,3,"Loyal, Low-Spend - Lowest Risk"
6333,3,"Loyal, Low-Spend - Lowest Risk"
6334,1,"New, Low-Spend - Elevated Risk"
6335,1,"New, Low-Spend - Elevated Risk"
6336,0,"New, High-Spend - Highest Risk"
6337,0,"New, High-Spend - Highest Risk"
6338,2,"Loyal, High-Spend - Low Risk"
6339,0,"New, High-Spend - Highest Risk"
6340,3,"Loyal, Low-Spend - Lowest Risk"
6341,0,"New, High-Spend - Highest Risk"
6342,0,"New, High-Spend - Highest Risk"
6343,3,"Loyal, Low-Spend - Lowest Risk"
6344,0,"New, High-Spend - Highest Risk"
6345,0,"New, High-Spend - Highest Risk"
6346,0,"New, High-Spend - Highest Risk"
6347,0,"New, High-Spend - Highest Risk"
6348,0,"New, High-Spend - Highest Risk"
6349,3,"Loyal, Low-Spend - Lowest Risk"
6350,1,"New, Low-Spend - Elevated Risk"
6351,0,"New, High-Spend - Highest Risk"
6352,3,"Loyal, Low-Spend - Lowest Risk"
6353,2,"Loyal, High-Spend - Low Risk"
6354,1,"New, Low-Spend - Elevated Risk"
6355,0,"New, High-Spend - Highest Risk"
6356,3,"Loyal, Low-Spend - Lowest Risk"
6357,1,"New, Low-Spend - Elevated Risk"
6358,1,"New, Low-Spend - Elevated Risk"
6359,1,"New, Low-Spend - Elevated Risk"
6360,1,"New, Low-Spend - Elevated Risk"
6361,1,"New, Low-Spend - Elevated Risk"
6362,2,"Loyal, High-Spend - Low Risk"
6363,1,"New, Low-Spend - Elevated Risk"
6364,0,"New, High-Spend - Highest Risk"
6365,1,"New, Low-Spend - Elevated Risk"
6366,2,"Loyal, High-Spend - Low Risk"
6367,2,"Loyal, High-Spend - Low Risk"
6368,0,"New, High-Spend - Highest Risk"
6369,0,"New, High-Spend - Highest Risk"
6370,2,"Loyal, High-Spend - Low Risk"
6371,0,"New, High-Spend - Highest Risk"
6372,3,"Loyal, Low-Spend - Lowest Risk"
6373,3,"Loyal, Low-Spend - Lowest Risk"
6374,0,"New, High-Spend - Highest Risk"
6375,1,"New, Low-Spend - Elevated Risk"
6376,2,"Loyal, High-Spend - Low Risk"
6377,1,"New, Low-Spend - Elevated Risk"
6378,0,"New, High-Spend - Highest Risk"
6379,0,"New, High-Spend - Highest Risk"
6380,3,"Loyal, Low-Spend - Lowest Risk"
6381,3,"Loyal, Low-Spend - Lowest Risk"
6382,3,"Loyal, Low-Spend - Lowest Risk"
6383,2,"Loyal, High-Spend - Low Risk"
6384,0,"New, High-Spend - Highest Risk"
6385,2,"Loyal, High-Spend - Low Risk"
6386,2,"Loyal, High-Spend - Low Risk"
6387,3,"Loyal, Low-Spend - Lowest Risk"
6388,1,"New, Low-Spend - Elevated Risk"
6389,3,"Loyal, Low-Spend - Lowest Risk"
6390,0,"New, High-Spend - Highest Risk"
6391,0,"New, High-Spend - Highest Risk"
6392,2,"Loyal, High-Spend - Low Risk"
6393,0,"New, High-Spend - Highest Risk"
6394,1,"New, Low-Spend - Elevated Risk"
6395,2,"Loyal, High-Spend - Low Risk"
6396,3,"Loyal, Low-Spend - Lowest Risk"
6397,1,"New, Low-Spend - Elevated Risk"
6398,2,"Loyal, High-Spend - Low Risk"
6399,0,"New, High-Spend - Highest Risk"
6400,0,"New, High-Spend - Highest Risk"
6401,1,"New, Low-Spend - Elevated Risk"
6402,1,"New, Low-Spend - Elevated Risk"
6403,0,"New, High-Spend - Highest Risk"
6404,1,"New, Low-Spend - Elevated Risk"
6405,0,"New, High-Spend - Highest Risk"
6406,0,"New, High-Spend - Highest Risk"
6407,2,"Loyal, High-Spend - Low Risk"
6408,0,"New, High-Spend - Highest Risk"
6409,1,"New, Low-Spend - Elevated Risk"
6410,1,"New, Low-Spend - Elevated Risk"
6411,2,"Loyal, High-Spend - Low Risk"
6412,0,"New, High-Spend - Highest Risk"
6413,2,"Loyal, High-Spend - Low Risk"
6414,0,"New, High-Spend - Highest Risk"
6415,0,"New, High-Spend - Highest Risk"
6416,0,"New, High-Spend - Highest Risk"
6417,0,"New, High-Spend - Highest Risk"
6418,3,"Loyal, Low-Spend - Lowest Risk"
6419,0,"New, High-Spend - Highest Risk"
6420,3,"Loyal, Low-Spend - Lowest Risk"
6421,0,"New, High-Spend - Highest Risk"
6422,1,"New, Low-Spend - Elevated Risk"
6423,3,"Loyal, Low-Spend - Lowest Risk"
6424,3,"Loyal, Low-Spend - Lowest Risk"
6425,1,"New, Low-Spend - Elevated Risk"
6426,0,"New, High-Spend - Highest Risk"
6427,2,"Loyal, High-Spend - Low Risk"
6428,1,"New, Low-Spend - Elevated Risk"
6429,1,"New, Low-Spend - Elevated Risk"
6430,3,"Loyal, Low-Spend - Lowest Risk"
6431,1,"New, Low-Spend - Elevated Risk"
6432,1,"New, Low-Spend - Elevated Risk"
6433,0,"New, High-Spend - Highest Risk"
6434,0,"New, High-Spend - Highest Risk"
6435,0,"New, High-Spend - Highest Risk"
6436,3,"Loyal, Low-Spend - Lowest Risk"
6437,2,"Loyal, High-Spend - Low Risk"
6438,0,"New, High-Spend - Highest Risk"
6439,1,"New, Low-Spend - Elevated Risk"
6440,3,"Loyal, Low-Spend - Lowest Risk"
6441,3,"Loyal, Low-Spend - Lowest Risk"
6442,1,"New, Low-Spend - Elevated Risk"
6443,1,"New, Low-Spend - Elevated Risk"
6444,1,"New, Low-Spend - Elevated Risk"
6445,0,"New, High-Spend - Highest Risk"
6446,2,"Loyal, High-Spend - Low Risk"
6447,2,"Loyal, High-Spend - Low Risk"
6448,1,"New, Low-Spend - Elevated Risk"
6449,2,"Loyal, High-Spend - Low Risk"
6450,0,"New, High-Spend - Highest Risk"
6451,1,"New, Low-Spend - Elevated Risk"
6452,0,"New, High-Spend - Highest Risk"
6453,3,"Loyal, Low-Spend - Lowest Risk"
6454,1,"New, Low-Spend - Elevated Risk"
6455,2,"Loyal, High-Spend - Low Risk"
6456,2,"Loyal, High-Spend - Low Risk"
6457,2,"Loyal, High-Spend - Low Risk"
6458,0,"New, High-Spend - Highest Risk"
6459,3,"Loyal, Low-Spend - Lowest Risk"
6460,1,"New, Low-Spend - Elevated Risk"
6461,1,"New, Low-Spend - Elevated Risk"
6462,2,"Loyal, High-Spend - Low Risk"
6463,3,"Loyal, Low-Spend - Lowest Risk"
6464,0,"New, High-Spend - Highest Risk"
6465,3,"Loyal, Low-Spend - Lowest Risk"
6466,0,"New, High-Spend - Highest Risk"
6467,1,"New, Low-Spend - Elevated Risk"
6468,2,"Loyal, High-Spend - Low Risk"
6469,0,"New, High-Spend - Highest Risk"
6470,2,"Loyal, High-Spend - Low Risk"
6471,2,"Loyal, High-Spend - Low Risk"
6472,2,"Loyal, High-Spend - Low Risk"
6473,1,"New, Low-Spend - Elevated Risk"
6474,2,"Loyal, High-Spend - Low Risk"
6475,0,"New, High-Spend - Highest Risk"
6476,3,"Loyal, Low-Spend - Lowest Risk"
6477,2,"Loyal, High-Spend - Low Risk"
6478,2,"Loyal, High-Spend - Low Risk"
6479,3,"Loyal, Low-Spend - Lowest Risk"
6480,0,"New, High-Spend - Highest Risk"
6481,0,"New, High-Spend - Highest Risk"
6482,2,"Loyal, High-Spend - Low Risk"
6483,0,"New, High-Spend - Highest Risk"
6484,0,"New, High-Spend - Highest Risk"
6485,2,"Loyal, High-Spend - Low Risk"
6486,1,"New, Low-Spend - Elevated Risk"
6487,3,"Loyal, Low-Spend - Lowest Risk"
6488,0,"New, High-Spend - Highest Risk"
6489,2,"Loyal, High-Spend - Low Risk"
6490,1,"New, Low-Spend - Elevated Risk"
6491,1,"New, Low-Spend - Elevated Risk"
6492,3,"Loyal, Low-Spend - Lowest Risk"
6493,0,"New, High-Spend - Highest Risk"
6494,0,"New, High-Spend - Highest Risk"
6495,0,"New, High-Spend - Highest Risk"
6496,1,"New, Low-Spend - Elevated Risk"
6497,2,"Loyal, High-Spend - Low Risk"
6498,1,"New, Low-Spend - Elevated Risk"
6499,0,"New, High-Spend - Highest Risk"
6500,1,"New, Low-Spend - Elevated Risk"
6501,0,"New, High-Spend - Highest Risk"
6502,0,"New, High-Spend - Highest Risk"
6503,0,"New, High-Spend - Highest Risk"
6504,1,"New, Low-Spend - Elevated Risk"
6505,1,"New, Low-Spend - Elevated Risk"
6506,1,"New, Low-Spend - Elevated Risk"
6507,2,"Loyal, High-Spend - Low Risk"
6508,2,"Loyal, High-Spend - Low Risk"
6509,1,"New, Low-Spend - Elevated Risk"
6510,3,"Loyal, Low-Spend - Lowest Risk"
6511,2,"Loyal, High-Spend - Low Risk"
6512,2,"Loyal, High-Spend - Low Risk"
6513,1,"New, Low-Spend - Elevated Risk"
6514,1,"New, Low-Spend - Elevated Risk"
6515,1,"New, Low-Spend - Elevated Risk"
6516,1,"New, Low-Spend - Elevated Risk"
6517,0,"New, High-Spend - Highest Risk"
6518,3,"Loyal, Low-Spend - Lowest Risk"
6519,2,"Loyal, High-Spend - Low Risk"
6520,2,"Loyal, High-Spend - Low Risk"
6521,0,"New, High-Spend - Highest Risk"
6522,2,"Loyal, High-Spend - Low Risk"
6523,3,"Loyal, Low-Spend - Lowest Risk"
6524,3,"Loyal, Low-Spend - Lowest Risk"
6525,3,"Loyal, Low-Spend - Lowest Risk"
6526,3,"Loyal, Low-Spend - Lowest Risk"
6527,2,"Loyal, High-Spend - Low Risk"
6528,1,"New, Low-Spend - Elevated Risk"
6529,2,"Loyal, High-Spend - Low Risk"
6530,0,"New, High-Spend - Highest Risk"
6531,1,"New, Low-Spend - Elevated Risk"
6532,0,"New, High-Spend - Highest Risk"
6533,2,"Loyal, High-Spend - Low Risk"
6534,0,"New, High-Spend - Highest Risk"
6535,1,"New, Low-Spend - Elevated Risk"
6536,0,"New, High-Spend - Highest Risk"
6537,2,"Loyal, High-Spend - Low Risk"
6538,0,"New, High-Spend - Highest Risk"
6539,2,"Loyal, High-Spend - Low Risk"
6540,1,"New, Low-Spend - Elevated Risk"
6541,2,"Loyal, High-Spend - Low Risk"
6542,3,"Loyal, Low-Spend - Lowest Risk"
6543,3,"Loyal, Low-Spend - Lowest Risk"
6544,0,"New, High-Spend - Highest Risk"
6545,0,"New, High-Spend - Highest Risk"
6546,1,"New, Low-Spend - Elevated Risk"
6547,0,"New, High-Spend - Highest Risk"
6548,0,"New, High-Spend - Highest Risk"
6549,2,"Loyal, High-Spend - Low Risk"
6550,1,"New, Low-Spend - Elevated Risk"
6551,2,"Loyal, High-Spend - Low Risk"
6552,1,"New, Low-Spend - Elevated Risk"
6553,1,"New, Low-Spend - Elevated Risk"
6554,3,"Loyal, Low-Spend - Lowest Risk"
6555,1,"New, Low-Spend - Elevated Risk"
6556,2,"Loyal, High-Spend - Low Risk"
6557,1,"New, Low-Spend - Elevated Risk"
6558,1,"New, Low-Spend - Elevated Risk"
6559,3,"Loyal, Low-Spend - Lowest Risk"
6560,2,"Loyal, High-Spend - Low Risk"
6561,1,"New, Low-Spend - Elevated Risk"
6562,1,"New, Low-Spend - Elevated Risk"
6563,0,"New, High-Spend - Highest Risk"
6564,2,"Loyal, High-Spend - Low Risk"
6565,0,"New, High-Spend - Highest Risk"
6566,3,"Loyal, Low-Spend - Lowest Risk"
6567,1,"New, Low-Spend - Elevated Risk"
6568,0,"New, High-Spend - Highest Risk"
6569,0,"New, High-Spend - Highest Risk"
6570,1,"New, Low-Spend - Elevated Risk"
6571,1,"New, Low-Spend - Elevated Risk"
6572,2,"Loyal, High-Spend - Low Risk"
6573,2,"Loyal, High-Spend - Low Risk"
6574,0,"New, High-Spend - Highest Risk"
6575,1,"New, Low-Spend - Elevated Risk"
6576,0,"New, High-Spend - Highest Risk"
6577,2,"Loyal, High-Spend - Low Risk"
6578,3,"Loyal, Low-Spend - Lowest Risk"
6579,0,"New, High-Spend - Highest Risk"
6580,1,"New, Low-Spend - Elevated Risk"
6581,2,"Loyal, High-Spend - Low Risk"
6582,2,"Loyal, High-Spend - Low Risk"
6583,0,"New, High-Spend - Highest Risk"
6584,1,"New, Low-Spend - Elevated Risk"
6585,1,"New, Low-Spend - Elevated Risk"
6586,1,"New, Low-Spend - Elevated Risk"
6587,0,"New, High-Spend - Highest Risk"
6588,0,"New, High-Spend - Highest Risk"
6589,1,"New, Low-Spend - Elevated Risk"
6590,3,"Loyal, Low-Spend - Lowest Risk"
6591,0,"New, High-Spend - Highest Risk"
6592,0,"New, High-Spend - Highest Risk"
6593,2,"Loyal, High-Spend - Low Risk"
6594,0,"New, High-Spend - Highest Risk"
6595,3,"Loyal, Low-Spend - Lowest Risk"
6596,1,"New, Low-Spend - Elevated Risk"
6597,0,"New, High-Spend - Highest Risk"
6598,3,"Loyal, Low-Spend - Lowest Risk"
6599,3,"Loyal, Low-Spend - Lowest Risk"
6600,2,"Loyal, High-Spend - Low Risk"
6601,2,"Loyal, High-Spend - Low Risk"
6602,1,"New, Low-Spend - Elevated Risk"
6603,1,"New, Low-Spend - Elevated Risk"
6604,0,"New, High-Spend - Highest Risk"
6605,2,"Loyal, High-Spend - Low Risk"
6606,2,"Loyal, High-Spend - Low Risk"
6607,1,"New, Low-Spend - Elevated Risk"
6608,0,"New, High-Spend - Highest Risk"
6609,1,"New, Low-Spend - Elevated Risk"
6610,2,"Loyal, High-Spend - Low Risk"
6611,3,"Loyal, Low-Spend - Lowest Risk"
6612,1,"New, Low-Spend - Elevated Risk"
6613,1,"New, Low-Spend - Elevated Risk"
6614,1,"New, Low-Spend - Elevated Risk"
6615,0,"New, High-Spend - Highest Risk"
6616,3,"Loyal, Low-Spend - Lowest Risk"
6617,0,"New, High-Spend - Highest Risk"
6618,2,"Loyal, High-Spend - Low Risk"
6619,1,"New, Low-Spend - Elevated Risk"
6620,2,"Loyal, High-Spend - Low Risk"
6621,0,"New, High-Spend - Highest Risk"
6622,1,"New, Low-Spend - Elevated Risk"
6623,2,"Loyal, High-Spend - Low Risk"
6624,2,"Loyal, High-Spend - Low Risk"
6625,1,"New, Low-Spend - Elevated Risk"
6626,3,"Loyal, Low-Spend - Lowest Risk"
6627,2,"Loyal, High-Spend - Low Risk"
6628,3,"Loyal, Low-Spend - Lowest Risk"
6629,2,"Loyal, High-Spend - Low Risk"
6630,1,"New, Low-Spend - Elevated Risk"
6631,0,"New, High-Spend - Highest Risk"
6632,0,"New, High-Spend - Highest Risk"
6633,1,"New, Low-Spend - Elevated Risk"
6634,1,"New, Low-Spend - Elevated Risk"
6635,1,"New, Low-Spend - Elevated Risk"
6636,0,"New, High-Spend - Highest Risk"
6637,1,"New, Low-Spend - Elevated Risk"
6638,1,"New, Low-Spend - Elevated Risk"
6639,1,"New, Low-Spend - Elevated Risk"
6640,3,"Loyal, Low-Spend - Lowest Risk"
6641,0,"New, High-Spend - Highest Risk"
6642,1,"New, Low-Spend - Elevated Risk"
6643,3,"Loyal, Low-Spend - Lowest Risk"
6644,3,"Loyal, Low-Spend - Lowest Risk"
6645,3,"Loyal, Low-Spend - Lowest Risk"
6646,2,"Loyal, High-Spend - Low Risk"
6647,3,"Loyal, Low-Spend - Lowest Risk"
6648,0,"New, High-Spend - Highest Risk"
6649,0,"New, High-Spend - Highest Risk"
6650,2,"Loyal, High-Spend - Low Risk"
6651,0,"New, High-Spend - Highest Risk"
6652,0,"New, High-Spend - Highest Risk"
6653,3,"Loyal, Low-Spend - Lowest Risk"
6654,1,"New, Low-Spend - Elevated Risk"
6655,1,"New, Low-Spend - Elevated Risk"
6656,1,"New, Low-Spend - Elevated Risk"
6657,3,"Loyal, Low-Spend - Lowest Risk"
6658,3,"Loyal, Low-Spend - Lowest Risk"
6659,0,"New, High-Spend - Highest Risk"
6660,0,"New, High-Spend - Highest Risk"
6661,1,"New, Low-Spend - Elevated Risk"
6662,2,"Loyal, High-Spend - Low Risk"
6663,2,"Loyal, High-Spend - Low Risk"
6664,2,"Loyal, High-Spend - Low Risk"
6665,2,"Loyal, High-Spend - Low Risk"
6666,2,"Loyal, High-Spend - Low Risk"
6667,2,"Loyal, High-Spend - Low Risk"
6668,0,"New, High-Spend - Highest Risk"
6669,0,"New, High-Spend - Highest Risk"
6670,2,"Loyal, High-Spend - Low Risk"
6671,3,"Loyal, Low-Spend - Lowest Risk"
6672,2,"Loyal, High-Spend - Low Risk"
6673,1,"New, Low-Spend - Elevated Risk"
6674,0,"New, High-Spend - Highest Risk"
6675,2,"Loyal, High-Spend - Low Risk"
6676,2,"Loyal, High-Spend - Low Risk"
6677,0,"New, High-Spend - Highest Risk"
6678,3,"Loyal, Low-Spend - Lowest Risk"
6679,0,"New, High-Spend - Highest Risk"
6680,0,"New, High-Spend - Highest Risk"
6681,2,"Loyal, High-Spend - Low Risk"
6682,0,"New, High-Spend - Highest Risk"
6683,0,"New, High-Spend - Highest Risk"
6684,1,"New, Low-Spend - Elevated Risk"
6685,2,"Loyal, High-Spend - Low Risk"
6686,0,"New, High-Spend - Highest Risk"
6687,3,"Loyal, Low-Spend - Lowest Risk"
6688,0,"New, High-Spend - Highest Risk"
6689,1,"New, Low-Spend - Elevated Risk"
6690,0,"New, High-Spend - Highest Risk"
6691,3,"Loyal, Low-Spend - Lowest Risk"
6692,0,"New, High-Spend - Highest Risk"
6693,0,"New, High-Spend - Highest Risk"
6694,0,"New, High-Spend - Highest Risk"
6695,1,"New, Low-Spend - Elevated Risk"
6696,0,"New, High-Spend - Highest Risk"
6697,0,"New, High-Spend - Highest Risk"
6698,3,"Loyal, Low-Spend - Lowest Risk"
6699,0,"New, High-Spend - Highest Risk"
6700,1,"New, Low-Spend - Elevated Risk"
6701,1,"New, Low-Spend - Elevated Risk"
6702,0,"New, High-Spend - Highest Risk"
6703,0,"New, High-Spend - Highest Risk"
6704,2,"Loyal, High-Spend - Low Risk"
6705,0,"New, High-Spend - Highest Risk"
6706,1,"New, Low-Spend - Elevated Risk"
6707,2,"Loyal, High-Spend - Low Risk"
6708,0,"New, High-Spend - Highest Risk"
6709,0,"New, High-Spend - Highest Risk"
6710,0,"New, High-Spend - Highest Risk"
6711,0,"New, High-Spend - Highest Risk"
6712,1,"New, Low-Spend - Elevated Risk"
6713,1,"New, Low-Spend - Elevated Risk"
6714,3,"Loyal, Low-Spend - Lowest Risk"
6715,0,"New, High-Spend - Highest Risk"
6716,3,"Loyal, Low-Spend - Lowest Risk"
6717,1,"New, Low-Spend - Elevated Risk"
6718,2,"Loyal, High-Spend - Low Risk"
6719,0,"New, High-Spend - Highest Risk"
6720,2,"Loyal, High-Spend - Low Risk"
6721,1,"New, Low-Spend - Elevated Risk"
6722,0,"New, High-Spend - Highest Risk"
6723,2,"Loyal, High-Spend - Low Risk"
6724,0,"New, High-Spend - Highest Risk"
6725,1,"New, Low-Spend - Elevated Risk"
6726,2,"Loyal, High-Spend - Low Risk"
6727,0,"New, High-Spend - Highest Risk"
6728,2,"Loyal, High-Spend - Low Risk"
6729,3,"Loyal, Low-Spend - Lowest Risk"
6730,3,"Loyal, Low-Spend - Lowest Risk"
6731,1,"New, Low-Spend - Elevated Risk"
6732,1,"New, Low-Spend - Elevated Risk"
6733,1,"New, Low-Spend - Elevated Risk"
6734,3,"Loyal, Low-Spend - Lowest Risk"
6735,1,"New, Low-Spend - Elevated Risk"
6736,2,"Loyal, High-Spend - Low Risk"
6737,3,"Loyal, Low-Spend - Lowest Risk"
6738,1,"New, Low-Spend - Elevated Risk"
6739,1,"New, Low-Spend - Elevated Risk"
6740,0,"New, High-Spend - Highest Risk"
6741,1,"New, Low-Spend - Elevated Risk"
6742,3,"Loyal, Low-Spend - Lowest Risk"
6743,2,"Loyal, High-Spend - Low Risk"
6744,1,"New, Low-Spend - Elevated Risk"
6745,2,"Loyal, High-Spend - Low Risk"
6746,0,"New, High-Spend - Highest Risk"
6747,1,"New, Low-Spend - Elevated Risk"
6748,0,"New, High-Spend - Highest Risk"
6749,0,"New, High-Spend - Highest Risk"
6750,1,"New, Low-Spend - Elevated Risk"
6751,1,"New, Low-Spend - Elevated Risk"
6752,1,"New, Low-Spend - Elevated Risk"
6753,3,"Loyal, Low-Spend - Lowest Risk"
6754,1,"New, Low-Spend - Elevated Risk"
6755,0,"New, High-Spend - Highest Risk"
6756,1,"New, Low-Spend - Elevated Risk"
6757,1,"New, Low-Spend - Elevated Risk"
6758,2,"Loyal, High-Spend - Low Risk"
6759,2,"Loyal, High-Spend - Low Risk"
6760,0,"New, High-Spend - Highest Risk"
6761,1,"New, Low-Spend - Elevated Risk"
6762,1,"New, Low-Spend - Elevated Risk"
6763,3,"Loyal, Low-Spend - Lowest Risk"
6764,3,"Loyal, Low-Spend - Lowest Risk"
6765,2,"Loyal, High-Spend - Low Risk"
6766,0,"New, High-Spend - Highest Risk"
6767,2,"Loyal, High-Spend - Low Risk"
6768,2,"Loyal, High-Spend - Low Risk"
6769,0,"New, High-Spend - Highest Risk"
6770,0,"New, High-Spend - Highest Risk"
6771,2,"Loyal, High-Spend - Low Risk"
6772,0,"New, High-Spend - Highest Risk"
6773,0,"New, High-Spend - Highest Risk"
6774,1,"New, Low-Spend - Elevated Risk"
6775,2,"Loyal, High-Spend - Low Risk"
6776,0,"New, High-Spend - Highest Risk"
6777,0,"New, High-Spend - Highest Risk"
6778,0,"New, High-Spend - Highest Risk"
6779,0,"New, High-Spend - Highest Risk"
6780,2,"Loyal, High-Spend - Low Risk"
6781,1,"New, Low-Spend - Elevated Risk"
6782,2,"Loyal, High-Spend - Low Risk"
6783,2,"Loyal, High-Spend - Low Risk"
6784,0,"New, High-Spend - Highest Risk"
6785,0,"New, High-Spend - Highest Risk"
6786,2,"Loyal, High-Spend - Low Risk"
6787,2,"Loyal, High-Spend - Low Risk"
6788,1,"New, Low-Spend - Elevated Risk"
6789,2,"Loyal, High-Spend - Low Risk"
6790,1,"New, Low-Spend - Elevated Risk"
6791,0,"New, High-Spend - Highest Risk"
6792,3,"Loyal, Low-Spend - Lowest Risk"
6793,2,"Loyal, High-Spend - Low Risk"
6794,1,"New, Low-Spend - Elevated Risk"
6795,2,"Loyal, High-Spend - Low Risk"
6796,3,"Loyal, Low-Spend - Lowest Risk"
6797,3,"Loyal, Low-Spend - Lowest Risk"
6798,3,"Loyal, Low-Spend - Lowest Risk"
6799,3,"Loyal, Low-Spend - Lowest Risk"
6800,0,"New, High-Spend - Highest Risk"
6801,2,"Loyal, High-Spend - Low Risk"
6802,2,"Loyal, High-Spend - Low Risk"
6803,2,"Loyal, High-Spend - Low Risk"
6804,2,"Loyal, High-Spend - Low Risk"
6805,1,"New, Low-Spend - Elevated Risk"
6806,1,"New, Low-Spend - Elevated Risk"
6807,1,"New, Low-Spend - Elevated Risk"
6808,3,"Loyal, Low-Spend - Lowest Risk"
6809,1,"New, Low-Spend - Elevated Risk"
6810,2,"Loyal, High-Spend - Low Risk"
6811,0,"New, High-Spend - Highest Risk"
6812,2,"Loyal, High-Spend - Low Risk"
6813,3,"Loyal, Low-Spend - Lowest Risk"
6814,3,"Loyal, Low-Spend - Lowest Risk"
6815,1,"New, Low-Spend - Elevated Risk"
6816,1,"New, Low-Spend - Elevated Risk"
6817,0,"New, High-Spend - Highest Risk"
6818,2,"Loyal, High-Spend - Low Risk"
6819,0,"New, High-Spend - Highest Risk"
6820,2,"Loyal, High-Spend - Low Risk"
6821,1,"New, Low-Spend - Elevated Risk"
6822,2,"Loyal, High-Spend - Low Risk"
6823,1,"New, Low-Spend - Elevated Risk"
6824,2,"Loyal, High-Spend - Low Risk"
6825,0,"New, High-Spend - Highest Risk"
6826,0,"New, High-Spend - Highest Risk"
6827,2,"Loyal, High-Spend - Low Risk"
6828,0,"New, High-Spend - Highest Risk"
6829,3,"Loyal, Low-Spend - Lowest Risk"
6830,2,"Loyal, High-Spend - Low Risk"
6831,2,"Loyal, High-Spend - Low Risk"
6832,0,"New, High-Spend - Highest Risk"
6833,0,"New, High-Spend - Highest Risk"
6834,3,"Loyal, Low-Spend - Lowest Risk"
6835,3,"Loyal, Low-Spend - Lowest Risk"
6836,3,"Loyal, Low-Spend - Lowest Risk"
6837,2,"Loyal, High-Spend - Low Risk"
6838,3,"Loyal, Low-Spend - Lowest Risk"
6839,2,"Loyal, High-Spend - Low Risk"
6840,3,"Loyal, Low-Spend - Lowest Risk"
6841,2,"Loyal, High-Spend - Low Risk"
6842,1,"New, Low-Spend - Elevated Risk"
6843,0,"New, High-Spend - Highest Risk"
6844,1,"New, Low-Spend - Elevated Risk"
6845,0,"New, High-Spend - Highest Risk"
6846,3,"Loyal, Low-Spend - Lowest Risk"
6847,2,"Loyal, High-Spend - Low Risk"
6848,0,"New, High-Spend - Highest Risk"
6849,2,"Loyal, High-Spend - Low Risk"
6850,2,"Loyal, High-Spend - Low Risk"
6851,1,"New, Low-Spend - Elevated Risk"
6852,2,"Loyal, High-Spend - Low Risk"
6853,1,"New, Low-Spend - Elevated Risk"
6854,0,"New, High-Spend - Highest Risk"
6855,3,"Loyal, Low-Spend - Lowest Risk"
6856,1,"New, Low-Spend - Elevated Risk"
6857,2,"Loyal, High-Spend - Low Risk"
6858,2,"Loyal, High-Spend - Low Risk"
6859,0,"New, High-Spend - Highest Risk"
6860,2,"Loyal, High-Spend - Low Risk"
6861,3,"Loyal, Low-Spend - Lowest Risk"
6862,1,"New, Low-Spend - Elevated Risk"
6863,0,"New, High-Spend - Highest Risk"
6864,3,"Loyal, Low-Spend - Lowest Risk"
6865,3,"Loyal, Low-Spend - Lowest Risk"
6866,2,"Loyal, High-Spend - Low Risk"
6867,0,"New, High-Spend - Highest Risk"
6868,3,"Loyal, Low-Spend - Lowest Risk"
6869,1,"New, Low-Spend - Elevated Risk"
6870,2,"Loyal, High-Spend - Low Risk"
6871,3,"Loyal, Low-Spend - Lowest Risk"
6872,0,"New, High-Spend - Highest Risk"
6873,2,"Loyal, High-Spend - Low Risk"
6874,2,"Loyal, High-Spend - Low Risk"
6875,2,"Loyal, High-Spend - Low Risk"
6876,0,"New, High-Spend - Highest Risk"
6877,2,"Loyal, High-Spend - Low Risk"
6878,2,"Loyal, High-Spend - Low Risk"
6879,0,"New, High-Spend - Highest Risk"
6880,2,"Loyal, High-Spend - Low Risk"
6881,3,"Loyal, Low-Spend - Lowest Risk"
6882,0,"New, High-Spend - Highest Risk"
6883,3,"Loyal, Low-Spend - Lowest Risk"
6884,2,"Loyal, High-Spend - Low Risk"
6885,2,"Loyal, High-Spend - Low Risk"
6886,1,"New, Low-Spend - Elevated Risk"
6887,2,"Loyal, High-Spend - Low Risk"
6888,0,"New, High-Spend - Highest Risk"
6889,3,"Loyal, Low-Spend - Lowest Risk"
6890,0,"New, High-Spend - Highest Risk"
6891,2,"Loyal, High-Spend - Low Risk"
6892,0,"New, High-Spend - Highest Risk"
6893,2,"Loyal, High-Spend - Low Risk"
6894,1,"New, Low-Spend - Elevated Risk"
6895,1,"New, Low-Spend - Elevated Risk"
6896,0,"New, High-Spend - Highest Risk"
6897,2,"Loyal, High-Spend - Low Risk"
6898,2,"Loyal, High-Spend - Low Risk"
6899,0,"New, High-Spend - Highest Risk"
6900,2,"Loyal, High-Spend - Low Risk"
6901,1,"New, Low-Spend - Elevated Risk"
6902,3,"Loyal, Low-Spend - Lowest Risk"
6903,1,"New, Low-Spend - Elevated Risk"
6904,0,"New, High-Spend - Highest Risk"
6905,2,"Loyal, High-Spend - Low Risk"
6906,3,"Loyal, Low-Spend - Lowest Risk"
6907,0,"New, High-Spend - Highest Risk"
6908,2,"Loyal, High-Spend - Low Risk"
6909,1,"New, Low-Spend - Elevated Risk"
6910,3,"Loyal, Low-Spend - Lowest Risk"
6911,1,"New, Low-Spend - Elevated Risk"
6912,0,"New, High-Spend - Highest Risk"
6913,1,"New, Low-Spend - Elevated Risk"
6914,3,"Loyal, Low-Spend - Lowest Risk"
6915,0,"New, High-Spend - Highest Risk"
6916,0,"New, High-Spend - Highest Risk"
6917,2,"Loyal, High-Spend - Low Risk"
6918,0,"New, High-Spend - Highest Risk"
6919,3,"Loyal, Low-Spend - Lowest Risk"
6920,1,"New, Low-Spend - Elevated Risk"
6921,2,"Loyal, High-Spend - Low Risk"
6922,2,"Loyal, High-Spend - Low Risk"
6923,2,"Loyal, High-Spend - Low Risk"
6924,1,"New, Low-Spend - Elevated Risk"
6925,1,"New, Low-Spend - Elevated Risk"
6926,1,"New, Low-Spend - Elevated Risk"
6927,1,"New, Low-Spend - Elevated Risk"
6928,0,"New, High-Spend - Highest Risk"
6929,0,"New, High-Spend - Highest Risk"
6930,3,"Loyal, Low-Spend - Lowest Risk"
6931,3,"Loyal, Low-Spend - Lowest Risk"
6932,0,"New, High-Spend - Highest Risk"
6933,0,"New, High-Spend - Highest Risk"
6934,3,"Loyal, Low-Spend - Lowest Risk"
6935,2,"Loyal, High-Spend - Low Risk"
6936,1,"New, Low-Spend - Elevated Risk"
6937,2,"Loyal, High-Spend - Low Risk"
6938,3,"Loyal, Low-Spend - Lowest Risk"
6939,3,"Loyal, Low-Spend - Lowest Risk"
6940,2,"Loyal, High-Spend - Low Risk"
6941,2,"Loyal, High-Spend - Low Risk"
6942,3,"Loyal, Low-Spend - Lowest Risk"
6943,2,"Loyal, High-Spend - Low Risk"
6944,2,"Loyal, High-Spend - Low Risk"
6945,3,"Loyal, Low-Spend - Lowest Risk"
6946,2,"Loyal, High-Spend - Low Risk"
6947,2,"Loyal, High-Spend - Low Risk"
6948,3,"Loyal, Low-Spend - Lowest Risk"
6949,2,"Loyal, High-Spend - Low Risk"
6950,0,"New, High-Spend - Highest Risk"
6951,0,"New, High-Spend - Highest Risk"
6952,2,"Loyal, High-Spend - Low Risk"
6953,2,"Loyal, High-Spend - Low Risk"
6954,0,"New, High-Spend - Highest Risk"
6955,0,"New, High-Spend - Highest Risk"
6956,2,"Loyal, High-Spend - Low Risk"
6957,0,"New, High-Spend - Highest Risk"
6958,0,"New, High-Spend - Highest Risk"
6959,3,"Loyal, Low-Spend - Lowest Risk"
6960,0,"New, High-Spend - Highest Risk"
6961,2,"Loyal, High-Spend - Low Risk"
6962,0,"New, High-Spend - Highest Risk"
6963,3,"Loyal, Low-Spend - Lowest Risk"
6964,1,"New, Low-Spend - Elevated Risk"
6965,3,"Loyal, Low-Spend - Lowest Risk"
6966,1,"New, Low-Spend - Elevated Risk"
6967,2,"Loyal, High-Spend - Low Risk"
6968,2,"Loyal, High-Spend - Low Risk"
6969,0,"New, High-Spend - Highest Risk"
6970,3,"Loyal, Low-Spend - Lowest Risk"
6971,1,"New, Low-Spend - Elevated Risk"
6972,2,"Loyal, High-Spend - Low Risk"
6973,2,"Loyal, High-Spend - Low Risk"
6974,2,"Loyal, High-Spend - Low Risk"
6975,2,"Loyal, High-Spend - Low Risk"
6976,2,"Loyal, High-Spend - Low Risk"
6977,1,"New, Low-Spend - Elevated Risk"
6978,2,"Loyal, High-Spend - Low Risk"
6979,0,"New, High-Spend - Highest Risk"
6980,3,"Loyal, Low-Spend - Lowest Risk"
6981,1,"New, Low-Spend - Elevated Risk"
6982,2,"Loyal, High-Spend - Low Risk"
6983,1,"New, Low-Spend - Elevated Risk"
6984,1,"New, Low-Spend - Elevated Risk"
6985,0,"New, High-Spend - Highest Risk"
6986,0,"New, High-Spend - Highest Risk"
6987,0,"New, High-Spend - Highest Risk"
6988,3,"Loyal, Low-Spend - Lowest Risk"
6989,0,"New, High-Spend - Highest Risk"
6990,2,"Loyal, High-Spend - Low Risk"
6991,1,"New, Low-Spend - Elevated Risk"
6992,2,"Loyal, High-Spend - Low Risk"
6993,1,"New, Low-Spend - Elevated Risk"
6994,1,"New, Low-Spend - Elevated Risk"
6995,1,"New, Low-Spend - Elevated Risk"
6996,0,"New, High-Spend - Highest Risk"
6997,2,"Loyal, High-Spend - Low Risk"
6998,0,"New, High-Spend - Highest Risk"
6999,1,"New, Low-Spend - Elevated Risk"
7000,1,"New, Low-Spend - Elevated Risk"
7001,1,"New, Low-Spend - Elevated Risk"
7002,3,"Loyal, Low-Spend - Lowest Risk"
7003,3,"Loyal, Low-Spend - Lowest Risk"
7004,2,"Loyal, High-Spend - Low Risk"
7005,1,"New, Low-Spend - Elevated Risk"
7006,0,"New, High-Spend - Highest Risk"
7007,3,"Loyal, Low-Spend - Lowest Risk"
7008,1,"New, Low-Spend - Elevated Risk"
7009,0,"New, High-Spend - Highest Risk"
7010,0,"New, High-Spend - Highest Risk"
7011,3,"Loyal, Low-Spend - Lowest Risk"
7012,2,"Loyal, High-Spend - Low Risk"
7013,2,"Loyal, High-Spend - Low Risk"
7014,0,"New, High-Spend - Highest Risk"
7015,1,"New, Low-Spend - Elevated Risk"
7016,0,"New, High-Spend - Highest Risk"
7017,0,"New, High-Spend - Highest Risk"
7018,2,"Loyal, High-Spend - Low Risk"
7019,1,"New, Low-Spend - Elevated Risk"
7020,1,"New, Low-Spend - Elevated Risk"
7021,1,"New, Low-Spend - Elevated Risk"
7022,2,"Loyal, High-Spend - Low Risk"
7023,0,"New, High-Spend - Highest Risk"
7024,0,"New, High-Spend - Highest Risk"
7025,0,"New, High-Spend - Highest Risk"
7026,0,"New, High-Spend - Highest Risk"
7027,3,"Loyal, Low-Spend - Lowest Risk"
7028,1,"New, Low-Spend - Elevated Risk"
7029,3,"Loyal, Low-Spend - Lowest Risk"
7030,0,"New, High-Spend - Highest Risk"
7031,3,"Loyal, Low-Spend - Lowest Risk"
7032,0,"New, High-Spend - Highest Risk"
7033,2,"Loyal, High-Spend - Low Risk"
7034,2,"Loyal, High-Spend - Low Risk"
7035,1,"New, Low-Spend - Elevated Risk"
7036,2,"Loyal, High-Spend - Low Risk"
7037,1,"New, Low-Spend - Elevated Risk"
7038,0,"New, High-Spend - Highest Risk"
7039,0,"New, High-Spend - Highest Risk"
7040,1,"New, Low-Spend - Elevated Risk"
7041,0,"New, High-Spend - Highest Risk"
7042,1,"New, Low-Spend - Elevated Risk"
