row_id,tenure_scaled,MonthlyCharges_scaled
0,-1.2774445836787656,-1.3213496211870024
1,0.35136996512244845,-1.3213496211870024
2,0.7992939660427822,-1.5207546382825785
3,-1.2774445836787656,0.37359302412539525
4,1.4100994218432374,-0.4572612137728389
5,1.4508197855632678,0.8388713973484064
6,-0.38159658183809786,0.40682719364132464
7,1.6137012404433893,0.2406563460616778
8,1.5322605130033284,1.3041497705714176
9,-1.2774445836787656,-1.5207546382825785
10,-1.2774445836787656,-1.4875204687666492
11,0.06632741908223598,0.6394663802528302
12,-0.1779947632379461,-0.4572612137728389
13,-0.5851984004382496,0.6727005497687596
14,-0.7073594915983407,-1.4875204687666492
15,-0.8702409464784621,1.0050422449280532
16,-0.8702409464784621,-0.3575587052250508
17,-1.2774445836787656,0.17418800702981907
18,0.18848851024232702,0.805637227832477
19,-0.4223169455581282,0.805637227832477
20,-1.2774445836787656,0.17418800702981907
21,-1.2774445836787656,-1.5207546382825785
22,0.5549717837226001,0.5065297021891128
23,0.758573602322752,1.4038522791192056
24,0.35136996512244845,1.3041497705714176
25,-1.1145631287986442,0.10771966799796033
26,0.5142514200025698,0.805637227832477
27,-0.13727439951791576,-0.15815368812947458
28,-0.7073594915983407,0.9053397363802651
29,1.6137012404433893,-0.025217010065757134
30,0.7178532386027215,1.3041497705714176
31,-0.21871512695797646,-1.45428629925072
32,1.6137012404433893,0.6727005497687596
33,0.758573602322752,0.17418800702981907
34,1.125056875803025,0.9718080754121239
35,-0.62591876415828,-1.5207546382825785
36,1.6137012404433893,-1.45428629925072
37,0.025607055362205634,1.3041497705714176
38,1.369379058123207,1.3373839400873468
39,1.4915401492832983,1.3041497705714176
40,-1.1145631287986442,0.17418800702981907
41,1.002895784642934,1.2044472620236295
42,-0.9924020376385531,0.37359302412539525
43,-0.748079855318371,-0.4572612137728389
44,-0.30015585439803716,1.0050422449280532
45,0.7992939660427822,-1.4875204687666492
46,-1.0331224013585834,0.37359302412539525
47,-0.7888002190384014,0.5065297021891128
48,-0.7073594915983407,0.8388713973484064
49,-0.4223169455581282,-0.32432453570912145
50,-0.5444780367182193,-1.4875204687666492
51,-0.38159658183809786,-1.1551787736073555
52,1.6137012404433893,1.6364914657307112
53,1.6137012404433893,1.1047447534758412
54,1.0843365120829946,1.071510583959912
55,1.5322605130033284,0.3403588546094659
56,1.5322605130033284,1.2044472620236295
57,-0.9516816739185228,1.270915601055488
58,-1.1960038562387048,-1.3213496211870024
59,-0.62591876415828,1.2376814315395588
60,-0.1779947632379461,0.17418800702981907
61,-0.9109613101984924,-0.3575587052250508
62,-0.8702409464784621,-1.45428629925072
63,1.6137012404433893,1.270915601055488
64,-0.9924020376385531,0.17418800702981907
65,1.4915401492832983,-1.4875204687666492
66,0.26992923768238775,-1.4875204687666492
67,1.4100994218432374,-0.4572612137728389
68,0.26992923768238775,-1.4875204687666492
69,0.880734693482843,0.0412513289661016
70,-1.2774445836787656,0.3071246850935365
71,1.6137012404433893,-0.15815368812947458
72,-0.9109613101984924,1.1379789229917707
73,-0.7888002190384014,1.071510583959912
74,0.10704778280226633,1.1379789229917707
75,-0.8295205827584317,-0.9557737565117794
76,-0.055833672077855064,0.8721055668643357
77,0.8400143297628127,1.437086448635135
78,-1.2774445836787656,-1.4875204687666492
79,-0.0965540357978854,-1.4875204687666492
80,0.5549717837226001,0.3403588546094659
81,-0.5444780367182193,0.8388713973484064
82,-0.38159658183809786,-0.3575587052250508
83,-0.7073594915983407,-0.32432453570912145
84,0.6364125111626608,-1.4875204687666492
85,-0.30015585439803716,1.0382764144439827
86,0.7992939660427822,1.3373839400873468
87,-0.8295205827584317,0.5729980412209714
88,0.6364125111626608,-1.3213496211870024
89,0.22920887396235737,-1.4875204687666492
90,-0.5851984004382496,-0.9890079260277087
91,0.5142514200025698,-0.49049538328876824
92,-0.8295205827584317,0.8388713973484064
93,1.369379058123207,1.2376814315395588
94,1.6137012404433893,-1.4875204687666492
95,1.5322605130033284,-0.6566662308684151
96,-0.21871512695797646,0.8388713973484064
97,-1.2774445836787656,-1.4875204687666492
98,-0.7888002190384014,1.0050422449280532
99,1.3286586944031769,0.8388713973484064
100,-0.748079855318371,0.17418800702981907
101,-0.62591876415828,0.6727005497687596
102,-0.055833672077855064,-1.45428629925072
103,-0.3408762181180675,-1.3545837907029317
104,-1.1960038562387048,-1.4875204687666492
105,-0.62591876415828,0.40682719364132464
106,1.369379058123207,0.1409538375138897
107,0.5142514200025698,-0.3907928747409802
108,0.10704778280226633,0.9053397363802651
109,0.3106496014024181,-0.8228370784480619
110,-0.9109613101984924,0.6727005497687596
111,0.7992939660427822,-0.025217010065757134
112,-0.7888002190384014,-1.5207546382825785
113,0.43281069256250915,0.8388713973484064
114,0.35136996512244845,-1.4875204687666492
115,0.7992939660427822,-0.49049538328876824
116,1.5729808767233588,0.9385739058961945
117,1.1657772395230555,1.3706181096032763
118,-0.2594354906780068,-0.6899004003843444
119,1.6137012404433893,0.10771966799796033
120,0.3920903288424788,0.44006136315725397
121,1.002895784642934,0.008017159450172232
122,-0.9516816739185228,-1.4875204687666492
123,-0.9516816739185228,0.20742217654574843
124,0.025607055362205634,-0.6566662308684151
125,-1.2774445836787656,-1.5207546382825785
126,-1.0331224013585834,0.47329553267318336
127,-1.2774445836787656,0.2406563460616778
128,1.3286586944031769,-1.4875204687666492
129,-0.9109613101984924,0.7059347192846889
130,1.5322605130033284,1.0050422449280532
131,-0.13727439951791576,1.1379789229917707
132,-0.46303730927815856,1.3041497705714176
133,-1.2774445836787656,0.8721055668643357
134,-1.1145631287986442,-1.4875204687666492
135,0.9621754209229036,0.8388713973484064
136,0.10704778280226633,0.6727005497687596
137,-0.9109613101984924,-1.4875204687666492
138,-0.055833672077855064,-0.49049538328876824
139,0.18848851024232702,0.7059347192846889
140,1.002895784642934,1.0050422449280532
141,0.06632741908223598,-1.288115451671073
142,-1.1960038562387048,1.1379789229917707
143,-1.1552834925186746,0.6062322107369008
144,0.880734693482843,-1.4875204687666492
145,-1.0738427650786138,-1.4875204687666492
146,-0.4223169455581282,-0.15815368812947458
147,-0.38159658183809786,1.071510583959912
148,1.4508197855632678,-0.22462202716133334
149,0.6364125111626608,-1.4875204687666492
150,0.06632741908223598,-1.45428629925072
151,0.35136996512244845,0.5065297021891128
152,-0.9516816739185228,0.37359302412539525
153,-0.5851984004382496,1.3041497705714176
154,0.10704778280226633,1.0382764144439827
155,0.9214550572028734,0.47329553267318336
156,0.880734693482843,1.437086448635135
157,-1.2367242199587352,0.47329553267318336
158,0.7992939660427822,1.3706181096032763
159,1.6137012404433893,0.17418800702981907
160,-0.9516816739185228,0.17418800702981907
161,-1.1960038562387048,0.17418800702981907
162,-1.1552834925186746,0.3403588546094659
163,1.4915401492832983,0.37359302412539525
164,1.4100994218432374,-0.9557737565117794
165,-1.1552834925186746,0.5065297021891128
166,-0.7888002190384014,-0.6234320613524857
167,0.5142514200025698,0.5397638717050421
168,1.4508197855632678,1.2044472620236295
169,1.4915401492832983,0.3071246850935365
170,1.5322605130033284,-0.22462202716133334
171,-1.2774445836787656,-1.4875204687666492
172,0.5142514200025698,-1.288115451671073
173,0.18848851024232702,-1.4875204687666492
174,-0.9109613101984924,-0.8228370784480619
175,-1.2774445836787656,0.805637227832477
176,-0.13727439951791576,0.1409538375138897
177,1.6137012404433893,1.3041497705714176
178,-1.2367242199587352,0.37359302412539525
179,-0.3408762181180675,-0.3575587052250508
180,-1.1552834925186746,0.47329553267318336
181,1.6137012404433893,-1.5207546382825785
182,-0.8702409464784621,0.47329553267318336
183,0.47353105628253944,-1.4875204687666492
184,1.2064976032430856,-1.4875204687666492
185,1.5322605130033284,-1.3213496211870024
186,-1.2774445836787656,-1.3213496211870024
187,-1.1552834925186746,1.3706181096032763
188,-1.2367242199587352,0.7059347192846889
189,0.35136996512244845,-0.29109036619319206
190,-1.2774445836787656,-1.5207546382825785
191,1.6137012404433893,0.6394663802528302
192,1.247217966963116,1.4703206181510644
193,1.4508197855632678,0.5065297021891128
194,1.0843365120829946,1.1712130925077
195,0.7992939660427822,-0.5237295528046976
196,-0.2594354906780068,1.3706181096032763
197,1.369379058123207,-0.2578561966772627
198,0.9621754209229036,1.0382764144439827
199,1.6137012404433893,0.47329553267318336
200,-1.2367242199587352,0.17418800702981907
201,1.4508197855632678,1.7361939742784993
202,1.1657772395230555,0.6727005497687596
203,-1.2774445836787656,-1.4875204687666492
204,-1.2367242199587352,-1.4875204687666492
205,-1.2367242199587352,-1.4875204687666492
206,1.4508197855632678,0.6727005497687596
207,-0.9516816739185228,0.10771966799796033
208,-0.7888002190384014,0.6062322107369008
209,-0.4223169455581282,-1.4875204687666492
210,1.369379058123207,-1.3213496211870024
211,-0.9924020376385531,-1.4875204687666492
212,-1.2367242199587352,0.17418800702981907
213,-1.1960038562387048,-0.29109036619319206
214,-1.1145631287986442,0.9053397363802651
215,-0.7888002190384014,-1.4875204687666492
216,0.8400143297628127,0.008017159450172232
217,-1.1960038562387048,-1.4875204687666492
218,0.5549717837226001,1.0050422449280532
219,0.26992923768238775,-0.8228370784480619
220,-0.0965540357978854,1.437086448635135
221,-0.38159658183809786,1.1379789229917707
222,0.3106496014024181,-1.4875204687666492
223,0.5142514200025698,-0.0584511795816865
224,0.8400143297628127,-1.4875204687666492
225,1.6137012404433893,1.5700231266988525
226,-0.1779947632379461,-1.4875204687666492
227,0.6771328748826912,0.07448549848203097
228,-1.2774445836787656,0.3403588546094659
229,-0.5037576729981889,0.5397638717050421
230,0.8400143297628127,-0.12491951861354524
231,1.4100994218432374,0.1409538375138897
232,-0.8702409464784621,0.3071246850935365
233,0.7992939660427822,0.7059347192846889
234,-1.2774445836787656,0.8721055668643357
235,0.6364125111626608,-0.29109036619319206
236,-1.0331224013585834,0.3403588546094659
237,-1.0331224013585834,0.20742217654574843
238,-0.8295205827584317,0.6394663802528302
239,0.3106496014024181,-1.3213496211870024
240,0.9214550572028734,0.44006136315725397
241,-0.5037576729981889,-1.4875204687666492
242,-1.2774445836787656,-0.9557737565117794
243,1.6137012404433893,0.6394663802528302
244,1.247217966963116,1.5035547876669937
245,1.5322605130033284,0.008017159450172232
246,-0.9924020376385531,-0.025217010065757134
247,-1.2774445836787656,-0.6234320613524857
248,-0.6666391278783103,-1.4875204687666492
249,-0.8702409464784621,-1.3213496211870024
250,-0.8702409464784621,0.3403588546094659
251,0.35136996512244845,0.7724030583165477
252,-0.748079855318371,0.37359302412539525
253,1.1657772395230555,0.805637227832477
254,-0.5037576729981889,0.805637227832477
255,0.5956921474426305,1.3706181096032763
256,-1.2367242199587352,-0.15815368812947458
257,0.35136996512244845,-0.15815368812947458
258,1.6137012404433893,-1.3213496211870024
259,1.6137012404433893,0.5065297021891128
260,0.5549717837226001,1.0382764144439827
261,-1.2774445836787656,-1.4875204687666492
262,-0.13727439951791576,-0.6566662308684151
263,0.18848851024232702,1.1712130925077
264,-0.5444780367182193,-0.09168534909761586
265,0.6771328748826912,0.44006136315725397
266,-0.7888002190384014,-0.6899004003843444
267,-0.4223169455581282,-0.49049538328876824
268,0.8400143297628127,1.071510583959912
269,-0.3408762181180675,-0.49049538328876824
270,0.18848851024232702,-1.4875204687666492
271,-1.0738427650786138,-0.32432453570912145
272,-1.0331224013585834,0.5065297021891128
273,-0.8295205827584317,-1.4875204687666492
274,1.5729808767233588,-1.3213496211870024
275,-0.2594354906780068,0.5729980412209714
276,-1.0738427650786138,-0.6234320613524857
277,-0.015113308357824713,0.7724030583165477
278,0.5956921474426305,-0.19138785764540397
279,-0.055833672077855064,-1.45428629925072
280,0.7992939660427822,0.6394663802528302
281,1.125056875803025,-0.12491951861354524
282,0.6364125111626608,0.0412513289661016
283,0.5142514200025698,-1.5207546382825785
284,0.26992923768238775,0.5065297021891128
285,-1.2774445836787656,0.7059347192846889
286,-1.2774445836787656,0.17418800702981907
287,-1.0738427650786138,0.47329553267318336
288,-0.9516816739185228,0.37359302412539525
289,1.6137012404433893,1.6364914657307112
290,1.5729808767233588,-0.4240270442569095
291,1.5729808767233588,-1.4875204687666492
292,1.2879383306831464,1.0050422449280532
293,-0.1779947632379461,-1.4875204687666492
294,1.5322605130033284,1.6697256352466405
295,0.26992923768238775,1.0382764144439827
296,-0.6666391278783103,-1.4875204687666492
297,1.369379058123207,1.536788957182923
298,-0.46303730927815856,1.0050422449280532
299,0.47353105628253944,0.6727005497687596
300,0.880734693482843,1.1379789229917707
301,-1.1552834925186746,-0.2578561966772627
302,1.125056875803025,1.5035547876669937
303,-0.2594354906780068,0.9053397363802651
304,-0.3408762181180675,0.47329553267318336
305,0.8400143297628127,-1.5207546382825785
306,0.5549717837226001,-1.5207546382825785
307,0.9621754209229036,0.805637227832477
308,-1.0331224013585834,-0.19138785764540397
309,-1.2774445836787656,0.7059347192846889
310,-1.2774445836787656,-0.6234320613524857
311,1.125056875803025,-1.4875204687666492
312,1.1657772395230555,-1.45428629925072
313,0.3920903288424788,-1.0222420955436382
314,-0.21871512695797646,-1.4875204687666492
315,-0.9516816739185228,0.6727005497687596
316,1.6137012404433893,-1.4875204687666492
317,-0.38159658183809786,-1.4875204687666492
318,0.5956921474426305,1.0050422449280532
319,0.880734693482843,-1.5207546382825785
320,-1.2367242199587352,1.0382764144439827
321,0.22920887396235737,-0.15815368812947458
322,0.5956921474426305,1.1712130925077
323,-0.4223169455581282,-0.29109036619319206
324,-1.2367242199587352,0.8721055668643357
325,1.6137012404433893,0.47329553267318336
326,1.0436161483629645,-0.6566662308684151
327,1.4915401492832983,0.47329553267318336
328,-0.5851984004382496,0.17418800702981907
329,0.9214550572028734,-1.4875204687666492
330,0.5549717837226001,1.2044472620236295
331,-1.1145631287986442,-1.5207546382825785
332,-1.1552834925186746,-1.0222420955436382
333,-1.1145631287986442,0.8388713973484064
334,1.3286586944031769,-0.12491951861354524
335,0.10704778280226633,-1.45428629925072
336,0.5142514200025698,1.071510583959912
337,-1.2367242199587352,-1.4875204687666492
338,-0.4223169455581282,0.5065297021891128
339,1.5322605130033284,0.1409538375138897
340,-0.0965540357978854,0.0412513289661016
341,1.1657772395230555,1.437086448635135
342,-0.13727439951791576,-1.4875204687666492
343,1.1657772395230555,1.3706181096032763
344,-0.30015585439803716,0.8388713973484064
345,1.5729808767233588,1.6032572962147817
346,-1.2774445836787656,-0.9890079260277087
347,1.2064976032430856,0.17418800702981907
348,1.2879383306831464,0.3071246850935365
349,1.2879383306831464,0.8721055668643357
350,-0.13727439951791576,0.6394663802528302
351,-1.2367242199587352,0.20742217654574843
352,-1.2774445836787656,-1.4875204687666492
353,-1.2774445836787656,-0.4572612137728389
354,0.5142514200025698,-1.3213496211870024
355,1.369379058123207,1.6364914657307112
356,0.880734693482843,1.4038522791192056
357,1.5322605130033284,0.5065297021891128
358,0.18848851024232702,0.9053397363802651
359,-1.1960038562387048,0.5065297021891128
360,-0.38159658183809786,-0.32432453570912145
361,1.125056875803025,1.1712130925077
362,0.10704778280226633,-1.0554762650595675
363,-0.21871512695797646,0.3071246850935365
364,-0.3408762181180675,-0.4240270442569095
365,-1.2367242199587352,0.9718080754121239
366,1.4100994218432374,0.8721055668643357
367,-1.2367242199587352,-0.556963722320627
368,-1.2774445836787656,-1.4875204687666492
369,-1.2774445836787656,0.47329553267318336
370,-0.748079855318371,-0.3575587052250508
371,0.22920887396235737,1.0050422449280532
372,-1.2774445836787656,0.17418800702981907
373,-1.2367242199587352,0.17418800702981907
374,-0.8295205827584317,0.47329553267318336
375,-0.055833672077855064,1.1047447534758412
376,0.10704778280226633,0.2406563460616778
377,1.6137012404433893,1.5035547876669937
378,-0.9924020376385531,0.9718080754121239
379,-0.9109613101984924,1.1047447534758412
380,-1.1145631287986442,0.1409538375138897
381,1.247217966963116,0.6394663802528302
382,1.5729808767233588,-1.288115451671073
383,0.5549717837226001,1.3041497705714176
384,0.7992939660427822,-1.3878179602188612
385,-1.2774445836787656,-0.6234320613524857
386,-1.2774445836787656,0.5065297021891128
387,1.6137012404433893,1.6032572962147817
388,-1.1960038562387048,0.6394663802528302
389,-0.1779947632379461,-0.12491951861354524
390,0.26992923768238775,-0.4572612137728389
391,0.025607055362205634,-1.288115451671073
392,-0.8295205827584317,-0.12491951861354524
393,-1.2774445836787656,0.3071246850935365
394,-1.0738427650786138,0.47329553267318336
395,-1.1960038562387048,0.7059347192846889
396,-1.1552834925186746,0.7724030583165477
397,0.06632741908223598,0.8388713973484064
398,-1.2774445836787656,-1.4875204687666492
399,-0.7073594915983407,1.0382764144439827
400,-1.2774445836787656,-1.3213496211870024
401,-1.1960038562387048,-0.4572612137728389
402,-1.2774445836787656,-1.4875204687666492
403,-1.1960038562387048,-1.4875204687666492
404,-0.0965540357978854,0.5397638717050421
405,-1.1145631287986442,-0.3575587052250508
406,1.4508197855632678,-1.4875204687666492
407,-1.2774445836787656,-1.4875204687666492
408,-1.1145631287986442,0.5065297021891128
409,-1.2774445836787656,0.20742217654574843
410,-0.7888002190384014,-1.4875204687666492
411,0.10704778280226633,0.5065297021891128
412,-1.1552834925186746,0.17418800702981907
413,-0.9516816739185228,-1.3213496211870024
414,0.5142514200025698,0.7059347192846889
415,-0.46303730927815856,-1.2216471126392143
416,-0.2594354906780068,0.805637227832477
417,-1.2774445836787656,0.6727005497687596
418,-1.2367242199587352,0.805637227832477
419,-0.8702409464784621,0.17418800702981907
420,1.0843365120829946,1.4703206181510644
421,-0.055833672077855064,0.6394663802528302
422,0.880734693482843,-1.3213496211870024
423,-0.6666391278783103,-1.5207546382825785
424,-0.9516816739185228,-0.32432453570912145
425,-0.46303730927815856,1.071510583959912
426,-1.2774445836787656,-1.45428629925072
427,-0.38159658183809786,-0.3575587052250508
428,-1.0331224013585834,0.3071246850935365
429,-0.46303730927815856,1.3041497705714176
430,1.3286586944031769,1.437086448635135
431,-1.1552834925186746,-0.6566662308684151
432,1.6137012404433893,1.5700231266988525
433,1.4508197855632678,-0.7563687394162032
434,1.4100994218432374,0.6727005497687596
435,-1.2774445836787656,0.47329553267318336
436,1.4915401492832983,1.0382764144439827
437,1.125056875803025,0.8388713973484064
438,-1.1960038562387048,0.7724030583165477
439,1.247217966963116,-0.19138785764540397
440,1.5729808767233588,0.8721055668643357
441,0.10704778280226633,0.7059347192846889
442,0.06632741908223598,0.17418800702981907
443,0.8400143297628127,0.17418800702981907
444,-0.62591876415828,-1.0222420955436382
445,-1.2774445836787656,-0.15815368812947458
446,0.9621754209229036,0.5397638717050421
447,-1.0331224013585834,-0.49049538328876824
448,1.4100994218432374,1.536788957182923
449,-0.8702409464784621,-0.12491951861354524
450,-1.2774445836787656,-1.4875204687666492
451,-1.2367242199587352,-1.3213496211870024
452,1.4915401492832983,1.3373839400873468
453,-1.2774445836787656,0.5065297021891128
454,-0.46303730927815856,0.8388713973484064
455,1.6137012404433893,1.071510583959912
456,-1.2367242199587352,0.6394663802528302
457,1.002895784642934,-1.45428629925072
458,-1.2774445836787656,0.8388713973484064
459,-1.1552834925186746,0.5397638717050421
460,-1.2367242199587352,-1.5207546382825785
461,-0.9516816739185228,0.40682719364132464
462,1.5729808767233588,1.536788957182923
463,-0.7888002190384014,-1.5207546382825785
464,0.7178532386027215,-0.6566662308684151
465,-0.9109613101984924,0.8388713973484064
466,1.2879383306831464,0.9718080754121239
467,-1.2774445836787656,0.17418800702981907
468,-1.2367242199587352,-1.3213496211870024
469,-0.0965540357978854,1.5035547876669937
470,-1.0331224013585834,0.8388713973484064
471,-0.2594354906780068,-1.5207546382825785
472,-0.5037576729981889,-0.49049538328876824
473,1.6137012404433893,-1.288115451671073
474,-0.7888002190384014,-0.29109036619319206
475,1.5322605130033284,0.6727005497687596
476,-1.1960038562387048,-1.1551787736073555
477,-1.2367242199587352,0.37359302412539525
478,1.6137012404433893,1.7029598047625698
479,0.025607055362205634,0.6394663802528302
480,-0.7073594915983407,0.3071246850935365
481,-1.2774445836787656,-1.188412943123285
482,0.9214550572028734,1.1379789229917707
483,-1.1145631287986442,-0.025217010065757134
484,-1.1960038562387048,0.5065297021891128
485,1.3286586944031769,0.8388713973484064
486,0.26992923768238775,-0.15815368812947458
487,1.5322605130033284,-1.3213496211870024
488,0.06632741908223598,1.7029598047625698
489,-0.0965540357978854,-0.49049538328876824
490,-0.8295205827584317,-0.49049538328876824
491,-0.9516816739185228,-1.4875204687666492
492,0.6771328748826912,-0.29109036619319206
493,-1.0331224013585834,-0.6899004003843444
494,0.22920887396235737,0.6062322107369008
495,1.247217966963116,1.4703206181510644
496,-1.2774445836787656,0.2406563460616778
497,-0.0965540357978854,0.8388713973484064
498,-0.38159658183809786,0.3071246850935365
499,1.002895784642934,0.17418800702981907
500,1.5322605130033284,0.37359302412539525
501,1.5729808767233588,1.4038522791192056
502,-0.5037576729981889,-0.49049538328876824
503,1.6137012404433893,-1.3213496211870024
504,-0.4223169455581282,0.17418800702981907
505,-0.7073594915983407,-1.288115451671073
506,-0.9516816739185228,-0.5237295528046976
507,0.22920887396235737,1.3373839400873468
508,-1.0331224013585834,-1.1551787736073555
509,-0.2594354906780068,0.2738905155776072
510,0.9621754209229036,-0.15815368812947458
511,0.6771328748826912,-1.4875204687666492
512,-1.1960038562387048,0.17418800702981907
513,-1.2774445836787656,0.3071246850935365
514,1.5322605130033284,-1.4875204687666492
515,-0.38159658183809786,-0.29109036619319206
516,1.3286586944031769,-0.15815368812947458
517,1.4915401492832983,1.437086448635135
518,-1.2774445836787656,-0.32432453570912145
519,-0.3408762181180675,0.8388713973484064
520,-0.30015585439803716,1.0050422449280532
521,-0.62591876415828,-1.4875204687666492
522,-0.015113308357824713,0.17418800702981907
523,1.4508197855632678,-1.4875204687666492
524,1.5322605130033284,-1.4875204687666492
525,0.880734693482843,1.3373839400873468
526,-0.7073594915983407,-1.5207546382825785
527,1.5729808767233588,0.07448549848203097
528,1.5322605130033284,-1.4875204687666492
529,0.8400143297628127,1.0382764144439827
530,-1.2367242199587352,0.5065297021891128
531,1.0843365120829946,0.47329553267318336
532,-0.4223169455581282,0.6394663802528302
533,-0.4223169455581282,0.37359302412539525
534,1.002895784642934,-0.49049538328876824
535,-1.2774445836787656,0.20742217654574843
536,-0.9109613101984924,1.2376814315395588
537,0.9214550572028734,-0.4240270442569095
538,0.43281069256250915,-1.3545837907029317
539,-0.5851984004382496,-0.556963722320627
540,-1.2367242199587352,0.5397638717050421
541,0.7992939660427822,-1.3213496211870024
542,1.125056875803025,-0.12491951861354524
543,1.0843365120829946,0.6062322107369008
544,1.4915401492832983,1.3041497705714176
545,-0.748079855318371,1.2044472620236295
546,0.43281069256250915,-0.15815368812947458
547,-0.8295205827584317,-1.5207546382825785
548,-0.9924020376385531,-1.4875204687666492
549,-1.1960038562387048,0.1409538375138897
550,1.0436161483629645,1.3373839400873468
551,-0.7888002190384014,-0.0584511795816865
552,-0.38159658183809786,-1.4875204687666492
553,-0.62591876415828,0.47329553267318336
554,0.7992939660427822,1.4703206181510644
555,-0.015113308357824713,0.47329553267318336
556,0.14776814652229667,-0.9890079260277087
557,1.4100994218432374,-1.3213496211870024
558,-0.13727439951791576,1.3041497705714176
559,1.3286586944031769,1.536788957182923
560,0.35136996512244845,0.6394663802528302
561,1.125056875803025,0.0412513289661016
562,0.8400143297628127,-1.4875204687666492
563,1.4508197855632678,-1.3213496211870024
564,-1.2367242199587352,0.3403588546094659
565,1.1657772395230555,-1.0222420955436382
566,0.35136996512244845,-1.4875204687666492
567,1.4915401492832983,0.3071246850935365
568,0.10704778280226633,0.37359302412539525
569,-1.0331224013585834,-0.4572612137728389
570,0.7178532386027215,-1.3213496211870024
571,0.14776814652229667,-0.025217010065757134
572,0.6364125111626608,1.1712130925077
573,1.5729808767233588,0.5729980412209714
574,1.3286586944031769,1.4703206181510644
575,-0.38159658183809786,0.9718080754121239
576,1.369379058123207,-0.025217010065757134
577,-1.1145631287986442,-1.3213496211870024
578,1.6137012404433893,1.6032572962147817
579,-1.2367242199587352,-1.4875204687666492
580,-0.8295205827584317,-1.5207546382825785
581,-1.1960038562387048,0.9053397363802651
582,1.6137012404433893,0.805637227832477
583,-0.5851984004382496,-0.19138785764540397
584,0.26992923768238775,-0.3575587052250508
585,-0.2594354906780068,0.7059347192846889
586,1.6137012404433893,0.008017159450172232
587,-1.1960038562387048,-1.3545837907029317
588,-1.2774445836787656,-0.15815368812947458
589,0.06632741908223598,0.7391688888006183
590,-0.8702409464784621,0.37359302412539525
591,1.369379058123207,-1.4875204687666492
592,-1.2367242199587352,0.5397638717050421
593,-0.9924020376385531,0.0412513289661016
594,0.025607055362205634,0.17418800702981907
595,1.6137012404433893,-1.288115451671073
596,1.0436161483629645,-0.15815368812947458
597,-0.0965540357978854,0.6394663802528302
598,-1.1145631287986442,-1.3213496211870024
599,0.5549717837226001,1.5035547876669937
600,-1.1552834925186746,0.17418800702981907
601,0.3106496014024181,0.008017159450172232
602,1.6137012404433893,0.6394663802528302
603,0.6771328748826912,1.1712130925077
604,-1.2774445836787656,-0.32432453570912145
605,0.7992939660427822,0.6727005497687596
606,1.6137012404433893,-1.4875204687666492
607,-0.1779947632379461,-0.8560712479639913
608,0.025607055362205634,0.8721055668643357
609,-0.9109613101984924,0.3071246850935365
610,-0.6666391278783103,0.9385739058961945
611,-0.4223169455581282,0.17418800702981907
612,1.0436161483629645,-1.3213496211870024
613,1.6137012404433893,1.5035547876669937
614,-0.9109613101984924,-0.3575587052250508
615,-1.1145631287986442,-1.4875204687666492
616,-1.2367242199587352,0.20742217654574843
617,-1.2367242199587352,0.20742217654574843
618,-1.2367242199587352,-0.3575587052250508
619,0.8400143297628127,1.3041497705714176
620,-0.30015585439803716,0.805637227832477
621,1.2879383306831464,1.6032572962147817
622,-1.2367242199587352,-0.6234320613524857
623,-0.6666391278783103,0.1409538375138897
624,0.26992923768238775,-0.556963722320627
625,0.10704778280226633,-1.288115451671073
626,-0.055833672077855064,0.37359302412539525
627,-1.1145631287986442,-0.3575587052250508
628,1.6137012404433893,1.5700231266988525
629,-1.2367242199587352,0.8721055668643357
630,1.1657772395230555,0.8388713973484064
631,-0.055833672077855064,0.008017159450172232
632,-1.2367242199587352,-0.8228370784480619
633,-1.2774445836787656,-1.45428629925072
634,-1.2774445836787656,-1.4875204687666492
635,1.0843365120829946,-1.4875204687666492
636,-1.2774445836787656,1.0382764144439827
637,-0.9516816739185228,-0.6566662308684151
638,-0.748079855318371,0.9053397363802651
639,-0.8295205827584317,0.7391688888006183
640,0.5956921474426305,0.3071246850935365
641,-1.0331224013585834,-0.5237295528046976
642,-0.1779947632379461,0.8388713973484064
643,1.5322605130033284,-1.4875204687666492
644,-0.2594354906780068,-1.4875204687666492
645,1.1657772395230555,1.1379789229917707
646,1.5322605130033284,1.2376814315395588
647,-1.2774445836787656,-1.4875204687666492
648,0.18848851024232702,1.071510583959912
649,1.125056875803025,0.8721055668643357
650,1.5729808767233588,1.3373839400873468
651,-0.055833672077855064,1.2044472620236295
652,-0.748079855318371,-1.4875204687666492
653,0.7178532386027215,1.270915601055488
654,-1.2774445836787656,-1.4875204687666492
655,0.35136996512244845,1.1712130925077
656,-0.0965540357978854,-0.49049538328876824
657,1.2879383306831464,-1.3545837907029317
658,-1.0331224013585834,-0.025217010065757134
659,-1.2774445836787656,0.3403588546094659
660,0.758573602322752,0.6394663802528302
661,0.7178532386027215,0.5065297021891128
662,0.47353105628253944,-1.4875204687666492
663,1.3286586944031769,1.3373839400873468
664,-1.2774445836787656,-1.288115451671073
665,-1.2367242199587352,-0.6566662308684151
666,0.6364125111626608,1.2376814315395588
667,-1.0738427650786138,1.5035547876669937
668,0.10704778280226633,-0.09168534909761586
669,-0.4223169455581282,-0.49049538328876824
670,1.6137012404433893,-0.12491951861354524
671,0.9214550572028734,0.37359302412539525
672,1.4915401492832983,1.3706181096032763
673,1.6137012404433893,0.2738905155776072
674,-1.2774445836787656,0.8721055668643357
675,-0.2594354906780068,1.3373839400873468
676,-0.38159658183809786,-1.45428629925072
677,-1.2367242199587352,-1.4875204687666492
678,-1.2367242199587352,0.37359302412539525
679,0.3106496014024181,1.3041497705714176
680,-1.2774445836787656,1.0050422449280532
681,-0.21871512695797646,0.3403588546094659
682,-0.9516816739185228,0.008017159450172232
683,0.7178532386027215,0.7724030583165477
684,0.5549717837226001,-1.4875204687666492
685,-0.7073594915983407,-1.3213496211870024
686,-0.38159658183809786,0.47329553267318336
687,-1.2367242199587352,-0.19138785764540397
688,-0.5851984004382496,0.8721055668643357
689,1.5322605130033284,0.37359302412539525
690,-0.9516816739185228,-0.5237295528046976
691,-0.0965540357978854,0.10771966799796033
692,-0.7073594915983407,0.3403588546094659
693,0.26992923768238775,0.8721055668643357
694,-0.8295205827584317,-0.5237295528046976
695,-0.5444780367182193,0.8388713973484064
696,-0.3408762181180675,-0.32432453570912145
697,1.4100994218432374,1.270915601055488
698,1.4915401492832983,-0.15815368812947458
699,0.9214550572028734,0.6727005497687596
700,0.7992939660427822,-0.0584511795816865
701,-0.62591876415828,0.9718080754121239
702,-0.5444780367182193,-0.5237295528046976
703,0.26992923768238775,0.3403588546094659
704,0.3106496014024181,-0.09168534909761586
705,-0.2594354906780068,-1.45428629925072
706,-1.2774445836787656,-1.4875204687666492
707,-0.5851984004382496,0.47329553267318336
708,-0.7073594915983407,0.3403588546094659
709,-1.2367242199587352,-1.4875204687666492
710,-1.2774445836787656,0.47329553267318336
711,-0.38159658183809786,1.0050422449280532
712,1.6137012404433893,0.07448549848203097
713,-1.2367242199587352,-1.4875204687666492
714,1.5322605130033284,0.805637227832477
715,0.5549717837226001,-1.4875204687666492
716,0.14776814652229667,-1.4875204687666492
717,1.6137012404433893,1.5035547876669937
718,-1.0738427650786138,-0.5237295528046976
719,-1.1552834925186746,-1.4875204687666492
720,-1.2774445836787656,0.6727005497687596
721,-1.2774445836787656,0.6062322107369008
722,-0.7888002190384014,1.1712130925077
723,1.2879383306831464,-0.556963722320627
724,-0.9924020376385531,-0.6566662308684151
725,1.6137012404433893,1.5700231266988525
726,-1.2774445836787656,0.3403588546094659
727,-1.1552834925186746,1.2044472620236295
728,-1.2774445836787656,-0.49049538328876824
729,1.2064976032430856,-1.3545837907029317
730,0.06632741908223598,1.0382764144439827
731,-1.2774445836787656,-0.6899004003843444
732,-0.3408762181180675,1.2044472620236295
733,1.6137012404433893,1.3373839400873468
734,-1.2774445836787656,-1.4875204687666492
735,1.247217966963116,1.3041497705714176
736,1.369379058123207,1.4703206181510644
737,1.1657772395230555,0.5065297021891128
738,1.4100994218432374,-1.4875204687666492
739,-0.8295205827584317,1.0382764144439827
740,-0.5444780367182193,-0.9890079260277087
741,1.4100994218432374,-1.4875204687666492
742,-0.7888002190384014,0.5065297021891128
743,-1.2774445836787656,-0.6566662308684151
744,-1.1960038562387048,0.6727005497687596
745,-1.1960038562387048,-1.4875204687666492
746,-0.62591876415828,1.3041497705714176
747,0.7992939660427822,-0.3575587052250508
748,0.758573602322752,-1.5207546382825785
749,-1.1145631287986442,0.6727005497687596
750,-0.13727439951791576,-0.9557737565117794
751,-1.2774445836787656,-1.4875204687666492
752,-1.2774445836787656,-1.4875204687666492
753,0.3920903288424788,0.9718080754121239
754,-1.2774445836787656,-1.4875204687666492
755,-0.6666391278783103,0.7724030583165477
756,-0.8702409464784621,-0.6566662308684151
757,-0.2594354906780068,0.9718080754121239
758,0.880734693482843,-0.12491951861354524
759,-0.0965540357978854,0.9718080754121239
760,1.369379058123207,0.47329553267318336
761,1.6137012404433893,1.4703206181510644
762,-0.8295205827584317,-1.3545837907029317
763,-0.5444780367182193,1.4038522791192056
764,-0.9516816739185228,0.1409538375138897
765,-1.318164947398796,0.2738905155776072
766,1.369379058123207,-1.3213496211870024
767,-0.9109613101984924,-0.9890079260277087
768,0.9621754209229036,-1.3545837907029317
769,1.4100994218432374,-1.5207546382825785
770,1.2879383306831464,-0.15815368812947458
771,1.2879383306831464,0.5397638717050421
772,-0.7888002190384014,0.17418800702981907
773,-1.1145631287986442,1.0382764144439827
774,-1.1552834925186746,-0.9890079260277087
775,0.5142514200025698,-1.4875204687666492
776,-0.5851984004382496,1.0050422449280532
777,-1.1960038562387048,-0.22462202716133334
778,-1.2774445836787656,-1.45428629925072
779,-0.13727439951791576,-0.6234320613524857
780,1.4915401492832983,-1.3213496211870024
781,-0.46303730927815856,1.1712130925077
782,-0.5037576729981889,-0.6899004003843444
783,1.6137012404433893,1.5035547876669937
784,-1.0331224013585834,-1.3545837907029317
785,-1.1145631287986442,-1.4875204687666492
786,-1.0738427650786138,-0.49049538328876824
787,-0.7888002190384014,0.0412513289661016
788,-1.2774445836787656,-1.4875204687666492
789,-1.1960038562387048,0.47329553267318336
790,-1.0331224013585834,1.0382764144439827
791,-1.0738427650786138,0.6727005497687596
792,-1.2774445836787656,-1.4875204687666492
793,-0.8702409464784621,-1.4875204687666492
794,1.247217966963116,1.1712130925077
795,-1.1960038562387048,0.3403588546094659
796,-1.0738427650786138,-1.5207546382825785
797,1.5322605130033284,0.1409538375138897
798,0.18848851024232702,0.8388713973484064
799,0.22920887396235737,-1.4875204687666492
800,-0.13727439951791576,-0.19138785764540397
801,-0.9516816739185228,-1.4875204687666492
802,-0.38159658183809786,-1.45428629925072
803,-0.5037576729981889,0.8721055668643357
804,1.5322605130033284,-1.3545837907029317
805,1.5322605130033284,1.2044472620236295
806,-1.1145631287986442,0.6727005497687596
807,1.6137012404433893,0.5397638717050421
808,1.6137012404433893,-0.29109036619319206
809,-1.1552834925186746,1.0050422449280532
810,-1.0331224013585834,-1.4875204687666492
811,-0.38159658183809786,0.5729980412209714
812,-0.8702409464784621,0.008017159450172232
813,-0.38159658183809786,-1.4875204687666492
814,-0.8295205827584317,-0.3575587052250508
815,0.6771328748826912,0.9718080754121239
816,-0.748079855318371,0.6727005497687596
817,0.9621754209229036,-0.9557737565117794
818,-1.1960038562387048,-1.4875204687666492
819,1.4915401492832983,1.5035547876669937
820,-1.0738427650786138,0.5397638717050421
821,0.6771328748826912,-1.45428629925072
822,-0.5851984004382496,1.0050422449280532
823,-1.2774445836787656,0.17418800702981907
824,-1.1960038562387048,-0.9890079260277087
825,-1.2367242199587352,0.7059347192846889
826,0.880734693482843,-1.4875204687666492
827,-0.3408762181180675,-0.4572612137728389
828,0.880734693482843,-0.15815368812947458
829,-0.7073594915983407,-1.4875204687666492
830,0.5142514200025698,0.5729980412209714
831,0.5549717837226001,-0.8893054174799206
832,-0.8295205827584317,-0.3575587052250508
833,1.5729808767233588,0.37359302412539525
834,-0.7888002190384014,-1.0887104345754968
835,-1.2774445836787656,0.2738905155776072
836,1.0436161483629645,0.9053397363802651
837,-1.0331224013585834,0.3403588546094659
838,0.6364125111626608,-1.3545837907029317
839,1.5729808767233588,1.1047447534758412
840,-0.9516816739185228,-1.4875204687666492
841,-0.5851984004382496,-0.29109036619319206
842,-1.2774445836787656,-1.4875204687666492
843,1.4100994218432374,-1.4875204687666492
844,-1.2774445836787656,0.6727005497687596
845,0.9621754209229036,1.1047447534758412
846,0.880734693482843,-0.6234320613524857
847,-0.748079855318371,-1.4875204687666492
848,-0.748079855318371,-0.6234320613524857
849,0.880734693482843,0.17418800702981907
850,1.6137012404433893,0.10771966799796033
851,-0.62591876415828,-0.29109036619319206
852,-1.2774445836787656,-1.4875204687666492
853,-0.0965540357978854,0.6727005497687596
854,0.7178532386027215,-1.4875204687666492
855,-1.1960038562387048,-1.4875204687666492
856,-0.8295205827584317,0.3071246850935365
857,-0.7888002190384014,0.5397638717050421
858,-0.30015585439803716,0.1409538375138897
859,-1.2367242199587352,0.8388713973484064
860,0.14776814652229667,0.20742217654574843
861,-1.1960038562387048,-0.49049538328876824
862,1.369379058123207,-0.025217010065757134
863,-0.7073594915983407,1.2044472620236295
864,1.1657772395230555,0.3071246850935365
865,1.5322605130033284,1.6697256352466405
866,0.10704778280226633,-0.8228370784480619
867,-1.2774445836787656,-0.5237295528046976
868,0.6364125111626608,-1.45428629925072
869,1.5322605130033284,-0.8228370784480619
870,-0.8295205827584317,1.3373839400873468
871,1.1657772395230555,1.6364914657307112
872,0.22920887396235737,0.6394663802528302
873,-1.2774445836787656,0.20742217654574843
874,0.9621754209229036,0.008017159450172232
875,-1.1145631287986442,0.6727005497687596
876,-0.8702409464784621,-0.6234320613524857
877,1.0843365120829946,1.3706181096032763
878,-1.2774445836787656,-0.6566662308684151
879,1.6137012404433893,1.3041497705714176
880,-0.4223169455581282,-1.4875204687666492
881,-0.62591876415828,-0.6566662308684151
882,0.7178532386027215,-0.6899004003843444
883,-0.9924020376385531,0.07448549848203097
884,0.9621754209229036,-0.15815368812947458
885,-1.1960038562387048,0.5065297021891128
886,0.3106496014024181,-1.4875204687666492
887,1.4100994218432374,1.2044472620236295
888,-1.1552834925186746,0.9053397363802651
889,1.4100994218432374,-1.45428629925072
890,-1.1552834925186746,-0.49049538328876824
891,1.1657772395230555,-1.3545837907029317
892,1.4915401492832983,-1.288115451671073
893,0.6771328748826912,-1.4875204687666492
894,0.6771328748826912,0.6727005497687596
895,0.10704778280226633,1.6032572962147817
896,1.4915401492832983,-1.3545837907029317
897,1.125056875803025,-0.15815368812947458
898,-1.2774445836787656,-0.8228370784480619
899,-0.62591876415828,-0.29109036619319206
900,-1.2774445836787656,-0.6566662308684151
901,-1.1145631287986442,-1.45428629925072
902,-0.7888002190384014,-1.4875204687666492
903,-1.1552834925186746,0.3071246850935365
904,0.8400143297628127,0.47329553267318336
905,1.6137012404433893,-0.025217010065757134
906,-0.3408762181180675,-1.45428629925072
907,-0.5444780367182193,-1.3213496211870024
908,-1.2774445836787656,-1.4875204687666492
909,-1.1145631287986442,0.37359302412539525
910,1.5729808767233588,0.7391688888006183
911,1.6137012404433893,0.805637227832477
912,0.3920903288424788,-0.15815368812947458
913,-0.748079855318371,-0.29109036619319206
914,-1.2774445836787656,-0.4572612137728389
915,-1.2367242199587352,0.20742217654574843
916,1.6137012404433893,0.9053397363802651
917,-0.7888002190384014,0.7724030583165477
918,-0.5851984004382496,0.44006136315725397
919,0.5142514200025698,1.071510583959912
920,0.9214550572028734,1.1712130925077
921,-1.2774445836787656,-0.49049538328876824
922,-1.2774445836787656,-1.45428629925072
923,1.3286586944031769,-1.3213496211870024
924,0.5549717837226001,0.1409538375138897
925,-0.46303730927815856,-1.45428629925072
926,-0.3408762181180675,1.2044472620236295
927,0.06632741908223598,-0.12491951861354524
928,-0.7888002190384014,0.3403588546094659
929,0.6364125111626608,0.17418800702981907
930,0.9621754209229036,1.4038522791192056
931,0.3920903288424788,1.1712130925077
932,-1.1552834925186746,-0.32432453570912145
933,1.3286586944031769,-0.32432453570912145
934,-1.1960038562387048,-1.3213496211870024
935,1.5322605130033284,0.5397638717050421
936,-1.2774445836787656,0.805637227832477
937,1.369379058123207,-0.32432453570912145
938,-0.5444780367182193,-0.32432453570912145
939,1.5322605130033284,-1.3545837907029317
940,0.35136996512244845,1.1712130925077
941,0.5142514200025698,1.5035547876669937
942,0.6771328748826912,-1.4875204687666492
943,-0.4223169455581282,0.8388713973484064
944,0.9621754209229036,1.1712130925077
945,-0.7073594915983407,-0.29109036619319206
946,1.4100994218432374,1.1712130925077
947,-1.2774445836787656,-1.4875204687666492
948,0.22920887396235737,1.2044472620236295
949,0.7992939660427822,0.3071246850935365
950,0.06632741908223598,-1.4875204687666492
951,1.4915401492832983,-1.4875204687666492
952,-1.1552834925186746,1.2376814315395588
953,1.247217966963116,-0.19138785764540397
954,-0.3408762181180675,-1.4875204687666492
955,1.2064976032430856,0.8721055668643357
956,0.14776814652229667,-1.5207546382825785
957,0.22920887396235737,0.10771966799796033
958,0.5956921474426305,0.5065297021891128
959,0.22920887396235737,0.47329553267318336
960,0.3920903288424788,0.9053397363802651
961,0.3920903288424788,-1.3213496211870024
962,-1.1960038562387048,0.3403588546094659
963,-0.9924020376385531,1.1712130925077
964,-0.9516816739185228,0.6394663802528302
965,1.0436161483629645,0.10771966799796033
966,-0.46303730927815856,-0.15815368812947458
967,-0.9109613101984924,-1.45428629925072
968,1.5322605130033284,1.1379789229917707
969,-0.2594354906780068,0.3403588546094659
970,0.14776814652229667,1.0382764144439827
971,1.6137012404433893,0.10771966799796033
972,-0.9516816739185228,0.3071246850935365
973,-0.7073594915983407,1.1712130925077
974,1.247217966963116,0.6062322107369008
975,-1.1552834925186746,-0.025217010065757134
976,-0.30015585439803716,-1.45428629925072
977,0.5549717837226001,-1.4875204687666492
978,0.47353105628253944,1.3041497705714176
979,-0.8295205827584317,-1.4875204687666492
980,-1.2774445836787656,-0.6566662308684151
981,-1.2774445836787656,-0.5237295528046976
982,-0.5037576729981889,-0.09168534909761586
983,1.6137012404433893,1.7694281437944286
984,0.8400143297628127,-0.15815368812947458
985,0.7992939660427822,-1.5207546382825785
986,-1.2367242199587352,0.3071246850935365
987,0.7178532386027215,0.9718080754121239
988,-0.62591876415828,0.1409538375138897
989,0.758573602322752,-1.188412943123285
990,-0.6666391278783103,0.47329553267318336
991,-0.5851984004382496,1.0050422449280532
992,1.5729808767233588,0.6727005497687596
993,1.4508197855632678,-0.6566662308684151
994,-1.2774445836787656,0.3403588546094659
995,-0.30015585439803716,-1.5207546382825785
996,-0.3408762181180675,0.9385739058961945
997,-0.748079855318371,-0.4572612137728389
998,0.9214550572028734,-0.19138785764540397
999,-0.30015585439803716,-0.12491951861354524
1000,-0.9109613101984924,-0.15815368812947458
1001,1.1657772395230555,1.3041497705714176
1002,-1.0738427650786138,-0.19138785764540397
1003,-0.7888002190384014,-1.4875204687666492
1004,-1.2367242199587352,-1.5207546382825785
1005,-1.2774445836787656,-0.6566662308684151
1006,-1.2367242199587352,0.17418800702981907
1007,0.6771328748826912,1.0382764144439827
1008,-1.2774445836787656,-0.6566662308684151
1009,0.18848851024232702,0.9718080754121239
1010,0.3106496014024181,-1.4875204687666492
1011,-0.38159658183809786,1.0050422449280532
1012,1.369379058123207,1.437086448635135
1013,-0.62591876415828,0.9385739058961945
1014,-0.9516816739185228,0.6727005497687596
1015,0.26992923768238775,1.2044472620236295
1016,-0.38159658183809786,-0.8228370784480619
1017,0.7178532386027215,-1.4875204687666492
1018,-1.1960038562387048,1.1047447534758412
1019,1.1657772395230555,-1.5207546382825785
1020,-0.3408762181180675,0.805637227832477
1021,-0.748079855318371,0.6727005497687596
1022,0.7992939660427822,-1.288115451671073
1023,-0.7073594915983407,0.6394663802528302
1024,0.025607055362205634,-0.19138785764540397
1025,1.4915401492832983,1.0050422449280532
1026,1.1657772395230555,0.7724030583165477
1027,1.5729808767233588,1.7029598047625698
1028,0.8400143297628127,0.8721055668643357
1029,0.3920903288424788,-0.29109036619319206
1030,0.14776814652229667,0.47329553267318336
1031,-0.30015585439803716,1.3706181096032763
1032,-0.9924020376385531,-1.45428629925072
1033,-0.6666391278783103,1.0382764144439827
1034,-0.8295205827584317,0.8388713973484064
1035,-0.1779947632379461,1.3373839400873468
1036,-1.0331224013585834,0.9718080754121239
1037,-0.015113308357824713,1.3373839400873468
1038,-1.2774445836787656,0.47329553267318336
1039,-0.9924020376385531,-1.1551787736073555
1040,1.247217966963116,1.270915601055488
1041,-1.2774445836787656,-0.9890079260277087
1042,1.125056875803025,1.2376814315395588
1043,-0.6666391278783103,0.7059347192846889
1044,1.5729808767233588,0.9053397363802651
1045,0.3106496014024181,0.6727005497687596
1046,-0.5851984004382496,1.1712130925077
1047,-1.1145631287986442,0.47329553267318336
1048,0.025607055362205634,0.47329553267318336
1049,-0.7888002190384014,-1.4875204687666492
1050,0.3106496014024181,-0.49049538328876824
1051,1.4100994218432374,1.7029598047625698
1052,-0.6666391278783103,-0.49049538328876824
1053,1.0843365120829946,0.0412513289661016
1054,-0.9924020376385531,0.17418800702981907
1055,-0.3408762181180675,-1.3545837907029317
1056,-1.0331224013585834,-1.4875204687666492
1057,1.6137012404433893,-1.3545837907029317
1058,0.47353105628253944,0.7724030583165477
1059,0.22920887396235737,0.3403588546094659
1060,-1.1552834925186746,-0.29109036619319206
1061,-1.2367242199587352,-0.3907928747409802
1062,1.5322605130033284,-0.49049538328876824
1063,0.025607055362205634,0.8721055668643357
1064,-1.2774445836787656,-1.3213496211870024
1065,0.26992923768238775,-0.9557737565117794
1066,0.9214550572028734,1.7029598047625698
1067,0.7992939660427822,0.1409538375138897
1068,-0.0965540357978854,-0.4572612137728389
1069,1.125056875803025,1.1379789229917707
1070,0.7178532386027215,-0.32432453570912145
1071,-0.015113308357824713,1.5035547876669937
1072,0.758573602322752,1.4038522791192056
1073,-1.2774445836787656,0.3071246850935365
1074,1.4915401492832983,-1.288115451671073
1075,0.3920903288424788,0.9718080754121239
1076,-0.748079855318371,-0.6234320613524857
1077,0.7992939660427822,-1.288115451671073
1078,1.2064976032430856,1.437086448635135
1079,1.6137012404433893,-1.4875204687666492
1080,-0.015113308357824713,1.0382764144439827
1081,-1.2774445836787656,0.17418800702981907
1082,1.6137012404433893,0.44006136315725397
1083,-1.2774445836787656,-0.6566662308684151
1084,-1.2774445836787656,-1.288115451671073
1085,-1.1145631287986442,1.3041497705714176
1086,1.247217966963116,1.3373839400873468
1087,1.4100994218432374,0.5397638717050421
1088,0.3106496014024181,1.0382764144439827
1089,1.3286586944031769,0.9718080754121239
1090,-0.6666391278783103,-1.4875204687666492
1091,0.5549717837226001,0.1409538375138897
1092,-0.8702409464784621,-0.9557737565117794
1093,0.6771328748826912,1.1379789229917707
1094,1.4508197855632678,-0.3575587052250508
1095,-0.9109613101984924,-1.5207546382825785
1096,-1.2367242199587352,0.6394663802528302
1097,-1.1145631287986442,0.1409538375138897
1098,0.8400143297628127,-0.0584511795816865
1099,0.880734693482843,1.5035547876669937
1100,-1.1552834925186746,-0.6566662308684151
1101,-0.7073594915983407,0.37359302412539525
1102,-0.9109613101984924,-1.4875204687666492
1103,-1.1960038562387048,-0.32432453570912145
1104,1.5729808767233588,-1.3213496211870024
1105,-0.9924020376385531,-0.32432453570912145
1106,-1.2774445836787656,0.9718080754121239
1107,1.2879383306831464,1.5035547876669937
1108,1.002895784642934,-1.5207546382825785
1109,-1.2774445836787656,1.2044472620236295
1110,-0.5037576729981889,-0.15815368812947458
1111,-0.2594354906780068,0.0412513289661016
1112,-1.2367242199587352,0.5065297021891128
1113,-0.015113308357824713,1.0050422449280532
1114,-1.1145631287986442,-1.3213496211870024
1115,1.5322605130033284,1.536788957182923
1116,-0.055833672077855064,-0.32432453570912145
1117,-1.0331224013585834,-0.15815368812947458
1118,-1.2774445836787656,-1.3213496211870024
1119,-0.5037576729981889,1.1379789229917707
1120,0.10704778280226633,-0.12491951861354524
1121,-1.0738427650786138,-0.12491951861354524
1122,1.6137012404433893,0.3403588546094659
1123,-0.7888002190384014,-1.4875204687666492
1124,-1.1552834925186746,-0.5237295528046976
1125,1.247217966963116,-1.5207546382825785
1126,1.4915401492832983,0.6727005497687596
1127,-1.1960038562387048,-1.0222420955436382
1128,1.5729808767233588,0.5397638717050421
1129,-0.7073594915983407,-1.5207546382825785
1130,-0.0965540357978854,-1.4875204687666492
1131,-0.38159658183809786,0.6062322107369008
1132,-0.9516816739185228,-1.4875204687666492
1133,0.10704778280226633,-1.5207546382825785
1134,-1.0738427650786138,-0.32432453570912145
1135,-1.2774445836787656,0.3403588546094659
1136,1.6137012404433893,-1.3213496211870024
1137,0.5142514200025698,0.6394663802528302
1138,-1.0331224013585834,0.8388713973484064
1139,1.5322605130033284,-0.556963722320627
1140,0.8400143297628127,-1.4875204687666492
1141,-1.1552834925186746,-0.4240270442569095
1142,1.6137012404433893,0.9053397363802651
1143,1.6137012404433893,-0.6566662308684151
1144,-0.62591876415828,1.0050422449280532
1145,-1.0331224013585834,0.17418800702981907
1146,-0.8702409464784621,-1.4875204687666492
1147,-1.2367242199587352,0.3403588546094659
1148,1.6137012404433893,1.5035547876669937
1149,-0.8702409464784621,0.44006136315725397
1150,-1.1145631287986442,0.8721055668643357
1151,-1.1552834925186746,0.3403588546094659
1152,-0.0965540357978854,-0.49049538328876824
1153,-0.8702409464784621,-1.45428629925072
1154,-0.62591876415828,-0.49049538328876824
1155,0.06632741908223598,-0.29109036619319206
1156,-1.2367242199587352,-1.1551787736073555
1157,0.9214550572028734,-1.5207546382825785
1158,-1.1145631287986442,-0.15815368812947458
1159,-0.8702409464784621,-1.4875204687666492
1160,-1.2774445836787656,0.5065297021891128
1161,1.5322605130033284,-1.5207546382825785
1162,-1.2367242199587352,0.3403588546094659
1163,-1.0331224013585834,0.3071246850935365
1164,0.10704778280226633,-1.4875204687666492
1165,1.0436161483629645,0.20742217654574843
1166,1.6137012404433893,1.4703206181510644
1167,1.4508197855632678,-0.0584511795816865
1168,-0.2594354906780068,-0.19138785764540397
1169,-0.8295205827584317,-0.6566662308684151
1170,-0.30015585439803716,-0.15815368812947458
1171,1.6137012404433893,1.6697256352466405
1172,1.5322605130033284,1.6697256352466405
1173,-1.2774445836787656,-0.49049538328876824
1174,-0.2594354906780068,0.7391688888006183
1175,-1.2367242199587352,0.0412513289661016
1176,-0.1779947632379461,-1.4875204687666492
1177,-1.0738427650786138,-1.4875204687666492
1178,1.0436161483629645,-0.15815368812947458
1179,-0.13727439951791576,-0.6566662308684151
1180,-0.6666391278783103,0.20742217654574843
1181,0.43281069256250915,1.2044472620236295
1182,0.7992939660427822,0.3403588546094659
1183,1.6137012404433893,1.802662313310358
1184,1.5729808767233588,-1.5207546382825785
1185,1.3286586944031769,-1.4875204687666492
1186,0.6771328748826912,0.6394663802528302
1187,0.7992939660427822,0.6394663802528302
1188,-1.2367242199587352,-1.4875204687666492
1189,1.5729808767233588,1.4703206181510644
1190,0.880734693482843,0.805637227832477
1191,-0.7073594915983407,0.37359302412539525
1192,-0.9516816739185228,-1.3213496211870024
1193,0.7178532386027215,1.3373839400873468
1194,-0.5444780367182193,0.6394663802528302
1195,1.5322605130033284,1.3041497705714176
1196,1.6137012404433893,1.4038522791192056
1197,0.7992939660427822,1.3373839400873468
1198,-0.7073594915983407,-0.6234320613524857
1199,1.6137012404433893,0.40682719364132464
1200,-1.1960038562387048,0.5397638717050421
1201,1.0436161483629645,1.1379789229917707
1202,-1.2774445836787656,-1.4875204687666492
1203,0.10704778280226633,0.8388713973484064
1204,0.7178532386027215,0.6394663802528302
1205,0.35136996512244845,-1.4875204687666492
1206,1.6137012404433893,-0.025217010065757134
1207,-0.0965540357978854,0.1409538375138897
1208,-1.2367242199587352,-1.3545837907029317
1209,-0.7073594915983407,-1.1551787736073555
1210,0.18848851024232702,-0.19138785764540397
1211,1.6137012404433893,0.3403588546094659
1212,1.6137012404433893,-1.3213496211870024
1213,1.5322605130033284,1.6364914657307112
1214,-1.2774445836787656,-1.4875204687666492
1215,-0.38159658183809786,0.6394663802528302
1216,-0.9924020376385531,0.3403588546094659
1217,-1.2367242199587352,-0.6234320613524857
1218,-0.2594354906780068,-0.8560712479639913
1219,0.7992939660427822,-1.4875204687666492
1220,-0.38159658183809786,-0.9890079260277087
1221,-0.7073594915983407,1.1379789229917707
1222,0.3106496014024181,-0.49049538328876824
1223,-0.21871512695797646,-0.19138785764540397
1224,0.18848851024232702,-1.4875204687666492
1225,0.5142514200025698,1.5700231266988525
1226,-1.1145631287986442,0.17418800702981907
1227,1.5729808767233588,-1.3545837907029317
1228,-1.1552834925186746,-0.3575587052250508
1229,0.22920887396235737,-1.4875204687666492
1230,-1.1960038562387048,-0.29109036619319206
1231,-0.62591876415828,-1.5207546382825785
1232,1.5322605130033284,0.8388713973484064
1233,-1.2774445836787656,-0.6566662308684151
1234,1.5729808767233588,1.1712130925077
1235,0.18848851024232702,0.8721055668643357
1236,1.2879383306831464,0.17418800702981907
1237,0.18848851024232702,0.8388713973484064
1238,1.3286586944031769,1.4703206181510644
1239,-0.38159658183809786,-0.5237295528046976
1240,-0.4223169455581282,0.47329553267318336
1241,-0.2594354906780068,-0.12491951861354524
1242,-0.30015585439803716,0.5065297021891128
1243,1.125056875803025,1.071510583959912
1244,-1.2774445836787656,1.0382764144439827
1245,1.5729808767233588,0.805637227832477
1246,-0.21871512695797646,0.6727005497687596
1247,-1.1960038562387048,0.805637227832477
1248,1.0436161483629645,1.0050422449280532
1249,-0.748079855318371,0.3403588546094659
1250,1.5729808767233588,0.20742217654574843
1251,-1.2367242199587352,-1.188412943123285
1252,0.3106496014024181,-1.45428629925072
1253,1.4508197855632678,-1.3213496211870024
1254,1.002895784642934,1.2044472620236295
1255,0.5142514200025698,0.7391688888006183
1256,1.5322605130033284,1.7361939742784993
1257,1.4508197855632678,1.437086448635135
1258,0.7992939660427822,1.270915601055488
1259,1.6137012404433893,1.6697256352466405
1260,-0.3408762181180675,0.37359302412539525
1261,1.4100994218432374,-0.15815368812947458
1262,1.4508197855632678,-0.025217010065757134
1263,-0.38159658183809786,-1.4875204687666492
1264,1.5729808767233588,-0.5237295528046976
1265,-1.2774445836787656,-1.3545837907029317
1266,1.5729808767233588,-1.4875204687666492
1267,1.4915401492832983,1.536788957182923
1268,0.3106496014024181,1.1379789229917707
1269,-0.5851984004382496,0.6727005497687596
1270,-0.4223169455581282,1.0050422449280532
1271,1.4915401492832983,-0.8560712479639913
1272,1.2064976032430856,0.6394663802528302
1273,0.9621754209229036,-1.4875204687666492
1274,-1.0331224013585834,-1.4875204687666492
1275,-1.2774445836787656,-1.5207546382825785
1276,-1.0738427650786138,-1.4875204687666492
1277,-1.2367242199587352,0.7059347192846889
1278,-0.6666391278783103,-0.32432453570912145
1279,-1.2367242199587352,-1.4875204687666492
1280,1.6137012404433893,0.7059347192846889
1281,-1.0331224013585834,-0.9890079260277087
1282,-0.5444780367182193,-1.3213496211870024
1283,-0.748079855318371,0.44006136315725397
1284,1.2879383306831464,1.3706181096032763
1285,-0.30015585439803716,0.44006136315725397
1286,1.5322605130033284,0.7059347192846889
1287,1.369379058123207,-1.5207546382825785
1288,-1.2774445836787656,0.2406563460616778
1289,0.8400143297628127,0.8721055668643357
1290,-1.0738427650786138,-0.29109036619319206
1291,1.0843365120829946,1.0382764144439827
1292,-0.055833672077855064,0.44006136315725397
1293,-1.1960038562387048,0.3071246850935365
1294,-0.7073594915983407,0.1409538375138897
1295,0.6364125111626608,1.3706181096032763
1296,-1.2367242199587352,-0.2578561966772627
1297,1.5322605130033284,1.270915601055488
1298,-1.2367242199587352,0.8721055668643357
1299,0.5956921474426305,1.536788957182923
1300,-0.3408762181180675,-1.45428629925072
1301,-0.055833672077855064,0.9718080754121239
1302,0.880734693482843,1.536788957182923
1303,-1.2774445836787656,-0.32432453570912145
1304,-0.8295205827584317,-1.0554762650595675
1305,-1.2367242199587352,-1.5207546382825785
1306,0.6364125111626608,0.20742217654574843
1307,-1.2774445836787656,0.3071246850935365
1308,1.5729808767233588,0.008017159450172232
1309,-1.2774445836787656,-1.4875204687666492
1310,0.9621754209229036,-1.3213496211870024
1311,-1.2367242199587352,-1.4875204687666492
1312,1.369379058123207,0.5397638717050421
1313,0.7178532386027215,-1.4875204687666492
1314,1.247217966963116,0.8388713973484064
1315,-1.2774445836787656,-0.6566662308684151
1316,-1.0738427650786138,-0.5237295528046976
1317,-1.1145631287986442,-0.4572612137728389
1318,0.10704778280226633,0.2406563460616778
1319,1.5729808767233588,1.802662313310358
1320,0.3920903288424788,0.0412513289661016
1321,1.2879383306831464,-1.5207546382825785
1322,-1.2774445836787656,-0.49049538328876824
1323,-1.2774445836787656,0.17418800702981907
1324,1.4915401492832983,1.4038522791192056
1325,0.025607055362205634,0.9385739058961945
1326,-0.5037576729981889,-1.4875204687666492
1327,-0.7888002190384014,-1.3545837907029317
1328,-0.1779947632379461,-0.29109036619319206
1329,1.6137012404433893,0.5397638717050421
1330,-0.9516816739185228,0.17418800702981907
1331,1.6137012404433893,1.437086448635135
1332,0.7992939660427822,-0.15815368812947458
1333,0.06632741908223598,-0.12491951861354524
1334,1.5729808767233588,1.1712130925077
1335,-1.0738427650786138,-1.4875204687666492
1336,-0.055833672077855064,-0.025217010065757134
1337,-1.2774445836787656,0.8721055668643357
1338,0.6771328748826912,-1.3213496211870024
1339,-0.21871512695797646,-1.4875204687666492
1340,0.8400143297628127,0.9385739058961945
1341,0.10704778280226633,1.1712130925077
1342,-1.2367242199587352,1.0382764144439827
1343,0.5549717837226001,-0.6899004003843444
1344,0.10704778280226633,-1.5207546382825785
1345,-0.9516816739185228,0.3071246850935365
1346,1.2879383306831464,1.3041497705714176
1347,-0.7888002190384014,0.47329553267318336
1348,0.9214550572028734,0.5729980412209714
1349,0.758573602322752,0.9718080754121239
1350,-1.1145631287986442,-1.3545837907029317
1351,-0.5037576729981889,0.17418800702981907
1352,-0.38159658183809786,-1.288115451671073
1353,1.1657772395230555,1.1379789229917707
1354,0.880734693482843,0.17418800702981907
1355,-0.7073594915983407,0.37359302412539525
1356,1.2879383306831464,-1.3213496211870024
1357,-0.5851984004382496,0.008017159450172232
1358,0.7992939660427822,1.270915601055488
1359,-0.62591876415828,-1.4875204687666492
1360,-0.21871512695797646,-1.4875204687666492
1361,1.0436161483629645,1.536788957182923
1362,1.4508197855632678,1.4703206181510644
1363,-1.2774445836787656,-1.5207546382825785
1364,0.9214550572028734,0.0412513289661016
1365,-1.2774445836787656,-0.6566662308684151
1366,1.6137012404433893,0.6394663802528302
1367,-1.0738427650786138,-0.6566662308684151
1368,1.125056875803025,1.1712130925077
1369,1.1657772395230555,1.3706181096032763
1370,-1.2367242199587352,-1.45428629925072
1371,1.247217966963116,0.2406563460616778
1372,-0.62591876415828,0.6394663802528302
1373,1.0436161483629645,1.1379789229917707
1374,-0.2594354906780068,-0.49049538328876824
1375,0.8400143297628127,-0.5237295528046976
1376,-0.30015585439803716,-1.5207546382825785
1377,-1.2774445836787656,0.5729980412209714
1378,-0.3408762181180675,-1.45428629925072
1379,-1.2367242199587352,0.1409538375138897
1380,-1.2774445836787656,-1.4875204687666492
1381,1.4100994218432374,0.3403588546094659
1382,-0.62591876415828,-0.32432453570912145
1383,-0.8702409464784621,0.17418800702981907
1384,0.758573602322752,-1.3213496211870024
1385,-1.1960038562387048,0.17418800702981907
1386,-1.2774445836787656,0.47329553267318336
1387,-1.2774445836787656,0.17418800702981907
1388,1.6137012404433893,0.6394663802528302
1389,-0.5444780367182193,0.008017159450172232
1390,1.3286586944031769,-1.288115451671073
1391,0.5142514200025698,1.1712130925077
1392,-1.1145631287986442,0.805637227832477
1393,0.9621754209229036,-0.6566662308684151
1394,-1.1552834925186746,0.3071246850935365
1395,1.2879383306831464,0.7059347192846889
1396,0.35136996512244845,-1.4875204687666492
1397,0.10704778280226633,-0.12491951861354524
1398,-1.2774445836787656,-1.3213496211870024
1399,-1.1960038562387048,0.47329553267318336
1400,1.1657772395230555,-1.3213496211870024
1401,-1.2774445836787656,0.3071246850935365
1402,0.10704778280226633,-0.29109036619319206
1403,1.4915401492832983,1.6032572962147817
1404,1.2879383306831464,0.10771966799796033
1405,0.758573602322752,1.5035547876669937
1406,-0.62591876415828,-1.4875204687666492
1407,1.4915401492832983,-0.6899004003843444
1408,-1.2774445836787656,-1.1219446040914263
1409,-0.46303730927815856,0.008017159450172232
1410,0.880734693482843,1.071510583959912
1411,-1.2774445836787656,-1.3878179602188612
1412,-1.1552834925186746,0.17418800702981907
1413,-1.318164947398796,-0.09168534909761586
1414,-1.0331224013585834,0.17418800702981907
1415,-0.015113308357824713,-1.5207546382825785
1416,1.6137012404433893,-1.4875204687666492
1417,-0.5444780367182193,-0.8228370784480619
1418,-0.9109613101984924,-1.4875204687666492
1419,-0.46303730927815856,0.1409538375138897
1420,0.5142514200025698,0.17418800702981907
1421,-0.015113308357824713,-1.4875204687666492
1422,0.3106496014024181,1.3706181096032763
1423,0.5956921474426305,-0.7563687394162032
1424,0.14776814652229667,-0.3907928747409802
1425,1.4915401492832983,1.3373839400873468
1426,1.5729808767233588,0.5397638717050421
1427,1.5729808767233588,-1.3213496211870024
1428,0.10704778280226633,-0.3907928747409802
1429,-1.1960038562387048,-0.32432453570912145
1430,1.6137012404433893,1.5035547876669937
1431,1.6137012404433893,0.8721055668643357
1432,1.4508197855632678,0.2738905155776072
1433,0.3920903288424788,-0.32432453570912145
1434,-0.46303730927815856,-1.4875204687666492
1435,-0.9924020376385531,0.9053397363802651
1436,-0.9109613101984924,0.3403588546094659
1437,1.5729808767233588,1.4038522791192056
1438,0.5549717837226001,0.8721055668643357
1439,-1.1960038562387048,0.5065297021891128
1440,-0.8295205827584317,0.8721055668643357
1441,-0.2594354906780068,-0.556963722320627
1442,-1.1960038562387048,-0.49049538328876824
1443,0.6771328748826912,0.3071246850935365
1444,0.025607055362205634,0.5397638717050421
1445,0.3920903288424788,0.9718080754121239
1446,-0.055833672077855064,0.3403588546094659
1447,1.4508197855632678,1.4038522791192056
1448,1.369379058123207,1.7029598047625698
1449,1.0436161483629645,-1.4875204687666492
1450,0.10704778280226633,-1.4875204687666492
1451,-1.2774445836787656,-1.4875204687666492
1452,0.3106496014024181,0.3403588546094659
1453,-0.7888002190384014,0.37359302412539525
1454,1.002895784642934,-0.29109036619319206
1455,-1.2774445836787656,0.3403588546094659
1456,-1.2774445836787656,-0.6234320613524857
1457,0.5549717837226001,-0.3575587052250508
1458,0.3106496014024181,1.0050422449280532
1459,-0.46303730927815856,0.44006136315725397
1460,-1.0738427650786138,1.1047447534758412
1461,1.0843365120829946,1.536788957182923
1462,-0.7073594915983407,-0.19138785764540397
1463,-0.21871512695797646,1.0050422449280532
1464,1.5729808767233588,1.7029598047625698
1465,0.5142514200025698,0.805637227832477
1466,-1.1552834925186746,-1.45428629925072
1467,-1.2774445836787656,-1.4875204687666492
1468,0.5956921474426305,1.1379789229917707
1469,0.06632741908223598,-0.49049538328876824
1470,-0.5851984004382496,-0.3575587052250508
1471,-0.9924020376385531,-0.3575587052250508
1472,-1.0331224013585834,-0.9557737565117794
1473,-1.1145631287986442,0.6394663802528302
1474,0.26992923768238775,-0.19138785764540397
1475,-0.13727439951791576,-1.45428629925072
1476,-1.2774445836787656,-0.32432453570912145
1477,-0.055833672077855064,-1.3213496211870024
1478,-1.2367242199587352,-1.3545837907029317
1479,1.247217966963116,0.20742217654574843
1480,-0.5037576729981889,0.47329553267318336
1481,1.5729808767233588,0.6062322107369008
1482,1.369379058123207,-0.12491951861354524
1483,-0.9924020376385531,-0.6566662308684151
1484,-1.2367242199587352,1.0382764144439827
1485,-1.1960038562387048,-0.9890079260277087
1486,0.5956921474426305,-1.4875204687666492
1487,-1.2367242199587352,-0.5237295528046976
1488,-1.2774445836787656,0.3071246850935365
1489,-1.0331224013585834,-1.4875204687666492
1490,1.4915401492832983,1.3373839400873468
1491,-1.1145631287986442,1.3373839400873468
1492,1.5729808767233588,-1.4875204687666492
1493,-1.2774445836787656,0.3071246850935365
1494,-0.748079855318371,0.8388713973484064
1495,-0.13727439951791576,-1.5207546382825785
1496,0.9621754209229036,0.5729980412209714
1497,-1.0738427650786138,1.0382764144439827
1498,-1.2774445836787656,-0.8228370784480619
1499,0.5549717837226001,0.8721055668643357
1500,-0.5037576729981889,1.437086448635135
1501,-0.5037576729981889,0.7059347192846889
1502,0.18848851024232702,0.37359302412539525
1503,-0.3408762181180675,-1.4875204687666492
1504,-0.13727439951791576,1.0050422449280532
1505,-0.46303730927815856,1.3041497705714176
1506,-0.5444780367182193,1.270915601055488
1507,0.880734693482843,0.5397638717050421
1508,-1.2367242199587352,-1.5207546382825785
1509,-0.21871512695797646,1.3041497705714176
1510,0.5549717837226001,-0.12491951861354524
1511,-0.5851984004382496,-1.4875204687666492
1512,0.7992939660427822,-1.4875204687666492
1513,0.43281069256250915,-0.29109036619319206
1514,-1.1960038562387048,-1.4875204687666492
1515,-1.1552834925186746,-0.6566662308684151
1516,-1.0738427650786138,0.6394663802528302
1517,0.10704778280226633,1.2044472620236295
1518,1.4508197855632678,-0.15815368812947458
1519,-1.1145631287986442,1.0382764144439827
1520,-1.1960038562387048,-0.6566662308684151
1521,-1.1552834925186746,0.2738905155776072
1522,-1.1552834925186746,-1.3213496211870024
1523,-1.2367242199587352,0.5065297021891128
1524,0.3106496014024181,1.5035547876669937
1525,-0.9109613101984924,1.0050422449280532
1526,-0.3408762181180675,0.5065297021891128
1527,1.6137012404433893,1.4038522791192056
1528,-0.3408762181180675,1.1379789229917707
1529,1.6137012404433893,0.7391688888006183
1530,-1.2774445836787656,-0.4240270442569095
1531,-0.5851984004382496,0.7724030583165477
1532,-1.1552834925186746,-0.8228370784480619
1533,0.14776814652229667,0.8721055668643357
1534,-0.8702409464784621,0.3403588546094659
1535,-1.2774445836787656,0.17418800702981907
1536,0.3920903288424788,0.5065297021891128
1537,-0.6666391278783103,0.6727005497687596
1538,0.7178532386027215,1.6364914657307112
1539,-1.2774445836787656,-1.3213496211870024
1540,0.22920887396235737,-1.4875204687666492
1541,-0.3408762181180675,0.5065297021891128
1542,-0.055833672077855064,-0.15815368812947458
1543,-0.9924020376385531,-1.5207546382825785
1544,0.43281069256250915,1.437086448635135
1545,1.002895784642934,0.17418800702981907
1546,-0.7888002190384014,-1.45428629925072
1547,0.3106496014024181,0.8388713973484064
1548,-0.38159658183809786,-1.4875204687666492
1549,1.6137012404433893,0.6394663802528302
1550,0.9214550572028734,0.6394663802528302
1551,0.6364125111626608,1.536788957182923
1552,-1.2774445836787656,0.3403588546094659
1553,0.14776814652229667,1.071510583959912
1554,-0.8702409464784621,0.1409538375138897
1555,-1.2774445836787656,0.6727005497687596
1556,0.8400143297628127,1.1047447534758412
1557,1.5322605130033284,-0.4572612137728389
1558,-0.8295205827584317,1.0382764144439827
1559,-0.4223169455581282,1.0050422449280532
1560,0.9214550572028734,0.1409538375138897
1561,-0.1779947632379461,-0.025217010065757134
1562,1.0436161483629645,-1.4875204687666492
1563,-0.5444780367182193,-1.4875204687666492
1564,-0.5444780367182193,1.0050422449280532
1565,-0.055833672077855064,0.2406563460616778
1566,-0.7888002190384014,0.805637227832477
1567,-1.2774445836787656,-1.4875204687666492
1568,-1.2774445836787656,0.20742217654574843
1569,-0.5851984004382496,0.3071246850935365
1570,-0.7888002190384014,-1.4875204687666492
1571,-1.2367242199587352,-1.4875204687666492
1572,1.5322605130033284,0.008017159450172232
1573,0.47353105628253944,-1.5207546382825785
1574,-1.1552834925186746,-1.45428629925072
1575,1.3286586944031769,0.37359302412539525
1576,1.5729808767233588,1.1712130925077
1577,1.2879383306831464,-0.3575587052250508
1578,-0.1779947632379461,0.9053397363802651
1579,-0.6666391278783103,1.0382764144439827
1580,1.5322605130033284,1.6364914657307112
1581,0.26992923768238775,0.5729980412209714
1582,-0.5444780367182193,-0.6566662308684151
1583,1.125056875803025,1.3373839400873468
1584,0.758573602322752,0.8388713973484064
1585,0.9621754209229036,1.5035547876669937
1586,1.369379058123207,1.3373839400873468
1587,1.0436161483629645,-0.29109036619319206
1588,1.4915401492832983,-0.19138785764540397
1589,-0.21871512695797646,-0.29109036619319206
1590,-1.2774445836787656,-0.5237295528046976
1591,-1.0738427650786138,-1.4875204687666492
1592,-1.0331224013585834,-1.3213496211870024
1593,-0.9924020376385531,0.17418800702981907
1594,-0.7073594915983407,0.17418800702981907
1595,-0.9516816739185228,-1.4875204687666492
1596,-0.8295205827584317,0.07448549848203097
1597,-0.30015585439803716,0.20742217654574843
1598,-0.1779947632379461,0.5397638717050421
1599,0.6771328748826912,1.2044472620236295
1600,1.002895784642934,-0.6566662308684151
1601,-0.8702409464784621,-1.45428629925072
1602,0.18848851024232702,1.0050422449280532
1603,0.3106496014024181,1.2044472620236295
1604,0.880734693482843,-0.6566662308684151
1605,-0.8295205827584317,0.6727005497687596
1606,-1.1552834925186746,-0.32432453570912145
1607,1.369379058123207,1.270915601055488
1608,1.5322605130033284,-0.15815368812947458
1609,-1.2774445836787656,0.3403588546094659
1610,1.0436161483629645,1.270915601055488
1611,0.5956921474426305,0.7059347192846889
1612,-1.1552834925186746,0.47329553267318336
1613,1.002895784642934,-0.19138785764540397
1614,-0.7073594915983407,0.9718080754121239
1615,-0.3408762181180675,0.8388713973484064
1616,-0.5037576729981889,-1.5207546382825785
1617,1.1657772395230555,1.1047447534758412
1618,-0.6666391278783103,-0.49049538328876824
1619,1.6137012404433893,1.1047447534758412
1620,-0.748079855318371,-0.8228370784480619
1621,-1.2367242199587352,-0.6234320613524857
1622,1.2879383306831464,0.9053397363802651
1623,-0.0965540357978854,-1.4875204687666492
1624,1.2879383306831464,0.805637227832477
1625,1.1657772395230555,1.5700231266988525
1626,0.7178532386027215,0.6394663802528302
1627,0.5956921474426305,1.0050422449280532
1628,0.758573602322752,-0.15815368812947458
1629,0.18848851024232702,0.8721055668643357
1630,1.2879383306831464,1.071510583959912
1631,1.125056875803025,-0.15815368812947458
1632,-1.2774445836787656,-1.4875204687666492
1633,-0.748079855318371,0.5729980412209714
1634,-1.2774445836787656,0.37359302412539525
1635,-0.62591876415828,0.7724030583165477
1636,1.247217966963116,1.3041497705714176
1637,1.6137012404433893,-1.288115451671073
1638,-0.13727439951791576,1.2044472620236295
1639,-0.5851984004382496,-0.09168534909761586
1640,0.22920887396235737,0.17418800702981907
1641,-0.2594354906780068,-1.5207546382825785
1642,1.5322605130033284,1.3373839400873468
1643,-1.0331224013585834,0.47329553267318336
1644,-0.4223169455581282,-1.45428629925072
1645,-0.30015585439803716,-0.32432453570912145
1646,0.025607055362205634,-0.8560712479639913
1647,-0.21871512695797646,1.0382764144439827
1648,-0.7073594915983407,0.3403588546094659
1649,0.35136996512244845,-1.3213496211870024
1650,0.22920887396235737,1.0050422449280532
1651,0.47353105628253944,0.805637227832477
1652,1.369379058123207,-1.4875204687666492
1653,-0.5444780367182193,-1.45428629925072
1654,-0.62591876415828,0.8388713973484064
1655,-1.0331224013585834,0.3403588546094659
1656,-0.46303730927815856,0.2406563460616778
1657,1.1657772395230555,0.9718080754121239
1658,-1.1552834925186746,-0.4572612137728389
1659,1.0436161483629645,0.3403588546094659
1660,-0.46303730927815856,-0.29109036619319206
1661,1.125056875803025,-1.4875204687666492
1662,0.43281069256250915,-1.288115451671073
1663,0.14776814652229667,0.6727005497687596
1664,1.002895784642934,-0.32432453570912145
1665,-0.3408762181180675,-0.32432453570912145
1666,1.4508197855632678,1.3373839400873468
1667,1.6137012404433893,1.0050422449280532
1668,-0.9516816739185228,-0.8228370784480619
1669,1.369379058123207,0.5065297021891128
1670,-0.9924020376385531,0.3071246850935365
1671,0.7178532386027215,1.270915601055488
1672,-0.9109613101984924,0.37359302412539525
1673,0.880734693482843,-1.1551787736073555
1674,-1.2774445836787656,0.5065297021891128
1675,1.5729808767233588,1.4703206181510644
1676,-1.1552834925186746,1.2044472620236295
1677,0.025607055362205634,-0.32432453570912145
1678,-0.9109613101984924,0.7391688888006183
1679,1.6137012404433893,-0.5237295528046976
1680,-1.2774445836787656,-1.45428629925072
1681,1.4100994218432374,-1.288115451671073
1682,-0.4223169455581282,0.5065297021891128
1683,1.2064976032430856,1.071510583959912
1684,-0.46303730927815856,-0.7563687394162032
1685,1.4508197855632678,1.5700231266988525
1686,-1.0331224013585834,1.1047447534758412
1687,1.0436161483629645,0.5065297021891128
1688,-0.38159658183809786,0.6394663802528302
1689,1.5729808767233588,-1.3545837907029317
1690,0.35136996512244845,0.7059347192846889
1691,-1.318164947398796,-0.29109036619319206
1692,1.1657772395230555,-0.09168534909761586
1693,0.5549717837226001,1.1712130925077
1694,-1.0738427650786138,-1.45428629925072
1695,-1.0331224013585834,0.9718080754121239
1696,-0.46303730927815856,0.3071246850935365
1697,-0.7888002190384014,1.0050422449280532
1698,-0.4223169455581282,0.6062322107369008
1699,-0.2594354906780068,0.1409538375138897
1700,-1.1552834925186746,-0.7563687394162032
1701,1.247217966963116,-1.4875204687666492
1702,-1.1145631287986442,0.5065297021891128
1703,-1.0738427650786138,-1.4875204687666492
1704,0.9214550572028734,0.9718080754121239
1705,0.758573602322752,0.37359302412539525
1706,0.9621754209229036,0.1409538375138897
1707,-0.5851984004382496,-1.4875204687666492
1708,1.6137012404433893,1.3706181096032763
1709,-0.5444780367182193,-0.49049538328876824
1710,-0.4223169455581282,1.071510583959912
1711,0.35136996512244845,-0.9890079260277087
1712,-1.1145631287986442,-1.5207546382825785
1713,1.002895784642934,0.3071246850935365
1714,-0.13727439951791576,1.2044472620236295
1715,0.025607055362205634,0.9718080754121239
1716,1.6137012404433893,1.1047447534758412
1717,-0.055833672077855064,0.805637227832477
1718,0.7992939660427822,1.3041497705714176
1719,0.10704778280226633,-1.4875204687666492
1720,-1.0331224013585834,-1.4875204687666492
1721,-0.4223169455581282,-0.32432453570912145
1722,-1.0738427650786138,0.3403588546094659
1723,1.125056875803025,-0.8893054174799206
1724,-0.3408762181180675,-1.4875204687666492
1725,-0.055833672077855064,0.3071246850935365
1726,-0.2594354906780068,0.7059347192846889
1727,-1.2774445836787656,0.17418800702981907
1728,0.3106496014024181,-1.4875204687666492
1729,-0.9109613101984924,-1.4875204687666492
1730,1.5322605130033284,-1.5207546382825785
1731,-1.1960038562387048,-0.32432453570912145
1732,0.5549717837226001,0.6727005497687596
1733,1.0843365120829946,1.5035547876669937
1734,0.6364125111626608,0.20742217654574843
1735,1.0843365120829946,-1.5207546382825785
1736,-0.13727439951791576,-1.1219446040914263
1737,-0.9924020376385531,-1.4875204687666492
1738,-0.9516816739185228,-1.4875204687666492
1739,-0.9924020376385531,-0.22462202716133334
1740,-0.1779947632379461,0.8388713973484064
1741,-0.5037576729981889,0.37359302412539525
1742,0.9621754209229036,1.3373839400873468
1743,0.6771328748826912,-0.7896029089321326
1744,-1.1145631287986442,0.805637227832477
1745,-0.5851984004382496,0.8388713973484064
1746,1.5729808767233588,0.8388713973484064
1747,-0.5037576729981889,0.805637227832477
1748,0.3106496014024181,-0.7563687394162032
1749,-0.5851984004382496,-0.12491951861354524
1750,0.22920887396235737,-1.4875204687666492
1751,1.4100994218432374,1.3706181096032763
1752,-0.62591876415828,-0.32432453570912145
1753,-1.2774445836787656,-0.9890079260277087
1754,1.4508197855632678,-1.3213496211870024
1755,0.10704778280226633,0.6062322107369008
1756,-1.1960038562387048,0.37359302412539525
1757,-0.9924020376385531,0.8388713973484064
1758,-0.13727439951791576,0.20742217654574843
1759,-1.2367242199587352,-0.9890079260277087
1760,0.8400143297628127,0.3071246850935365
1761,-1.2774445836787656,-1.3213496211870024
1762,-1.0331224013585834,0.3403588546094659
1763,-1.1552834925186746,-1.4875204687666492
1764,-0.13727439951791576,0.37359302412539525
1765,-1.1960038562387048,0.3403588546094659
1766,-1.2774445836787656,-1.288115451671073
1767,-1.0331224013585834,-0.9890079260277087
1768,0.7992939660427822,1.536788957182923
1769,1.6137012404433893,0.9053397363802651
1770,0.9214550572028734,1.071510583959912
1771,-1.2774445836787656,-1.4875204687666492
1772,-1.0738427650786138,-1.4875204687666492
1773,-0.13727439951791576,-1.4875204687666492
1774,0.3920903288424788,-0.556963722320627
1775,-0.0965540357978854,-0.8228370784480619
1776,-1.2774445836787656,-0.4572612137728389
1777,1.6137012404433893,0.7059347192846889
1778,-1.1552834925186746,-0.4572612137728389
1779,-1.2774445836787656,-1.3213496211870024
1780,-1.2774445836787656,0.1409538375138897
1781,-1.2774445836787656,0.3071246850935365
1782,1.2064976032430856,0.5065297021891128
1783,-0.7073594915983407,1.2044472620236295
1784,-1.2774445836787656,-1.5207546382825785
1785,1.4508197855632678,-1.4875204687666492
1786,-1.0331224013585834,0.3403588546094659
1787,1.6137012404433893,0.7724030583165477
1788,1.6137012404433893,0.7391688888006183
1789,-0.0965540357978854,0.9718080754121239
1790,-1.2774445836787656,0.6394663802528302
1791,0.26992923768238775,-0.7896029089321326
1792,1.2064976032430856,0.9053397363802651
1793,0.8400143297628127,1.4703206181510644
1794,1.369379058123207,1.3041497705714176
1795,1.0843365120829946,0.805637227832477
1796,-0.7073594915983407,1.0382764144439827
1797,-0.9516816739185228,1.0382764144439827
1798,-0.015113308357824713,-1.1551787736073555
1799,-0.62591876415828,0.008017159450172232
1800,0.9214550572028734,-0.32432453570912145
1801,-0.62591876415828,-1.288115451671073
1802,1.4915401492832983,0.7391688888006183
1803,1.369379058123207,0.3403588546094659
1804,-0.6666391278783103,0.3071246850935365
1805,1.5322605130033284,0.5065297021891128
1806,0.7178532386027215,-1.5207546382825785
1807,-1.1960038562387048,-1.4875204687666492
1808,-0.62591876415828,0.0412513289661016
1809,-0.5037576729981889,1.071510583959912
1810,1.5729808767233588,-1.4875204687666492
1811,0.06632741908223598,1.3373839400873468
1812,0.43281069256250915,-1.3213496211870024
1813,0.7178532386027215,1.2376814315395588
1814,0.35136996512244845,1.2376814315395588
1815,0.880734693482843,0.5065297021891128
1816,1.2879383306831464,-1.5207546382825785
1817,-0.055833672077855064,-0.3575587052250508
1818,-0.8702409464784621,0.44006136315725397
1819,-1.1552834925186746,0.7059347192846889
1820,-0.46303730927815856,-0.3907928747409802
1821,0.10704778280226633,-1.3545837907029317
1822,1.0436161483629645,1.1379789229917707
1823,-0.5037576729981889,-1.4875204687666492
1824,1.125056875803025,-1.3213496211870024
1825,0.35136996512244845,-1.4875204687666492
1826,-0.7073594915983407,-0.4572612137728389
1827,-1.2774445836787656,-0.6899004003843444
1828,1.369379058123207,1.1712130925077
1829,-1.2774445836787656,0.1409538375138897
1830,-1.2367242199587352,-0.6899004003843444
1831,-0.015113308357824713,0.6394663802528302
1832,1.6137012404433893,0.44006136315725397
1833,1.2064976032430856,1.0382764144439827
1834,-0.9516816739185228,0.5065297021891128
1835,-1.1552834925186746,0.7059347192846889
1836,-0.0965540357978854,0.5729980412209714
1837,0.3106496014024181,1.3041497705714176
1838,0.025607055362205634,-1.4875204687666492
1839,1.247217966963116,0.5065297021891128
1840,1.2879383306831464,-1.4875204687666492
1841,-1.1145631287986442,1.071510583959912
1842,-1.0331224013585834,-1.4875204687666492
1843,-0.9109613101984924,0.5065297021891128
1844,1.247217966963116,1.2044472620236295
1845,-0.5037576729981889,-0.8560712479639913
1846,0.22920887396235737,0.6394663802528302
1847,1.369379058123207,1.437086448635135
1848,-0.7888002190384014,0.8721055668643357
1849,-0.3408762181180675,0.0412513289661016
1850,-0.38159658183809786,1.3041497705714176
1851,-0.015113308357824713,0.8721055668643357
1852,0.758573602322752,-0.15815368812947458
1853,0.3106496014024181,-1.5207546382825785
1854,-0.4223169455581282,-0.19138785764540397
1855,-1.2774445836787656,0.17418800702981907
1856,-1.0738427650786138,0.805637227832477
1857,-1.2774445836787656,-1.4875204687666492
1858,-1.1552834925186746,-1.4875204687666492
1859,1.125056875803025,1.3706181096032763
1860,1.6137012404433893,0.008017159450172232
1861,0.3920903288424788,-0.15815368812947458
1862,-1.2367242199587352,-0.09168534909761586
1863,1.4915401492832983,-0.15815368812947458
1864,-1.2367242199587352,0.7059347192846889
1865,-1.2774445836787656,-0.9557737565117794
1866,-0.055833672077855064,0.0412513289661016
1867,-0.6666391278783103,-1.4875204687666492
1868,-0.7073594915983407,-1.4875204687666492
1869,-1.2367242199587352,0.9718080754121239
1870,-0.62591876415828,0.9385739058961945
1871,-1.0738427650786138,0.9718080754121239
1872,1.1657772395230555,-0.15815368812947458
1873,-1.2774445836787656,-1.5207546382825785
1874,-0.5444780367182193,0.7724030583165477
1875,0.47353105628253944,-0.3575587052250508
1876,1.5322605130033284,1.5700231266988525
1877,1.247217966963116,-1.3213496211870024
1878,1.0436161483629645,-0.6899004003843444
1879,0.8400143297628127,0.3071246850935365
1880,1.0843365120829946,-0.6899004003843444
1881,1.4915401492832983,1.3041497705714176
1882,-0.2594354906780068,-0.5237295528046976
1883,-0.38159658183809786,-0.2578561966772627
1884,0.3920903288424788,-0.32432453570912145
1885,-1.2774445836787656,-0.4572612137728389
1886,-1.0738427650786138,-0.556963722320627
1887,1.0436161483629645,-1.45428629925072
1888,-1.1960038562387048,1.2376814315395588
1889,0.35136996512244845,-1.4875204687666492
1890,1.0436161483629645,-0.12491951861354524
1891,0.758573602322752,0.9718080754121239
1892,1.2879383306831464,1.536788957182923
1893,-0.5444780367182193,-1.288115451671073
1894,1.125056875803025,0.47329553267318336
1895,1.4915401492832983,1.6364914657307112
1896,-1.1960038562387048,0.5397638717050421
1897,-1.0331224013585834,1.0050422449280532
1898,-0.5444780367182193,0.2738905155776072
1899,-1.2774445836787656,0.40682719364132464
1900,1.2064976032430856,-1.3545837907029317
1901,-1.2774445836787656,-0.49049538328876824
1902,-1.2774445836787656,0.3071246850935365
1903,-0.1779947632379461,-0.15815368812947458
1904,1.4915401492832983,0.9053397363802651
1905,-0.0965540357978854,0.5065297021891128
1906,0.3106496014024181,-0.8560712479639913
1907,-1.2774445836787656,-1.4875204687666492
1908,0.5142514200025698,1.2044472620236295
1909,-0.4223169455581282,0.47329553267318336
1910,0.5956921474426305,-1.4875204687666492
1911,-1.2367242199587352,-1.4875204687666492
1912,-0.7888002190384014,-0.9890079260277087
1913,-0.5037576729981889,-1.5207546382825785
1914,0.6364125111626608,-1.5207546382825785
1915,1.4100994218432374,1.2044472620236295
1916,1.5322605130033284,1.1379789229917707
1917,1.2879383306831464,1.1379789229917707
1918,0.06632741908223598,1.1047447534758412
1919,1.6137012404433893,0.8721055668643357
1920,-0.38159658183809786,0.17418800702981907
1921,-0.7073594915983407,0.805637227832477
1922,-0.4223169455581282,1.2044472620236295
1923,0.35136996512244845,0.17418800702981907
1924,1.4508197855632678,0.5729980412209714
1925,1.5322605130033284,1.3706181096032763
1926,1.5729808767233588,0.7391688888006183
1927,1.5729808767233588,0.6727005497687596
1928,-1.2774445836787656,-0.6899004003843444
1929,-1.2774445836787656,-0.32432453570912145
1930,-1.1960038562387048,-1.45428629925072
1931,0.3106496014024181,0.9385739058961945
1932,-1.1960038562387048,-0.4572612137728389
1933,1.4100994218432374,-1.288115451671073
1934,-0.5851984004382496,0.3403588546094659
1935,-0.5037576729981889,-1.4875204687666492
1936,-1.1960038562387048,0.3071246850935365
1937,1.5729808767233588,1.7029598047625698
1938,-0.30015585439803716,-1.0222420955436382
1939,-0.015113308357824713,0.8721055668643357
1940,0.5549717837226001,-1.4875204687666492
1941,1.4508197855632678,-1.5207546382825785
1942,0.6364125111626608,0.5065297021891128
1943,-1.2367242199587352,0.17418800702981907
1944,0.9621754209229036,0.9385739058961945
1945,-1.1145631287986442,0.47329553267318336
1946,-1.1960038562387048,0.3403588546094659
1947,1.2879383306831464,0.9385739058961945
1948,0.5956921474426305,0.8388713973484064
1949,1.247217966963116,0.07448549848203097
1950,-0.21871512695797646,-1.5207546382825785
1951,0.5956921474426305,0.20742217654574843
1952,1.0843365120829946,-1.3545837907029317
1953,-1.1552834925186746,-1.5207546382825785
1954,1.6137012404433893,1.6697256352466405
1955,-0.7888002190384014,-0.32432453570912145
1956,1.369379058123207,1.437086448635135
1957,0.3920903288424788,-1.45428629925072
1958,-0.9109613101984924,-1.4875204687666492
1959,-0.7073594915983407,0.3071246850935365
1960,0.5142514200025698,1.0050422449280532
1961,0.6364125111626608,0.3071246850935365
1962,-1.2774445836787656,-1.3213496211870024
1963,-0.21871512695797646,0.37359302412539525
1964,-1.1145631287986442,-1.5207546382825785
1965,-0.38159658183809786,0.7391688888006183
1966,-0.8702409464784621,0.3403588546094659
1967,0.10704778280226633,1.2376814315395588
1968,1.4100994218432374,0.805637227832477
1969,0.025607055362205634,0.3403588546094659
1970,1.6137012404433893,1.6364914657307112
1971,1.4100994218432374,1.5035547876669937
1972,0.025607055362205634,-1.4875204687666492
1973,0.5956921474426305,-0.19138785764540397
1974,-0.7888002190384014,1.1047447534758412
1975,-0.5851984004382496,0.6062322107369008
1976,1.6137012404433893,1.5700231266988525
1977,-0.8702409464784621,0.8388713973484064
1978,-1.0331224013585834,-0.6899004003843444
1979,1.0843365120829946,1.1379789229917707
1980,-0.015113308357824713,1.1712130925077
1981,1.4100994218432374,-1.3213496211870024
1982,0.758573602322752,0.7724030583165477
1983,1.0843365120829946,0.9718080754121239
1984,0.6364125111626608,-0.8560712479639913
1985,-1.2774445836787656,0.20742217654574843
1986,-0.38159658183809786,-1.5207546382825785
1987,0.22920887396235737,1.0050422449280532
1988,-0.5444780367182193,-1.4875204687666492
1989,-1.1960038562387048,0.37359302412539525
1990,1.0436161483629645,1.1379789229917707
1991,-1.2367242199587352,-0.49049538328876824
1992,-1.1145631287986442,0.3403588546094659
1993,1.6137012404433893,1.2044472620236295
1994,0.47353105628253944,1.5035547876669937
1995,-0.6666391278783103,-1.4875204687666492
1996,-0.8295205827584317,-0.4572612137728389
1997,-1.0738427650786138,0.8388713973484064
1998,1.6137012404433893,1.437086448635135
1999,-0.38159658183809786,-1.3213496211870024
2000,0.22920887396235737,0.17418800702981907
2001,0.5956921474426305,1.0050422449280532
2002,0.880734693482843,-1.4875204687666492
2003,-0.7073594915983407,0.1409538375138897
2004,-0.5037576729981889,0.9718080754121239
2005,-0.6666391278783103,0.2738905155776072
2006,-1.2774445836787656,0.1409538375138897
2007,-1.2774445836787656,-1.3213496211870024
2008,0.5549717837226001,-1.4875204687666492
2009,1.4915401492832983,1.1047447534758412
2010,0.6771328748826912,0.6394663802528302
2011,0.8400143297628127,-0.32432453570912145
2012,-1.0331224013585834,-1.5207546382825785
2013,0.3920903288424788,-0.49049538328876824
2014,-0.62591876415828,-0.49049538328876824
2015,-1.2367242199587352,0.5729980412209714
2016,1.6137012404433893,1.3041497705714176
2017,-0.1779947632379461,-1.4875204687666492
2018,-1.2774445836787656,-0.49049538328876824
2019,-0.7073594915983407,0.7059347192846889
2020,1.4100994218432374,1.4038522791192056
2021,-0.8702409464784621,1.1712130925077
2022,0.9621754209229036,1.270915601055488
2023,-0.4223169455581282,-0.32432453570912145
2024,-0.5444780367182193,-1.0222420955436382
2025,0.47353105628253944,-1.4875204687666492
2026,-0.9109613101984924,-0.9557737565117794
2027,-0.5851984004382496,0.20742217654574843
2028,-0.0965540357978854,-1.5207546382825785
2029,-0.2594354906780068,-0.9557737565117794
2030,1.0436161483629645,1.4703206181510644
2031,-1.2774445836787656,-1.1551787736073555
2032,-0.9516816739185228,0.0412513289661016
2033,0.7178532386027215,0.5729980412209714
2034,0.5549717837226001,-1.1219446040914263
2035,-1.1960038562387048,-0.6566662308684151
2036,-0.8702409464784621,-0.4572612137728389
2037,0.18848851024232702,0.17418800702981907
2038,-0.4223169455581282,-0.3575587052250508
2039,1.4100994218432374,-1.288115451671073
2040,-1.2774445836787656,-1.4875204687666492
2041,-0.5444780367182193,-0.29109036619319206
2042,-0.9516816739185228,0.3403588546094659
2043,1.5322605130033284,1.1379789229917707
2044,-1.2774445836787656,-0.49049538328876824
2045,0.26992923768238775,-0.7896029089321326
2046,-1.2367242199587352,0.20742217654574843
2047,0.6771328748826912,-0.6899004003843444
2048,-1.0331224013585834,-0.025217010065757134
2049,-1.2774445836787656,-0.6234320613524857
2050,1.1657772395230555,1.2044472620236295
2051,-1.2774445836787656,-0.7231345699002738
2052,0.3106496014024181,0.9053397363802651
2053,1.5729808767233588,-1.3545837907029317
2054,-0.3408762181180675,0.8388713973484064
2055,-0.748079855318371,-0.49049538328876824
2056,1.1657772395230555,0.9718080754121239
2057,0.47353105628253944,0.3403588546094659
2058,1.5322605130033284,-1.4875204687666492
2059,-0.5851984004382496,0.3071246850935365
2060,-0.8295205827584317,0.3071246850935365
2061,1.369379058123207,1.4038522791192056
2062,1.1657772395230555,-1.45428629925072
2063,0.3920903288424788,0.7059347192846889
2064,0.880734693482843,1.0050422449280532
2065,-1.1960038562387048,-1.4875204687666492
2066,1.4915401492832983,-0.3575587052250508
2067,-1.1960038562387048,-1.4875204687666492
2068,-1.0331224013585834,0.3403588546094659
2069,1.002895784642934,-1.4875204687666492
2070,-0.748079855318371,0.3403588546094659
2071,-0.8702409464784621,-0.7563687394162032
2072,-1.1552834925186746,-1.4875204687666492
2073,0.43281069256250915,0.9718080754121239
2074,1.2064976032430856,0.3071246850935365
2075,-0.8295205827584317,1.0382764144439827
2076,-0.8702409464784621,-1.4875204687666492
2077,-0.5444780367182193,-0.15815368812947458
2078,0.47353105628253944,1.3706181096032763
2079,-0.8702409464784621,0.44006136315725397
2080,1.6137012404433893,0.5397638717050421
2081,0.43281069256250915,1.3373839400873468
2082,-1.1960038562387048,-1.4875204687666492
2083,-1.1145631287986442,0.5397638717050421
2084,-1.2367242199587352,-1.1551787736073555
2085,1.4508197855632678,0.7059347192846889
2086,0.025607055362205634,0.9718080754121239
2087,-0.8702409464784621,-0.9557737565117794
2088,1.4915401492832983,0.8388713973484064
2089,1.369379058123207,1.3373839400873468
2090,-0.13727439951791576,0.37359302412539525
2091,-0.9924020376385531,-0.6566662308684151
2092,1.6137012404433893,-0.025217010065757134
2093,-0.9924020376385531,-0.6566662308684151
2094,-0.015113308357824713,1.3041497705714176
2095,0.9621754209229036,-1.4875204687666492
2096,-0.9109613101984924,0.5397638717050421
2097,0.47353105628253944,-0.09168534909761586
2098,-0.38159658183809786,0.6394663802528302
2099,-1.1552834925186746,-0.556963722320627
2100,0.14776814652229667,-0.4572612137728389
2101,0.5956921474426305,0.6062322107369008
2102,-1.2367242199587352,-1.1551787736073555
2103,0.7992939660427822,-1.4875204687666492
2104,-1.1145631287986442,0.8721055668643357
2105,1.2879383306831464,0.0412513289661016
2106,-1.2367242199587352,-0.49049538328876824
2107,-0.9924020376385531,-1.4875204687666492
2108,-1.2774445836787656,0.17418800702981907
2109,-1.2774445836787656,-0.6566662308684151
2110,1.125056875803025,-0.15815368812947458
2111,-0.5037576729981889,0.8721055668643357
2112,-0.4223169455581282,-0.4572612137728389
2113,0.880734693482843,0.20742217654574843
2114,-1.2774445836787656,0.5397638717050421
2115,-0.7888002190384014,-1.5207546382825785
2116,-0.3408762181180675,1.071510583959912
2117,-1.0738427650786138,0.3071246850935365
2118,0.22920887396235737,1.270915601055488
2119,-0.8295205827584317,0.6727005497687596
2120,-0.2594354906780068,-0.6566662308684151
2121,-1.0738427650786138,-0.7896029089321326
2122,1.4100994218432374,0.7391688888006183
2123,1.2064976032430856,1.3041497705714176
2124,0.7178532386027215,-0.8560712479639913
2125,1.6137012404433893,0.0412513289661016
2126,-0.055833672077855064,1.1379789229917707
2127,1.6137012404433893,0.9053397363802651
2128,0.758573602322752,-0.6899004003843444
2129,-1.2774445836787656,-1.4875204687666492
2130,1.125056875803025,1.6697256352466405
2131,-0.3408762181180675,-1.4875204687666492
2132,-1.2367242199587352,0.5397638717050421
2133,-1.1552834925186746,0.44006136315725397
2134,1.4100994218432374,0.0412513289661016
2135,1.4915401492832983,1.3706181096032763
2136,-1.2774445836787656,0.17418800702981907
2137,1.4100994218432374,-1.3213496211870024
2138,-1.2774445836787656,0.8388713973484064
2139,1.4100994218432374,0.6394663802528302
2140,-0.21871512695797646,0.7059347192846889
2141,0.35136996512244845,1.3706181096032763
2142,1.2879383306831464,1.4703206181510644
2143,-1.2774445836787656,0.17418800702981907
2144,-1.0738427650786138,-0.6566662308684151
2145,1.6137012404433893,0.008017159450172232
2146,1.002895784642934,0.17418800702981907
2147,1.5322605130033284,0.2738905155776072
2148,-0.9109613101984924,0.7059347192846889
2149,-1.2774445836787656,-0.29109036619319206
2150,1.5729808767233588,0.8388713973484064
2151,-1.1960038562387048,-0.8228370784480619
2152,1.247217966963116,-1.3545837907029317
2153,-0.30015585439803716,0.3403588546094659
2154,1.2064976032430856,-1.3545837907029317
2155,0.9214550572028734,1.0050422449280532
2156,0.7992939660427822,0.47329553267318336
2157,-0.6666391278783103,0.5397638717050421
2158,-0.13727439951791576,0.7724030583165477
2159,-1.2367242199587352,-0.9890079260277087
2160,-0.9924020376385531,0.20742217654574843
2161,-1.1145631287986442,0.6727005497687596
2162,-0.9516816739185228,-1.4875204687666492
2163,-0.015113308357824713,0.3071246850935365
2164,1.6137012404433893,0.6394663802528302
2165,-1.0331224013585834,-0.49049538328876824
2166,-0.5851984004382496,-0.22462202716133334
2167,0.6364125111626608,1.3373839400873468
2168,1.5729808767233588,1.0382764144439827
2169,-1.2774445836787656,0.17418800702981907
2170,1.4915401492832983,1.3373839400873468
2171,1.125056875803025,-1.4875204687666492
2172,-1.2774445836787656,-1.3213496211870024
2173,-1.2774445836787656,-0.5237295528046976
2174,0.22920887396235737,0.9053397363802651
2175,-1.1552834925186746,-1.4875204687666492
2176,-0.055833672077855064,1.1379789229917707
2177,-0.748079855318371,0.47329553267318336
2178,1.5729808767233588,1.5035547876669937
2179,-1.2367242199587352,0.5397638717050421
2180,1.2879383306831464,0.9385739058961945
2181,-0.9516816739185228,0.5397638717050421
2182,0.9621754209229036,1.3706181096032763
2183,-0.8702409464784621,0.9718080754121239
2184,1.6137012404433893,-1.5207546382825785
2185,-1.2774445836787656,-1.4875204687666492
2186,1.125056875803025,1.4703206181510644
2187,0.025607055362205634,-0.49049538328876824
2188,1.6137012404433893,-1.4875204687666492
2189,-0.2594354906780068,0.7391688888006183
2190,-1.1960038562387048,0.7059347192846889
2191,-0.4223169455581282,-0.8560712479639913
2192,-0.4223169455581282,-0.025217010065757134
2193,-1.2774445836787656,-0.3575587052250508
2194,-0.21871512695797646,-0.32432453570912145
2195,-1.2774445836787656,0.17418800702981907
2196,0.35136996512244845,1.3706181096032763
2197,-0.748079855318371,0.3071246850935365
2198,-1.0331224013585834,0.1409538375138897
2199,-0.015113308357824713,-0.3575587052250508
2200,0.35136996512244845,0.10771966799796033
2201,-1.1552834925186746,-0.6234320613524857
2202,0.9621754209229036,-1.288115451671073
2203,0.025607055362205634,1.5035547876669937
2204,-1.2367242199587352,0.0412513289661016
2205,-0.1779947632379461,1.3706181096032763
2206,-1.2774445836787656,-0.3575587052250508
2207,-1.2774445836787656,-1.5207546382825785
2208,-1.2367242199587352,0.17418800702981907
2209,-1.1552834925186746,0.3071246850935365
2210,0.06632741908223598,1.3373839400873468
2211,1.2879383306831464,-0.22462202716133334
2212,-1.0331224013585834,-1.5207546382825785
2213,0.758573602322752,0.6394663802528302
2214,-0.46303730927815856,-1.4875204687666492
2215,-0.46303730927815856,0.20742217654574843
2216,1.002895784642934,0.8721055668643357
2217,-1.0738427650786138,0.37359302412539525
2218,-0.9924020376385531,-0.5237295528046976
2219,-0.5851984004382496,-1.288115451671073
2220,-1.0331224013585834,0.17418800702981907
2221,0.10704778280226633,-0.15815368812947458
2222,-0.015113308357824713,0.3403588546094659
2223,-0.0965540357978854,1.1712130925077
2224,-0.2594354906780068,-0.49049538328876824
2225,0.22920887396235737,1.0050422449280532
2226,0.35136996512244845,1.6032572962147817
2227,0.06632741908223598,-0.6566662308684151
2228,0.9214550572028734,-0.15815368812947458
2229,1.002895784642934,0.9718080754121239
2230,1.369379058123207,1.3373839400873468
2231,0.43281069256250915,0.7059347192846889
2232,-0.015113308357824713,0.37359302412539525
2233,-1.2774445836787656,-1.4875204687666492
2234,0.3106496014024181,0.5397638717050421
2235,0.35136996512244845,1.1047447534758412
2236,-0.0965540357978854,0.8388713973484064
2237,-1.1960038562387048,0.5065297021891128
2238,0.880734693482843,1.3041497705714176
2239,-0.9516816739185228,1.0050422449280532
2240,-1.0331224013585834,0.3403588546094659
2241,1.0436161483629645,1.1712130925077
2242,0.7992939660427822,0.805637227832477
2243,-0.2594354906780068,-0.8228370784480619
2244,0.06632741908223598,-1.4875204687666492
2245,0.8400143297628127,0.5397638717050421
2246,-0.7073594915983407,0.7724030583165477
2247,-1.2774445836787656,-1.5207546382825785
2248,-1.1145631287986442,-0.29109036619319206
2249,0.06632741908223598,1.3373839400873468
2250,-0.015113308357824713,1.2044472620236295
2251,0.35136996512244845,-0.9890079260277087
2252,-0.30015585439803716,-0.3575587052250508
2253,-0.62591876415828,-0.09168534909761586
2254,-0.62591876415828,-1.3213496211870024
2255,1.5322605130033284,0.6727005497687596
2256,0.43281069256250915,-1.5207546382825785
2257,1.5729808767233588,-1.3545837907029317
2258,-1.2367242199587352,-1.3545837907029317
2259,0.6771328748826912,0.3403588546094659
2260,1.6137012404433893,1.3373839400873468
2261,-0.2594354906780068,0.6394663802528302
2262,-0.5851984004382496,-1.4875204687666492
2263,-1.2774445836787656,0.9385739058961945
2264,-0.9516816739185228,-1.3545837907029317
2265,-0.1779947632379461,0.40682719364132464
2266,1.125056875803025,-1.5207546382825785
2267,-0.38159658183809786,-1.45428629925072
2268,-0.7073594915983407,0.5065297021891128
2269,-0.13727439951791576,0.07448549848203097
2270,0.9621754209229036,-1.4875204687666492
2271,-0.8702409464784621,-0.32432453570912145
2272,-0.21871512695797646,0.1409538375138897
2273,-1.2774445836787656,0.17418800702981907
2274,1.369379058123207,0.8721055668643357
2275,-1.2367242199587352,-0.2578561966772627
2276,-0.5444780367182193,-1.4875204687666492
2277,1.2064976032430856,1.0050422449280532
2278,0.758573602322752,0.47329553267318336
2279,1.6137012404433893,0.9718080754121239
2280,-0.9109613101984924,0.8388713973484064
2281,0.18848851024232702,0.10771966799796033
2282,0.10704778280226633,-0.49049538328876824
2283,-0.9109613101984924,-0.12491951861354524
2284,-1.2774445836787656,-1.4875204687666492
2285,-0.2594354906780068,-1.4875204687666492
2286,1.6137012404433893,0.5729980412209714
2287,0.22920887396235737,1.1712130925077
2288,-0.5851984004382496,1.1712130925077
2289,0.9621754209229036,-0.3907928747409802
2290,0.14776814652229667,-0.3575587052250508
2291,-0.4223169455581282,0.805637227832477
2292,1.3286586944031769,1.3041497705714176
2293,-0.21871512695797646,-0.3575587052250508
2294,-0.13727439951791576,0.3071246850935365
2295,-0.9109613101984924,1.0050422449280532
2296,0.7178532386027215,1.3373839400873468
2297,-0.9516816739185228,0.7059347192846889
2298,-0.38159658183809786,-1.3545837907029317
2299,-0.3408762181180675,-0.32432453570912145
2300,-1.2774445836787656,-0.29109036619319206
2301,-0.5037576729981889,-0.025217010065757134
2302,1.0436161483629645,-0.15815368812947458
2303,0.5956921474426305,-1.4875204687666492
2304,1.6137012404433893,0.9385739058961945
2305,-0.748079855318371,-0.49049538328876824
2306,1.2064976032430856,-0.32432453570912145
2307,0.18848851024232702,0.37359302412539525
2308,-0.13727439951791576,-1.0222420955436382
2309,1.2064976032430856,-1.5207546382825785
2310,0.5549717837226001,1.1712130925077
2311,-1.2367242199587352,0.9718080754121239
2312,0.7178532386027215,1.0382764144439827
2313,-0.3408762181180675,1.3373839400873468
2314,0.9214550572028734,1.6364914657307112
2315,1.2879383306831464,1.6697256352466405
2316,-1.1552834925186746,0.805637227832477
2317,-1.0738427650786138,-1.188412943123285
2318,-1.2774445836787656,0.37359302412539525
2319,0.18848851024232702,-0.0584511795816865
2320,1.5729808767233588,-1.3213496211870024
2321,-0.13727439951791576,-0.32432453570912145
2322,-1.0331224013585834,0.805637227832477
2323,-0.015113308357824713,1.1379789229917707
2324,1.0843365120829946,1.0050422449280532
2325,0.3106496014024181,0.3403588546094659
2326,-0.9109613101984924,-1.1551787736073555
2327,-0.21871512695797646,-1.5207546382825785
2328,-1.0331224013585834,0.7059347192846889
2329,1.3286586944031769,-1.3213496211870024
2330,-0.9109613101984924,0.5397638717050421
2331,-0.38159658183809786,0.6394663802528302
2332,0.5956921474426305,0.6727005497687596
2333,-0.8702409464784621,-0.32432453570912145
2334,-0.8295205827584317,-1.0222420955436382
2335,-0.0965540357978854,-0.6899004003843444
2336,-1.2774445836787656,0.37359302412539525
2337,1.002895784642934,1.4703206181510644
2338,-0.8702409464784621,0.17418800702981907
2339,-0.9516816739185228,-1.4875204687666492
2340,-1.1552834925186746,0.17418800702981907
2341,-0.7888002190384014,0.3071246850935365
2342,0.10704778280226633,-1.45428629925072
2343,1.4100994218432374,-0.4572612137728389
2344,0.758573602322752,-0.556963722320627
2345,-1.2774445836787656,-0.4572612137728389
2346,1.5729808767233588,1.1712130925077
2347,-0.13727439951791576,0.47329553267318336
2348,0.025607055362205634,1.3041497705714176
2349,-0.8702409464784621,-0.9557737565117794
2350,-0.7888002190384014,0.44006136315725397
2351,0.3920903288424788,-1.5207546382825785
2352,-0.9924020376385531,-1.188412943123285
2353,-1.2774445836787656,-0.6899004003843444
2354,1.6137012404433893,1.437086448635135
2355,0.5956921474426305,0.7391688888006183
2356,-0.0965540357978854,0.6727005497687596
2357,0.758573602322752,1.5700231266988525
2358,-0.6666391278783103,1.0050422449280532
2359,0.06632741908223598,1.1712130925077
2360,-0.9924020376385531,0.7391688888006183
2361,1.6137012404433893,-1.3213496211870024
2362,1.125056875803025,0.2406563460616778
2363,1.6137012404433893,1.7029598047625698
2364,-0.8295205827584317,-1.4875204687666492
2365,1.3286586944031769,0.5729980412209714
2366,-0.015113308357824713,-1.5207546382825785
2367,1.4100994218432374,0.9718080754121239
2368,0.5142514200025698,0.47329553267318336
2369,1.125056875803025,-0.15815368812947458
2370,-1.2774445836787656,-0.32432453570912145
2371,1.0436161483629645,0.008017159450172232
2372,-0.9516816739185228,1.0050422449280532
2373,-1.2774445836787656,0.3071246850935365
2374,-0.9924020376385531,-1.3545837907029317
2375,-1.2367242199587352,-0.6566662308684151
2376,0.5956921474426305,-1.4875204687666492
2377,-1.2774445836787656,0.3071246850935365
2378,-1.2774445836787656,-1.288115451671073
2379,-0.9109613101984924,1.2044472620236295
2380,-0.13727439951791576,-1.3213496211870024
2381,1.0436161483629645,0.37359302412539525
2382,-0.748079855318371,-1.5207546382825785
2383,-1.0331224013585834,-1.45428629925072
2384,-1.1145631287986442,0.6394663802528302
2385,-0.5851984004382496,-1.4875204687666492
2386,-0.30015585439803716,-1.4875204687666492
2387,0.5549717837226001,-0.025217010065757134
2388,-1.2774445836787656,-0.4572612137728389
2389,-1.2774445836787656,-0.556963722320627
2390,1.4508197855632678,0.6727005497687596
2391,-0.5851984004382496,-0.6899004003843444
2392,-0.9924020376385531,0.5065297021891128
2393,1.2879383306831464,-1.4875204687666492
2394,-1.1552834925186746,0.805637227832477
2395,1.247217966963116,0.5065297021891128
2396,0.880734693482843,1.3706181096032763
2397,0.880734693482843,0.3403588546094659
2398,1.6137012404433893,0.17418800702981907
2399,-1.1552834925186746,-0.4572612137728389
2400,1.6137012404433893,0.8721055668643357
2401,1.125056875803025,-0.5237295528046976
2402,-0.5037576729981889,0.8388713973484064
2403,0.10704778280226633,0.20742217654574843
2404,-1.2367242199587352,-0.5237295528046976
2405,-0.2594354906780068,-0.49049538328876824
2406,-0.748079855318371,0.6062322107369008
2407,-1.2774445836787656,0.3403588546094659
2408,0.8400143297628127,-1.4875204687666492
2409,-1.2774445836787656,-1.5207546382825785
2410,1.0436161483629645,-1.4875204687666492
2411,-1.1145631287986442,-0.4572612137728389
2412,0.8400143297628127,1.3706181096032763
2413,-1.1552834925186746,-1.4875204687666492
2414,0.6771328748826912,1.1379789229917707
2415,-1.2367242199587352,0.8388713973484064
2416,-1.2367242199587352,0.10771966799796033
2417,-1.1960038562387048,0.3403588546094659
2418,-1.0331224013585834,0.9718080754121239
2419,-0.748079855318371,-0.6566662308684151
2420,-0.5851984004382496,1.1379789229917707
2421,-0.21871512695797646,0.5397638717050421
2422,1.369379058123207,-0.15815368812947458
2423,0.43281069256250915,0.7059347192846889
2424,1.4915401492832983,1.6032572962147817
2425,1.5729808767233588,0.9385739058961945
2426,0.7178532386027215,0.6062322107369008
2427,0.758573602322752,-1.5207546382825785
2428,-0.21871512695797646,0.5397638717050421
2429,1.5322605130033284,-1.4875204687666492
2430,-1.2367242199587352,0.5065297021891128
2431,-1.0738427650786138,-0.49049538328876824
2432,1.0843365120829946,1.2044472620236295
2433,-0.9109613101984924,0.9053397363802651
2434,-0.13727439951791576,1.1047447534758412
2435,-1.1145631287986442,-1.4875204687666492
2436,-0.46303730927815856,0.9718080754121239
2437,1.2064976032430856,1.3041497705714176
2438,0.14776814652229667,-1.5207546382825785
2439,-1.1960038562387048,-1.4875204687666492
2440,1.4915401492832983,1.7029598047625698
2441,-1.2367242199587352,-1.1219446040914263
2442,-0.9924020376385531,0.6727005497687596
2443,-1.1960038562387048,-1.1219446040914263
2444,-1.2774445836787656,-0.6234320613524857
2445,-0.8295205827584317,1.1379789229917707
2446,-0.5851984004382496,0.37359302412539525
2447,-0.5037576729981889,-1.3213496211870024
2448,-0.4223169455581282,-0.19138785764540397
2449,-1.1145631287986442,-0.6234320613524857
2450,-0.3408762181180675,-1.3213496211870024
2451,1.2879383306831464,0.1409538375138897
2452,-0.2594354906780068,1.1379789229917707
2453,1.4508197855632678,1.3373839400873468
2454,1.125056875803025,-1.45428629925072
2455,-0.30015585439803716,-0.32432453570912145
2456,0.758573602322752,-1.288115451671073
2457,-1.0331224013585834,0.5397638717050421
2458,0.26992923768238775,-1.5207546382825785
2459,1.6137012404433893,0.5065297021891128
2460,-0.21871512695797646,1.0050422449280532
2461,0.9621754209229036,0.7059347192846889
2462,1.002895784642934,-1.4875204687666492
2463,-0.62591876415828,1.4038522791192056
2464,-1.2774445836787656,-0.29109036619319206
2465,0.10704778280226633,-1.4875204687666492
2466,-0.7888002190384014,0.2738905155776072
2467,1.4915401492832983,-1.4875204687666492
2468,-1.2774445836787656,-1.5207546382825785
2469,-1.0331224013585834,0.3403588546094659
2470,1.6137012404433893,1.7361939742784993
2471,-1.1960038562387048,1.1379789229917707
2472,0.8400143297628127,-0.12491951861354524
2473,0.22920887396235737,0.5729980412209714
2474,-1.1552834925186746,0.5065297021891128
2475,1.2064976032430856,0.6394663802528302
2476,-1.2774445836787656,-0.5237295528046976
2477,0.5549717837226001,0.6394663802528302
2478,-0.5444780367182193,-0.15815368812947458
2479,1.6137012404433893,0.8721055668643357
2480,0.22920887396235737,-1.3213496211870024
2481,1.5729808767233588,1.3706181096032763
2482,-0.6666391278783103,1.1712130925077
2483,1.369379058123207,1.3706181096032763
2484,-0.8702409464784621,1.0050422449280532
2485,1.369379058123207,0.6394663802528302
2486,-0.1779947632379461,0.8721055668643357
2487,-1.2774445836787656,-0.9890079260277087
2488,1.6137012404433893,1.5035547876669937
2489,-0.5851984004382496,-1.5207546382825785
2490,0.6771328748826912,-1.5207546382825785
2491,0.35136996512244845,1.3041497705714176
2492,-1.2774445836787656,0.17418800702981907
2493,-0.21871512695797646,0.37359302412539525
2494,-1.1145631287986442,-1.45428629925072
2495,0.43281069256250915,-0.9890079260277087
2496,0.5956921474426305,-0.32432453570912145
2497,-1.2774445836787656,-0.49049538328876824
2498,-0.7073594915983407,-0.19138785764540397
2499,-1.0331224013585834,0.20742217654574843
2500,-0.748079855318371,-1.4875204687666492
2501,0.43281069256250915,0.5065297021891128
2502,-0.13727439951791576,0.6394663802528302
2503,0.5549717837226001,-1.3545837907029317
2504,-0.3408762181180675,-0.5237295528046976
2505,0.758573602322752,-0.19138785764540397
2506,1.5322605130033284,-0.15815368812947458
2507,-0.8295205827584317,-0.6234320613524857
2508,-1.1960038562387048,-1.4875204687666492
2509,-0.9516816739185228,0.6394663802528302
2510,-0.7073594915983407,0.6394663802528302
2511,1.6137012404433893,-1.3545837907029317
2512,-1.1552834925186746,-1.4875204687666492
2513,1.6137012404433893,1.3041497705714176
2514,-0.9109613101984924,-1.4875204687666492
2515,-1.1145631287986442,-1.2216471126392143
2516,-0.9924020376385531,0.7059347192846889
2517,-0.2594354906780068,0.8721055668643357
2518,1.4508197855632678,0.20742217654574843
2519,-1.2367242199587352,-1.4875204687666492
2520,-0.9924020376385531,0.3071246850935365
2521,-1.1960038562387048,-1.4875204687666492
2522,-0.7888002190384014,1.1047447534758412
2523,0.06632741908223598,0.1409538375138897
2524,1.6137012404433893,0.0412513289661016
2525,-0.46303730927815856,-0.6899004003843444
2526,0.3106496014024181,0.6727005497687596
2527,-0.6666391278783103,-0.32432453570912145
2528,-0.2594354906780068,-0.29109036619319206
2529,0.6771328748826912,1.1379789229917707
2530,0.5549717837226001,-1.5207546382825785
2531,-0.8702409464784621,0.5065297021891128
2532,1.6137012404433893,0.6394663802528302
2533,0.5956921474426305,-1.4875204687666492
2534,-1.2774445836787656,-1.5207546382825785
2535,1.0843365120829946,0.8388713973484064
2536,1.5729808767233588,0.7724030583165477
2537,-0.30015585439803716,-1.4875204687666492
2538,1.6137012404433893,1.437086448635135
2539,-1.2367242199587352,-1.4875204687666492
2540,0.10704778280226633,-0.09168534909761586
2541,1.5729808767233588,1.3373839400873468
2542,-0.7073594915983407,1.0050422449280532
2543,-1.2367242199587352,-1.4875204687666492
2544,-0.2594354906780068,0.47329553267318336
2545,-1.1960038562387048,0.7724030583165477
2546,0.6771328748826912,-0.49049538328876824
2547,-0.21871512695797646,0.37359302412539525
2548,-1.1960038562387048,-0.49049538328876824
2549,0.5142514200025698,-0.4572612137728389
2550,0.18848851024232702,1.3041497705714176
2551,1.6137012404433893,1.7361939742784993
2552,1.2064976032430856,0.9053397363802651
2553,0.880734693482843,-0.15815368812947458
2554,-0.7073594915983407,1.2376814315395588
2555,-1.2774445836787656,-1.4875204687666492
2556,-1.2774445836787656,-1.3213496211870024
2557,1.6137012404433893,-0.12491951861354524
2558,-0.0965540357978854,0.47329553267318336
2559,0.3106496014024181,0.47329553267318336
2560,1.5729808767233588,0.20742217654574843
2561,-0.5851984004382496,-1.0222420955436382
2562,-0.62591876415828,-1.3213496211870024
2563,0.3106496014024181,-1.4875204687666492
2564,1.6137012404433893,1.536788957182923
2565,-1.2367242199587352,-1.4875204687666492
2566,0.8400143297628127,-1.3545837907029317
2567,1.5729808767233588,1.7029598047625698
2568,-0.5037576729981889,1.071510583959912
2569,-1.0331224013585834,-0.32432453570912145
2570,-0.7073594915983407,0.6394663802528302
2571,1.6137012404433893,-1.3545837907029317
2572,0.26992923768238775,-1.3545837907029317
2573,0.5142514200025698,-1.288115451671073
2574,-1.1145631287986442,0.6394663802528302
2575,0.5956921474426305,-0.8228370784480619
2576,-1.1552834925186746,-1.4875204687666492
2577,0.5956921474426305,1.2044472620236295
2578,0.025607055362205634,1.0050422449280532
2579,-0.7073594915983407,-1.3213496211870024
2580,1.369379058123207,0.805637227832477
2581,-1.0738427650786138,0.8388713973484064
2582,-0.62591876415828,-1.4875204687666492
2583,0.35136996512244845,1.0050422449280532
2584,0.9621754209229036,1.1712130925077
2585,-0.1779947632379461,-0.32432453570912145
2586,1.6137012404433893,-0.3575587052250508
2587,-1.2774445836787656,-0.49049538328876824
2588,0.9621754209229036,1.4038522791192056
2589,1.5322605130033284,0.47329553267318336
2590,0.47353105628253944,0.8721055668643357
2591,-1.2367242199587352,-0.6899004003843444
2592,1.0436161483629645,0.2406563460616778
2593,0.6364125111626608,0.6062322107369008
2594,-0.8702409464784621,0.6727005497687596
2595,1.6137012404433893,1.7029598047625698
2596,1.6137012404433893,-0.7563687394162032
2597,-0.2594354906780068,0.7059347192846889
2598,0.7992939660427822,-0.8228370784480619
2599,0.7992939660427822,-1.4875204687666492
2600,-0.21871512695797646,-0.3907928747409802
2601,-1.2774445836787656,0.47329553267318336
2602,0.5142514200025698,0.5397638717050421
2603,1.1657772395230555,0.805637227832477
2604,-1.2367242199587352,0.5065297021891128
2605,-0.8702409464784621,0.0412513289661016
2606,-0.46303730927815856,-0.15815368812947458
2607,-1.2774445836787656,0.20742217654574843
2608,-1.0738427650786138,1.1047447534758412
2609,1.5729808767233588,0.3071246850935365
2610,1.6137012404433893,0.20742217654574843
2611,1.4100994218432374,-0.12491951861354524
2612,-0.46303730927815856,-0.19138785764540397
2613,1.6137012404433893,-1.4875204687666492
2614,0.025607055362205634,-1.4875204687666492
2615,-1.1960038562387048,1.0050422449280532
2616,-0.055833672077855064,0.9718080754121239
2617,0.9214550572028734,-0.49049538328876824
2618,-1.2774445836787656,0.3071246850935365
2619,-0.9109613101984924,-1.5207546382825785
2620,-1.2774445836787656,-1.4875204687666492
2621,-0.748079855318371,1.0382764144439827
2622,1.369379058123207,0.3071246850935365
2623,1.6137012404433893,1.3706181096032763
2624,-0.8702409464784621,-1.1551787736073555
2625,-0.015113308357824713,0.9385739058961945
2626,-1.0331224013585834,1.2376814315395588
2627,-0.055833672077855064,-0.15815368812947458
2628,1.1657772395230555,-0.6899004003843444
2629,-1.2774445836787656,0.17418800702981907
2630,1.5729808767233588,1.3041497705714176
2631,-1.2774445836787656,0.20742217654574843
2632,-1.1960038562387048,0.8721055668643357
2633,-1.1552834925186746,0.44006136315725397
2634,-0.21871512695797646,0.7059347192846889
2635,-1.1960038562387048,1.0050422449280532
2636,-1.2774445836787656,-1.4875204687666492
2637,1.6137012404433893,0.8388713973484064
2638,1.1657772395230555,-0.4572612137728389
2639,1.4508197855632678,1.5035547876669937
2640,-1.2367242199587352,-1.45428629925072
2641,-0.9516816739185228,-1.4875204687666492
2642,-0.055833672077855064,-1.4875204687666492
2643,-1.1960038562387048,0.3071246850935365
2644,0.10704778280226633,1.5035547876669937
2645,-0.7073594915983407,-1.4875204687666492
2646,-1.2774445836787656,0.805637227832477
2647,0.3920903288424788,1.3706181096032763
2648,-1.2774445836787656,-0.6566662308684151
2649,1.5729808767233588,1.0382764144439827
2650,0.7178532386027215,-1.4875204687666492
2651,0.9214550572028734,-1.288115451671073
2652,0.5956921474426305,0.3071246850935365
2653,-0.21871512695797646,-1.4875204687666492
2654,-0.30015585439803716,-1.4875204687666492
2655,0.14776814652229667,1.1379789229917707
2656,-0.9516816739185228,0.8388713973484064
2657,0.5142514200025698,1.2376814315395588
2658,1.247217966963116,0.5065297021891128
2659,-0.9924020376385531,0.1409538375138897
2660,1.6137012404433893,0.0412513289661016
2661,-0.62591876415828,0.5397638717050421
2662,0.758573602322752,0.44006136315725397
2663,-0.9924020376385531,-1.45428629925072
2664,-1.1960038562387048,-1.4875204687666492
2665,1.5729808767233588,-1.3545837907029317
2666,1.3286586944031769,0.9385739058961945
2667,1.6137012404433893,1.437086448635135
2668,1.6137012404433893,0.008017159450172232
2669,1.4915401492832983,1.5035547876669937
2670,1.2064976032430856,-0.6899004003843444
2671,0.880734693482843,1.7029598047625698
2672,-1.1960038562387048,-1.5207546382825785
2673,-0.38159658183809786,-0.15815368812947458
2674,0.10704778280226633,-1.45428629925072
2675,0.7992939660427822,-0.49049538328876824
2676,-1.2367242199587352,0.8721055668643357
2677,1.2879383306831464,-1.4875204687666492
2678,-1.2774445836787656,-1.3545837907029317
2679,1.125056875803025,0.3071246850935365
2680,-1.1960038562387048,-0.9890079260277087
2681,1.6137012404433893,1.3373839400873468
2682,-1.1960038562387048,0.7059347192846889
2683,0.06632741908223598,-1.3213496211870024
2684,0.43281069256250915,0.3403588546094659
2685,1.369379058123207,1.270915601055488
2686,-0.9109613101984924,-1.3213496211870024
2687,0.10704778280226633,1.2376814315395588
2688,-1.2774445836787656,-1.4875204687666492
2689,-0.13727439951791576,-0.5237295528046976
2690,0.7178532386027215,0.17418800702981907
2691,-1.2774445836787656,0.3403588546094659
2692,-0.38159658183809786,0.008017159450172232
2693,-0.7888002190384014,0.3071246850935365
2694,1.4508197855632678,-0.3575587052250508
2695,-0.7073594915983407,-1.4875204687666492
2696,0.47353105628253944,0.20742217654574843
2697,0.3106496014024181,0.6394663802528302
2698,0.6364125111626608,-1.3545837907029317
2699,-1.2774445836787656,0.37359302412539525
2700,0.8400143297628127,-0.3575587052250508
2701,-0.5444780367182193,-0.6566662308684151
2702,-1.2774445836787656,-0.6899004003843444
2703,0.26992923768238775,0.5729980412209714
2704,0.43281069256250915,1.3041497705714176
2705,-1.1552834925186746,0.7391688888006183
2706,1.5729808767233588,0.5397638717050421
2707,0.5956921474426305,0.6727005497687596
2708,-0.13727439951791576,0.20742217654574843
2709,1.0436161483629645,-0.6566662308684151
2710,-0.7073594915983407,-0.5237295528046976
2711,1.6137012404433893,0.6394663802528302
2712,0.43281069256250915,-0.29109036619319206
2713,-0.30015585439803716,1.1047447534758412
2714,-1.2367242199587352,-1.4875204687666492
2715,-1.1145631287986442,-0.6899004003843444
2716,-0.7073594915983407,-0.15815368812947458
2717,-0.8702409464784621,-1.4875204687666492
2718,0.18848851024232702,-1.288115451671073
2719,-0.8702409464784621,1.2044472620236295
2720,-0.62591876415828,0.3403588546094659
2721,1.2064976032430856,1.1047447534758412
2722,-0.21871512695797646,-0.5237295528046976
2723,-0.30015585439803716,-1.4875204687666492
2724,0.7178532386027215,-1.4875204687666492
2725,1.4915401492832983,1.1379789229917707
2726,-0.1779947632379461,-1.288115451671073
2727,0.10704778280226633,-1.4875204687666492
2728,-0.13727439951791576,-1.5207546382825785
2729,1.3286586944031769,1.270915601055488
2730,0.10704778280226633,-1.4875204687666492
2731,0.758573602322752,-1.4875204687666492
2732,-1.1552834925186746,-0.6234320613524857
2733,1.3286586944031769,0.6394663802528302
2734,-0.38159658183809786,1.1712130925077
2735,0.22920887396235737,0.5065297021891128
2736,0.43281069256250915,0.6727005497687596
2737,-0.8295205827584317,-1.3213496211870024
2738,1.3286586944031769,1.1712130925077
2739,-0.748079855318371,1.0382764144439827
2740,-0.5037576729981889,0.6727005497687596
2741,0.9621754209229036,-0.12491951861354524
2742,0.3920903288424788,-1.3213496211870024
2743,-0.8702409464784621,0.2738905155776072
2744,-1.2367242199587352,0.5729980412209714
2745,-1.1960038562387048,-1.4875204687666492
2746,-1.2774445836787656,0.1409538375138897
2747,-0.8702409464784621,-1.4875204687666492
2748,-1.1960038562387048,0.008017159450172232
2749,-1.2774445836787656,-1.4875204687666492
2750,1.4508197855632678,-1.4875204687666492
2751,0.8400143297628127,-1.4875204687666492
2752,1.125056875803025,1.2044472620236295
2753,1.369379058123207,0.805637227832477
2754,-0.1779947632379461,-0.19138785764540397
2755,-1.1145631287986442,0.17418800702981907
2756,-0.3408762181180675,-0.8560712479639913
2757,0.5142514200025698,-0.3575587052250508
2758,-1.0738427650786138,0.9718080754121239
2759,1.2879383306831464,0.5065297021891128
2760,1.0436161483629645,0.9385739058961945
2761,-1.1145631287986442,0.6062322107369008
2762,-0.055833672077855064,-0.19138785764540397
2763,0.10704778280226633,1.1712130925077
2764,-1.1145631287986442,-1.4875204687666492
2765,-0.6666391278783103,0.17418800702981907
2766,1.6137012404433893,1.3706181096032763
2767,1.125056875803025,0.9718080754121239
2768,1.4100994218432374,-1.288115451671073
2769,1.6137012404433893,0.8388713973484064
2770,0.7178532386027215,-1.4875204687666492
2771,-0.9109613101984924,-1.3545837907029317
2772,-1.1552834925186746,1.1047447534758412
2773,-1.1552834925186746,0.3403588546094659
2774,-0.38159658183809786,0.7391688888006183
2775,-1.0738427650786138,0.5065297021891128
2776,-0.8295205827584317,0.3403588546094659
2777,-0.9109613101984924,-1.45428629925072
2778,-0.8295205827584317,0.6727005497687596
2779,-0.4223169455581282,0.10771966799796033
2780,0.5956921474426305,0.3403588546094659
2781,-0.3408762181180675,1.1379789229917707
2782,0.06632741908223598,-0.025217010065757134
2783,-0.9516816739185228,-1.45428629925072
2784,-0.1779947632379461,0.3403588546094659
2785,1.4915401492832983,-0.025217010065757134
2786,0.26992923768238775,-0.4572612137728389
2787,-0.21871512695797646,1.5035547876669937
2788,-1.2367242199587352,-1.4875204687666492
2789,-1.2774445836787656,-1.5207546382825785
2790,1.3286586944031769,0.8388713973484064
2791,-0.1779947632379461,-0.3575587052250508
2792,-0.8295205827584317,0.6394663802528302
2793,-1.2774445836787656,0.17418800702981907
2794,-0.21871512695797646,0.5065297021891128
2795,1.369379058123207,-1.3213496211870024
2796,1.6137012404433893,-0.15815368812947458
2797,1.0436161483629645,0.8388713973484064
2798,-1.0331224013585834,1.1712130925077
2799,-0.62591876415828,0.9718080754121239
2800,1.5322605130033284,-1.3213496211870024
2801,-1.2774445836787656,-0.6234320613524857
2802,1.2879383306831464,-1.3213496211870024
2803,0.9214550572028734,0.44006136315725397
2804,0.758573602322752,0.5065297021891128
2805,-1.1145631287986442,0.6727005497687596
2806,0.43281069256250915,1.6697256352466405
2807,0.8400143297628127,1.2376814315395588
2808,1.247217966963116,-1.4875204687666492
2809,-0.21871512695797646,-1.4875204687666492
2810,-0.4223169455581282,0.17418800702981907
2811,-1.0738427650786138,0.6727005497687596
2812,-0.055833672077855064,0.805637227832477
2813,1.2879383306831464,0.5397638717050421
2814,1.5729808767233588,-1.45428629925072
2815,1.4508197855632678,-0.3575587052250508
2816,-1.2774445836787656,-0.3575587052250508
2817,1.2879383306831464,1.3041497705714176
2818,-1.2367242199587352,0.17418800702981907
2819,-1.2774445836787656,-0.6899004003843444
2820,-0.1779947632379461,-0.025217010065757134
2821,-1.2367242199587352,-1.4875204687666492
2822,1.6137012404433893,0.8388713973484064
2823,-0.1779947632379461,0.8721055668643357
2824,0.9214550572028734,1.2044472620236295
2825,1.3286586944031769,0.20742217654574843
2826,0.06632741908223598,1.4703206181510644
2827,0.8400143297628127,-0.15815368812947458
2828,0.18848851024232702,-1.4875204687666492
2829,-0.7073594915983407,0.7059347192846889
2830,1.5729808767233588,0.6062322107369008
2831,-1.0331224013585834,0.3071246850935365
2832,1.4100994218432374,1.536788957182923
2833,0.7992939660427822,1.0382764144439827
2834,1.4915401492832983,1.4703206181510644
2835,-0.3408762181180675,0.3403588546094659
2836,-1.0331224013585834,0.44006136315725397
2837,0.26992923768238775,-1.3213496211870024
2838,0.7178532386027215,-1.45428629925072
2839,1.5729808767233588,1.1379789229917707
2840,-0.7888002190384014,-1.4875204687666492
2841,-1.2774445836787656,-1.5207546382825785
2842,-0.13727439951791576,0.9718080754121239
2843,-0.21871512695797646,0.6394663802528302
2844,0.6364125111626608,-0.29109036619319206
2845,-1.0738427650786138,0.8721055668643357
2846,1.0843365120829946,0.40682719364132464
2847,-0.0965540357978854,1.3706181096032763
2848,-0.015113308357824713,-1.45428629925072
2849,-1.1960038562387048,0.9053397363802651
2850,-1.1145631287986442,-0.29109036619319206
2851,1.5322605130033284,0.805637227832477
2852,-1.2774445836787656,0.17418800702981907
2853,0.880734693482843,0.8721055668643357
2854,1.6137012404433893,1.3706181096032763
2855,1.369379058123207,0.0412513289661016
2856,-0.9516816739185228,-0.22462202716133334
2857,0.35136996512244845,0.44006136315725397
2858,1.5729808767233588,0.6062322107369008
2859,1.6137012404433893,1.536788957182923
2860,1.6137012404433893,1.5035547876669937
2861,-0.8295205827584317,0.6394663802528302
2862,0.9214550572028734,-0.025217010065757134
2863,1.6137012404433893,1.3041497705714176
2864,1.3286586944031769,1.4703206181510644
2865,-1.0738427650786138,0.5065297021891128
2866,-1.1552834925186746,0.20742217654574843
2867,1.2064976032430856,1.2376814315395588
2868,1.4100994218432374,-1.3213496211870024
2869,-0.9924020376385531,0.9718080754121239
2870,1.6137012404433893,-1.45428629925072
2871,1.369379058123207,-0.6234320613524857
2872,-0.9109613101984924,0.2406563460616778
2873,0.43281069256250915,1.5035547876669937
2874,-0.4223169455581282,-0.12491951861354524
2875,-0.8295205827584317,0.5397638717050421
2876,-0.9109613101984924,-0.6234320613524857
2877,-0.21871512695797646,-0.5237295528046976
2878,-0.9924020376385531,-1.4875204687666492
2879,-0.8295205827584317,-1.4875204687666492
2880,1.5729808767233588,-0.3575587052250508
2881,0.7178532386027215,1.3706181096032763
2882,1.5322605130033284,1.437086448635135
2883,-1.0331224013585834,-0.6566662308684151
2884,0.5549717837226001,1.2044472620236295
2885,-1.0738427650786138,-0.5237295528046976
2886,-1.0738427650786138,0.805637227832477
2887,0.5956921474426305,-1.2548812821551436
2888,0.14776814652229667,0.9718080754121239
2889,-0.9924020376385531,1.0050422449280532
2890,0.3106496014024181,-0.15815368812947458
2891,1.1657772395230555,1.3041497705714176
2892,1.6137012404433893,1.1047447534758412
2893,0.26992923768238775,1.1379789229917707
2894,-0.9924020376385531,-1.4875204687666492
2895,-1.2774445836787656,0.805637227832477
2896,0.025607055362205634,-0.15815368812947458
2897,-0.055833672077855064,0.7391688888006183
2898,-0.9516816739185228,0.805637227832477
2899,1.5322605130033284,-1.4875204687666492
2900,0.9214550572028734,-1.4875204687666492
2901,-1.1552834925186746,-1.5207546382825785
2902,0.6364125111626608,0.47329553267318336
2903,1.1657772395230555,-1.4875204687666492
2904,-1.2367242199587352,0.1409538375138897
2905,-1.0738427650786138,-0.4572612137728389
2906,-1.1960038562387048,-1.1551787736073555
2907,-0.4223169455581282,-0.6899004003843444
2908,0.025607055362205634,0.5065297021891128
2909,-0.8295205827584317,1.1712130925077
2910,1.6137012404433893,1.6697256352466405
2911,1.0436161483629645,0.008017159450172232
2912,1.0843365120829946,0.7059347192846889
2913,0.06632741908223598,0.40682719364132464
2914,0.7992939660427822,-1.3213496211870024
2915,-0.9109613101984924,-0.6234320613524857
2916,-0.6666391278783103,-0.19138785764540397
2917,1.0436161483629645,1.4703206181510644
2918,-0.9109613101984924,1.0050422449280532
2919,-1.1960038562387048,0.8388713973484064
2920,1.4915401492832983,-1.4875204687666492
2921,-0.7888002190384014,-1.1219446040914263
2922,-0.30015585439803716,0.805637227832477
2923,-1.2774445836787656,-1.4875204687666492
2924,-1.2774445836787656,-0.09168534909761586
2925,1.4508197855632678,1.2376814315395588
2926,-1.2774445836787656,0.8721055668643357
2927,-0.9924020376385531,1.2044472620236295
2928,-1.2774445836787656,-1.3213496211870024
2929,0.5549717837226001,-0.3907928747409802
2930,0.5142514200025698,1.3041497705714176
2931,-0.9924020376385531,1.270915601055488
2932,-1.1145631287986442,1.0050422449280532
2933,-0.4223169455581282,0.9385739058961945
2934,1.0436161483629645,1.0050422449280532
2935,0.758573602322752,-0.49049538328876824
2936,0.26992923768238775,-0.5237295528046976
2937,-0.2594354906780068,-1.288115451671073
2938,0.8400143297628127,0.6727005497687596
2939,-1.2774445836787656,0.5065297021891128
2940,-1.2774445836787656,-1.1551787736073555
2941,-0.5851984004382496,0.7059347192846889
2942,0.5549717837226001,-1.4875204687666492
2943,-1.1960038562387048,0.47329553267318336
2944,-0.8295205827584317,-0.6566662308684151
2945,-0.748079855318371,-0.32432453570912145
2946,-1.1145631287986442,0.17418800702981907
2947,-0.1779947632379461,1.1712130925077
2948,1.0843365120829946,0.9718080754121239
2949,-0.9109613101984924,-0.6566662308684151
2950,-0.46303730927815856,0.5397638717050421
2951,-1.1145631287986442,-0.6234320613524857
2952,-0.9109613101984924,-1.288115451671073
2953,-1.1145631287986442,0.20742217654574843
2954,-0.9516816739185228,0.5065297021891128
2955,-0.8702409464784621,1.1047447534758412
2956,0.5956921474426305,0.3071246850935365
2957,-1.1960038562387048,-0.7896029089321326
2958,-1.2774445836787656,0.37359302412539525
2959,-0.38159658183809786,-0.7896029089321326
2960,-0.6666391278783103,0.9718080754121239
2961,-0.21871512695797646,0.5729980412209714
2962,1.4508197855632678,-1.288115451671073
2963,-1.2367242199587352,-0.4572612137728389
2964,-1.1145631287986442,-1.4875204687666492
2965,1.4100994218432374,0.37359302412539525
2966,0.7992939660427822,-0.22462202716133334
2967,-0.13727439951791576,0.7059347192846889
2968,-1.2774445836787656,0.17418800702981907
2969,-1.1552834925186746,0.17418800702981907
2970,1.4915401492832983,0.6727005497687596
2971,-0.6666391278783103,-0.8560712479639913
2972,-0.3408762181180675,0.9385739058961945
2973,0.3920903288424788,1.3041497705714176
2974,1.125056875803025,-0.4572612137728389
2975,-0.9109613101984924,1.0050422449280532
2976,-0.9516816739185228,-0.15815368812947458
2977,-0.3408762181180675,0.1409538375138897
2978,-0.5851984004382496,-1.4875204687666492
2979,1.6137012404433893,1.7029598047625698
2980,1.2879383306831464,0.7391688888006183
2981,-1.2367242199587352,-1.5207546382825785
2982,1.4508197855632678,0.8721055668643357
2983,-1.2774445836787656,1.2376814315395588
2984,1.0843365120829946,-1.4875204687666492
2985,0.7178532386027215,1.1047447534758412
2986,1.6137012404433893,1.5035547876669937
2987,1.002895784642934,1.0050422449280532
2988,-0.5851984004382496,-1.4875204687666492
2989,1.2064976032430856,1.6697256352466405
2990,-0.3408762181180675,-1.4875204687666492
2991,0.18848851024232702,-0.8228370784480619
2992,-1.1145631287986442,0.7059347192846889
2993,-1.1960038562387048,0.17418800702981907
2994,-0.13727439951791576,0.3403588546094659
2995,-0.055833672077855064,-0.5237295528046976
2996,-0.3408762181180675,-1.45428629925072
2997,-0.5851984004382496,0.3403588546094659
2998,-0.62591876415828,0.9053397363802651
2999,1.4915401492832983,0.07448549848203097
3000,0.6364125111626608,-1.4875204687666492
3001,0.880734693482843,-1.4875204687666492
3002,-0.7888002190384014,0.47329553267318336
3003,-0.4223169455581282,0.6727005497687596
3004,-0.5851984004382496,-1.3213496211870024
3005,-0.6666391278783103,0.8721055668643357
3006,-1.1145631287986442,0.5397638717050421
3007,0.8400143297628127,-1.4875204687666492
3008,0.47353105628253944,0.3071246850935365
3009,0.47353105628253944,1.2044472620236295
3010,1.5322605130033284,0.8388713973484064
3011,-1.0738427650786138,1.3373839400873468
3012,0.025607055362205634,-0.4572612137728389
3013,-0.8702409464784621,-1.4875204687666492
3014,1.6137012404433893,-1.3545837907029317
3015,-0.9516816739185228,0.5065297021891128
3016,1.247217966963116,-0.9557737565117794
3017,-1.1960038562387048,-1.45428629925072
3018,1.369379058123207,1.3706181096032763
3019,1.369379058123207,-0.09168534909761586
3020,-1.2774445836787656,0.20742217654574843
3021,-0.0965540357978854,0.9718080754121239
3022,-0.7888002190384014,0.17418800702981907
3023,1.6137012404433893,0.5065297021891128
3024,-0.9924020376385531,-0.29109036619319206
3025,-0.1779947632379461,1.3706181096032763
3026,1.3286586944031769,1.3373839400873468
3027,-0.8702409464784621,0.6062322107369008
3028,-0.2594354906780068,-1.5207546382825785
3029,1.0843365120829946,-0.49049538328876824
3030,1.4100994218432374,-1.5207546382825785
3031,1.5729808767233588,-1.4875204687666492
3032,1.002895784642934,0.20742217654574843
3033,1.5729808767233588,-0.5901978918365564
3034,1.002895784642934,-1.45428629925072
3035,1.6137012404433893,-1.288115451671073
3036,-1.2774445836787656,0.3403588546094659
3037,-0.7073594915983407,1.0382764144439827
3038,-1.1552834925186746,0.5065297021891128
3039,-0.38159658183809786,-0.6566662308684151
3040,1.5729808767233588,1.4038522791192056
3041,0.5142514200025698,0.5397638717050421
3042,1.2879383306831464,1.437086448635135
3043,-0.5037576729981889,-0.19138785764540397
3044,-0.055833672077855064,0.5065297021891128
3045,-1.1960038562387048,1.0050422449280532
3046,-0.5037576729981889,-1.45428629925072
3047,1.002895784642934,1.1047447534758412
3048,-0.9924020376385531,-1.188412943123285
3049,0.025607055362205634,-1.5207546382825785
3050,1.4100994218432374,-0.3575587052250508
3051,1.5729808767233588,0.5729980412209714
3052,1.0843365120829946,0.008017159450172232
3053,-1.2774445836787656,-1.4875204687666492
3054,1.002895784642934,0.3403588546094659
3055,-1.2774445836787656,-0.19138785764540397
3056,-0.9516816739185228,1.1379789229917707
3057,-1.1552834925186746,-1.4875204687666492
3058,1.6137012404433893,0.805637227832477
3059,1.2064976032430856,1.3706181096032763
3060,-1.1145631287986442,0.5065297021891128
3061,-0.4223169455581282,1.0050422449280532
3062,0.10704778280226633,-1.3213496211870024
3063,-0.8295205827584317,0.5065297021891128
3064,-0.1779947632379461,-1.4875204687666492
3065,-1.2774445836787656,-1.4875204687666492
3066,1.4100994218432374,1.3041497705714176
3067,1.6137012404433893,1.1047447534758412
3068,0.22920887396235737,1.536788957182923
3069,-0.748079855318371,-0.5237295528046976
3070,0.5956921474426305,0.7391688888006183
3071,1.247217966963116,-1.3213496211870024
3072,0.18848851024232702,-1.188412943123285
3073,-1.2774445836787656,0.3071246850935365
3074,0.18848851024232702,-1.4875204687666492
3075,-0.9516816739185228,-0.7896029089321326
3076,1.125056875803025,-0.15815368812947458
3077,1.002895784642934,0.7724030583165477
3078,0.35136996512244845,-0.6566662308684151
3079,0.7178532386027215,0.20742217654574843
3080,-1.1552834925186746,-0.4572612137728389
3081,-0.9516816739185228,0.47329553267318336
3082,0.14776814652229667,1.0050422449280532
3083,-1.2367242199587352,-1.3545837907029317
3084,1.3286586944031769,1.0050422449280532
3085,0.14776814652229667,0.7059347192846889
3086,-1.1145631287986442,-1.4875204687666492
3087,1.5729808767233588,1.437086448635135
3088,-1.1960038562387048,-1.288115451671073
3089,0.9214550572028734,-1.4875204687666492
3090,-1.1145631287986442,-0.5901978918365564
3091,-1.2774445836787656,-0.3575587052250508
3092,1.4508197855632678,0.5065297021891128
3093,0.22920887396235737,0.6394663802528302
3094,-0.6666391278783103,-0.3575587052250508
3095,1.4100994218432374,0.2406563460616778
3096,1.6137012404433893,1.7361939742784993
3097,-0.46303730927815856,0.1409538375138897
3098,-1.1552834925186746,-1.5207546382825785
3099,-1.1960038562387048,-1.188412943123285
3100,1.4915401492832983,1.1379789229917707
3101,-1.2367242199587352,0.9718080754121239
3102,1.5322605130033284,1.1047447534758412
3103,-1.2774445836787656,-1.45428629925072
3104,-1.2367242199587352,-1.4875204687666492
3105,-0.8702409464784621,0.8721055668643357
3106,-0.7888002190384014,1.071510583959912
3107,1.125056875803025,-1.4875204687666492
3108,-0.5037576729981889,0.3071246850935365
3109,0.18848851024232702,-0.9557737565117794
3110,-0.0965540357978854,-1.45428629925072
3111,1.125056875803025,1.3041497705714176
3112,0.10704778280226633,0.17418800702981907
3113,0.7178532386027215,1.0382764144439827
3114,1.5729808767233588,1.0382764144439827
3115,-0.9924020376385531,0.3071246850935365
3116,0.22920887396235737,-1.3545837907029317
3117,1.6137012404433893,-1.4875204687666492
3118,0.3920903288424788,1.0382764144439827
3119,1.002895784642934,1.0050422449280532
3120,1.125056875803025,1.536788957182923
3121,1.5729808767233588,-1.3213496211870024
3122,-0.8702409464784621,-1.3878179602188612
3123,0.3106496014024181,-0.4572612137728389
3124,0.3920903288424788,0.6394663802528302
3125,-1.2774445836787656,-0.6899004003843444
3126,0.5956921474426305,0.8388713973484064
3127,0.7178532386027215,0.37359302412539525
3128,-0.9109613101984924,-0.3575587052250508
3129,1.6137012404433893,0.6727005497687596
3130,1.6137012404433893,1.1379789229917707
3131,1.125056875803025,0.8388713973484064
3132,-1.1960038562387048,0.3403588546094659
3133,-1.2367242199587352,0.5065297021891128
3134,-1.2774445836787656,0.5065297021891128
3135,-0.8702409464784621,0.805637227832477
3136,0.6771328748826912,1.1047447534758412
3137,1.5322605130033284,1.6364914657307112
3138,-1.2367242199587352,0.20742217654574843
3139,-0.6666391278783103,1.1379789229917707
3140,-0.9109613101984924,1.1712130925077
3141,0.9621754209229036,0.1409538375138897
3142,0.6364125111626608,1.3041497705714176
3143,1.6137012404433893,-1.3213496211870024
3144,-1.2774445836787656,-1.45428629925072
3145,-0.13727439951791576,-1.4875204687666492
3146,-0.30015585439803716,-1.3213496211870024
3147,1.4508197855632678,-0.3575587052250508
3148,-1.2367242199587352,0.17418800702981907
3149,0.3920903288424788,0.44006136315725397
3150,-1.0738427650786138,-1.4875204687666492
3151,-0.5851984004382496,1.2044472620236295
3152,-0.9109613101984924,0.17418800702981907
3153,1.6137012404433893,1.3041497705714176
3154,1.247217966963116,1.3373839400873468
3155,-0.21871512695797646,0.44006136315725397
3156,0.10704778280226633,-1.3213496211870024
3157,-0.5851984004382496,0.8388713973484064
3158,-0.8702409464784621,0.3071246850935365
3159,0.47353105628253944,-1.45428629925072
3160,-0.5444780367182193,-0.12491951861354524
3161,1.6137012404433893,0.9385739058961945
3162,-0.5851984004382496,-0.49049538328876824
3163,-0.5851984004382496,-0.49049538328876824
3164,1.5729808767233588,-0.12491951861354524
3165,-0.0965540357978854,-0.32432453570912145
3166,-0.1779947632379461,-0.15815368812947458
3167,0.18848851024232702,0.47329553267318336
3168,-0.5851984004382496,-1.4875204687666492
3169,-0.055833672077855064,0.5397638717050421
3170,-1.1145631287986442,-0.29109036619319206
3171,-0.0965540357978854,0.44006136315725397
3172,0.6771328748826912,0.2406563460616778
3173,-0.8295205827584317,-0.6566662308684151
3174,-1.2774445836787656,0.44006136315725397
3175,-1.1552834925186746,0.8388713973484064
3176,-1.1960038562387048,-1.45428629925072
3177,-1.1960038562387048,0.47329553267318336
3178,0.18848851024232702,0.0412513289661016
3179,-0.38159658183809786,0.0412513289661016
3180,-0.38159658183809786,0.47329553267318336
3181,0.5142514200025698,1.1712130925077
3182,-0.4223169455581282,-1.4875204687666492
3183,-0.3408762181180675,1.1712130925077
3184,0.6364125111626608,-1.4875204687666492
3185,-1.1960038562387048,-0.29109036619319206
3186,-0.9924020376385531,0.7391688888006183
3187,0.47353105628253944,-0.3575587052250508
3188,0.9621754209229036,0.8721055668643357
3189,-1.2774445836787656,-1.45428629925072
3190,0.8400143297628127,0.9385739058961945
3191,1.0843365120829946,-1.5207546382825785
3192,-0.7073594915983407,-0.5237295528046976
3193,0.6771328748826912,0.8388713973484064
3194,0.26992923768238775,-0.29109036619319206
3195,0.47353105628253944,0.805637227832477
3196,-1.1960038562387048,-0.3907928747409802
3197,-0.6666391278783103,0.3071246850935365
3198,-1.1145631287986442,0.0412513289661016
3199,0.18848851024232702,1.1712130925077
3200,-0.9516816739185228,-0.4572612137728389
3201,0.10704778280226633,-1.4875204687666492
3202,-1.0331224013585834,0.7059347192846889
3203,-1.2774445836787656,-1.4875204687666492
3204,-0.13727439951791576,-1.3213496211870024
3205,0.758573602322752,1.0050422449280532
3206,1.0436161483629645,0.17418800702981907
3207,1.6137012404433893,1.437086448635135
3208,-1.1552834925186746,-0.8560712479639913
3209,1.2879383306831464,1.536788957182923
3210,1.4508197855632678,0.5065297021891128
3211,1.2064976032430856,1.0382764144439827
3212,0.18848851024232702,0.9385739058961945
3213,0.43281069256250915,-1.4875204687666492
3214,1.3286586944031769,0.9053397363802651
3215,-1.2774445836787656,-0.12491951861354524
3216,-0.21871512695797646,0.0412513289661016
3217,1.002895784642934,-1.4875204687666492
3218,-1.2774445836787656,-1.45428629925072
3219,0.43281069256250915,-0.8228370784480619
3220,0.6364125111626608,1.5700231266988525
3221,0.35136996512244845,1.536788957182923
3222,1.4508197855632678,0.8388713973484064
3223,-0.7073594915983407,-0.5237295528046976
3224,-0.9924020376385531,0.9718080754121239
3225,-1.1960038562387048,-1.3213496211870024
3226,0.9214550572028734,0.8388713973484064
3227,-1.2774445836787656,-1.4875204687666492
3228,-0.6666391278783103,0.2406563460616778
3229,0.26992923768238775,0.5065297021891128
3230,-0.9109613101984924,1.0050422449280532
3231,0.5549717837226001,1.4703206181510644
3232,-0.8295205827584317,-0.29109036619319206
3233,0.35136996512244845,-1.45428629925072
3234,1.3286586944031769,1.4703206181510644
3235,-0.46303730927815856,0.47329553267318336
3236,-1.1552834925186746,1.1712130925077
3237,1.6137012404433893,0.8388713973484064
3238,0.5956921474426305,-1.3213496211870024
3239,0.43281069256250915,0.6394663802528302
3240,1.6137012404433893,1.6032572962147817
3241,1.4100994218432374,1.536788957182923
3242,-1.0738427650786138,0.805637227832477
3243,1.125056875803025,0.17418800702981907
3244,0.3106496014024181,1.1047447534758412
3245,1.369379058123207,0.8721055668643357
3246,0.7992939660427822,-0.5237295528046976
3247,-1.2774445836787656,0.9718080754121239
3248,1.0436161483629645,0.9385739058961945
3249,1.6137012404433893,-0.025217010065757134
3250,0.10704778280226633,1.0050422449280532
3251,1.6137012404433893,-1.4875204687666492
3252,0.758573602322752,0.1409538375138897
3253,1.4915401492832983,-1.5207546382825785
3254,1.4915401492832983,1.1712130925077
3255,-0.8702409464784621,-1.4875204687666492
3256,-1.2774445836787656,-1.3545837907029317
3257,-1.1960038562387048,1.3373839400873468
3258,0.18848851024232702,1.1379789229917707
3259,-1.1552834925186746,-1.3213496211870024
3260,1.4100994218432374,1.0050422449280532
3261,-0.30015585439803716,0.7059347192846889
3262,1.6137012404433893,0.9053397363802651
3263,-0.9924020376385531,-0.4572612137728389
3264,-0.9109613101984924,0.5065297021891128
3265,-1.0738427650786138,-1.4875204687666492
3266,0.7992939660427822,0.5397638717050421
3267,1.5322605130033284,-1.3213496211870024
3268,1.5322605130033284,0.9053397363802651
3269,1.0436161483629645,-1.3213496211870024
3270,1.5322605130033284,0.40682719364132464
3271,1.6137012404433893,-1.4875204687666492
3272,1.369379058123207,-0.5237295528046976
3273,-0.6666391278783103,-0.9557737565117794
3274,0.10704778280226633,-0.19138785764540397
3275,1.3286586944031769,1.0050422449280532
3276,-1.2367242199587352,-0.6899004003843444
3277,-0.0965540357978854,-0.5237295528046976
3278,-0.748079855318371,0.8388713973484064
3279,-1.0331224013585834,-1.4875204687666492
3280,-1.2367242199587352,0.47329553267318336
3281,1.369379058123207,0.6727005497687596
3282,-1.1960038562387048,-1.45428629925072
3283,-1.2774445836787656,-1.4875204687666492
3284,1.4508197855632678,-0.025217010065757134
3285,-0.9109613101984924,0.7059347192846889
3286,0.6771328748826912,1.1712130925077
3287,-0.38159658183809786,-1.4875204687666492
3288,-0.7888002190384014,1.071510583959912
3289,1.3286586944031769,-1.4875204687666492
3290,-0.1779947632379461,-0.9557737565117794
3291,-1.2367242199587352,0.8388713973484064
3292,-0.9516816739185228,0.37359302412539525
3293,0.880734693482843,1.5035547876669937
3294,-0.30015585439803716,-0.09168534909761586
3295,-0.5444780367182193,-1.4875204687666492
3296,1.5729808767233588,0.6727005497687596
3297,0.14776814652229667,-1.4875204687666492
3298,-0.6666391278783103,-1.4875204687666492
3299,-0.30015585439803716,-1.3213496211870024
3300,1.0843365120829946,0.5397638717050421
3301,1.5729808767233588,-1.3545837907029317
3302,0.5549717837226001,1.0050422449280532
3303,-0.6666391278783103,0.10771966799796033
3304,0.6771328748826912,1.0382764144439827
3305,-0.3408762181180675,0.6727005497687596
3306,-1.2367242199587352,-0.7231345699002738
3307,1.0436161483629645,0.07448549848203097
3308,-1.2774445836787656,0.805637227832477
3309,0.5142514200025698,0.7059347192846889
3310,-1.2774445836787656,-0.49049538328876824
3311,-0.9924020376385531,-0.7231345699002738
3312,-0.4223169455581282,0.8388713973484064
3313,1.369379058123207,1.7029598047625698
3314,-0.9924020376385531,0.3071246850935365
3315,1.6137012404433893,1.3706181096032763
3316,0.5956921474426305,-0.025217010065757134
3317,-1.1552834925186746,0.2406563460616778
3318,-0.13727439951791576,0.47329553267318336
3319,1.6137012404433893,1.7029598047625698
3320,-0.6666391278783103,0.6727005497687596
3321,-1.2367242199587352,0.5065297021891128
3322,-1.2774445836787656,-1.4875204687666492
3323,1.4508197855632678,0.20742217654574843
3324,0.025607055362205634,-1.3213496211870024
3325,1.1657772395230555,-1.5207546382825785
3326,-0.38159658183809786,0.47329553267318336
3327,-0.5444780367182193,-0.5237295528046976
3328,-0.7888002190384014,-0.7896029089321326
3329,-0.46303730927815856,0.7059347192846889
3330,1.2064976032430856,1.3373839400873468
3331,-0.13727439951791576,-1.3213496211870024
3332,1.5322605130033284,1.3373839400873468
3333,0.22920887396235737,1.2044472620236295
3334,-0.055833672077855064,0.3071246850935365
3335,-1.2774445836787656,0.17418800702981907
3336,-1.2774445836787656,-0.6899004003843444
3337,1.5729808767233588,0.0412513289661016
3338,-1.1552834925186746,-1.4875204687666492
3339,-1.2367242199587352,0.5397638717050421
3340,-1.1552834925186746,-0.025217010065757134
3341,1.4915401492832983,1.1379789229917707
3342,1.2879383306831464,0.5397638717050421
3343,1.125056875803025,0.47329553267318336
3344,-1.2774445836787656,0.17418800702981907
3345,1.247217966963116,1.3373839400873468
3346,0.10704778280226633,-1.5207546382825785
3347,-0.62591876415828,0.37359302412539525
3348,1.247217966963116,1.071510583959912
3349,-0.5444780367182193,0.0412513289661016
3350,-0.46303730927815856,1.536788957182923
3351,1.002895784642934,1.0050422449280532
3352,-0.9924020376385531,-0.49049538328876824
3353,-1.0738427650786138,-1.45428629925072
3354,1.369379058123207,-0.12491951861354524
3355,1.247217966963116,0.37359302412539525
3356,-0.1779947632379461,0.9053397363802651
3357,-0.38159658183809786,0.3403588546094659
3358,-0.13727439951791576,-1.4875204687666492
3359,-0.5851984004382496,0.5397638717050421
3360,0.8400143297628127,-0.6234320613524857
3361,-0.9109613101984924,0.17418800702981907
3362,0.26992923768238775,-0.49049538328876824
3363,-0.62591876415828,0.3403588546094659
3364,0.18848851024232702,0.8721055668643357
3365,0.025607055362205634,-1.4875204687666492
3366,-0.5444780367182193,0.805637227832477
3367,-1.0331224013585834,-0.12491951861354524
3368,-0.9516816739185228,0.2738905155776072
3369,1.0843365120829946,-0.025217010065757134
3370,0.9214550572028734,1.3041497705714176
3371,-1.1552834925186746,0.9718080754121239
3372,1.002895784642934,-1.45428629925072
3373,1.4508197855632678,1.6697256352466405
3374,1.2879383306831464,0.3071246850935365
3375,1.6137012404433893,1.270915601055488
3376,-0.9924020376385531,0.6394663802528302
3377,1.6137012404433893,1.7029598047625698
3378,-1.2774445836787656,-0.6234320613524857
3379,1.4915401492832983,1.0050422449280532
3380,0.9621754209229036,0.5065297021891128
3381,-0.9516816739185228,0.008017159450172232
3382,-1.2774445836787656,0.17418800702981907
3383,1.0843365120829946,0.5065297021891128
3384,-0.8295205827584317,0.5065297021891128
3385,-1.1552834925186746,0.6727005497687596
3386,-1.1960038562387048,0.17418800702981907
3387,-1.2774445836787656,-0.4572612137728389
3388,-0.13727439951791576,1.1379789229917707
3389,1.5729808767233588,0.6394663802528302
3390,-0.38159658183809786,-0.22462202716133334
3391,-1.0738427650786138,-1.288115451671073
3392,0.18848851024232702,-1.5207546382825785
3393,-0.3408762181180675,0.3071246850935365
3394,0.6771328748826912,1.2044472620236295
3395,-0.8702409464784621,1.0382764144439827
3396,0.47353105628253944,1.1712130925077
3397,-0.8702409464784621,-1.3213496211870024
3398,0.43281069256250915,-1.188412943123285
3399,-1.2774445836787656,-0.4572612137728389
3400,-0.38159658183809786,-1.3545837907029317
3401,-0.30015585439803716,0.17418800702981907
3402,-0.748079855318371,0.3403588546094659
3403,-0.9109613101984924,0.5065297021891128
3404,-0.21871512695797646,0.5397638717050421
3405,-1.1960038562387048,1.3373839400873468
3406,-0.9109613101984924,-1.288115451671073
3407,-1.1145631287986442,-0.6566662308684151
3408,0.6364125111626608,-1.288115451671073
3409,-1.0331224013585834,0.008017159450172232
3410,0.47353105628253944,-0.5237295528046976
3411,-1.2367242199587352,0.37359302412539525
3412,-1.1552834925186746,0.40682719364132464
3413,0.18848851024232702,1.1379789229917707
3414,-0.7888002190384014,-1.5207546382825785
3415,0.26992923768238775,-0.19138785764540397
3416,0.3920903288424788,-0.29109036619319206
3417,0.5549717837226001,1.3373839400873468
3418,-0.6666391278783103,-0.29109036619319206
3419,0.880734693482843,-0.6234320613524857
3420,0.025607055362205634,0.0412513289661016
3421,-0.4223169455581282,-0.4572612137728389
3422,0.10704778280226633,0.805637227832477
3423,-1.1552834925186746,-1.45428629925072
3424,-1.2774445836787656,-1.4875204687666492
3425,0.14776814652229667,-1.45428629925072
3426,-0.30015585439803716,-0.3575587052250508
3427,-1.1960038562387048,0.20742217654574843
3428,-0.4223169455581282,1.2044472620236295
3429,-0.6666391278783103,1.2044472620236295
3430,0.7178532386027215,1.4038522791192056
3431,-0.9109613101984924,-1.45428629925072
3432,-0.30015585439803716,0.3071246850935365
3433,-0.015113308357824713,1.0382764144439827
3434,1.247217966963116,-1.5207546382825785
3435,-1.1145631287986442,-0.5237295528046976
3436,0.47353105628253944,-1.1551787736073555
3437,-0.6666391278783103,1.0382764144439827
3438,-0.5037576729981889,-0.025217010065757134
3439,-0.0965540357978854,1.3706181096032763
3440,0.9214550572028734,-0.6566662308684151
3441,1.1657772395230555,0.008017159450172232
3442,-1.2774445836787656,-1.4875204687666492
3443,0.880734693482843,0.9718080754121239
3444,-0.9109613101984924,0.17418800702981907
3445,0.3106496014024181,-0.32432453570912145
3446,0.758573602322752,0.47329553267318336
3447,1.6137012404433893,1.3706181096032763
3448,1.2879383306831464,1.1379789229917707
3449,1.6137012404433893,-1.288115451671073
3450,0.8400143297628127,-1.4875204687666492
3451,-1.1960038562387048,-1.3213496211870024
3452,-1.2774445836787656,0.17418800702981907
3453,-0.7888002190384014,0.6394663802528302
3454,0.26992923768238775,-0.4572612137728389
3455,-0.9516816739185228,0.44006136315725397
3456,-0.4223169455581282,-1.3213496211870024
3457,0.880734693482843,1.1379789229917707
3458,-0.13727439951791576,-0.9557737565117794
3459,1.6137012404433893,1.7694281437944286
3460,1.6137012404433893,0.5065297021891128
3461,0.5956921474426305,1.5035547876669937
3462,-0.1779947632379461,-0.49049538328876824
3463,-1.1960038562387048,-1.1551787736073555
3464,0.7178532386027215,0.3403588546094659
3465,-1.2774445836787656,0.17418800702981907
3466,-1.2367242199587352,1.0050422449280532
3467,-1.2367242199587352,0.20742217654574843
3468,1.5322605130033284,1.5035547876669937
3469,0.758573602322752,0.7391688888006183
3470,1.3286586944031769,1.3041497705714176
3471,-1.2774445836787656,0.8721055668643357
3472,-0.7888002190384014,-1.1551787736073555
3473,-0.9109613101984924,1.1047447534758412
3474,0.9214550572028734,-1.4875204687666492
3475,-1.0331224013585834,0.20742217654574843
3476,-1.1960038562387048,-1.5207546382825785
3477,0.5549717837226001,-1.0222420955436382
3478,0.9621754209229036,0.37359302412539525
3479,1.1657772395230555,1.6697256352466405
3480,0.7992939660427822,0.9385739058961945
3481,0.35136996512244845,0.17418800702981907
3482,1.4508197855632678,-1.288115451671073
3483,0.35136996512244845,0.44006136315725397
3484,0.7178532386027215,0.17418800702981907
3485,1.5729808767233588,1.6697256352466405
3486,-0.4223169455581282,0.6062322107369008
3487,1.0843365120829946,-1.4875204687666492
3488,-1.0738427650786138,0.17418800702981907
3489,0.025607055362205634,-1.3545837907029317
3490,-0.62591876415828,-1.3545837907029317
3491,0.6771328748826912,-0.15815368812947458
3492,1.6137012404433893,0.5729980412209714
3493,-0.62591876415828,1.1712130925077
3494,-0.7073594915983407,0.008017159450172232
3495,-0.9924020376385531,-1.4875204687666492
3496,-0.4223169455581282,0.008017159450172232
3497,0.758573602322752,-1.3213496211870024
3498,0.43281069256250915,0.9053397363802651
3499,-1.1960038562387048,-1.3213496211870024
3500,0.6364125111626608,1.3041497705714176
3501,0.06632741908223598,-0.12491951861354524
3502,0.35136996512244845,1.5700231266988525
3503,1.4100994218432374,1.5700231266988525
3504,-0.5444780367182193,0.37359302412539525
3505,1.247217966963116,1.1712130925077
3506,-0.5851984004382496,0.6727005497687596
3507,-1.2774445836787656,-1.45428629925072
3508,-0.8702409464784621,0.9718080754121239
3509,-0.0965540357978854,0.8388713973484064
3510,-0.38159658183809786,0.3403588546094659
3511,0.7992939660427822,1.3373839400873468
3512,-0.7888002190384014,-1.4875204687666492
3513,0.880734693482843,-0.0584511795816865
3514,-1.2774445836787656,-0.556963722320627
3515,1.4508197855632678,0.6394663802528302
3516,-1.1960038562387048,-0.025217010065757134
3517,-1.2774445836787656,0.10771966799796033
3518,0.06632741908223598,-0.0584511795816865
3519,0.6771328748826912,0.0412513289661016
3520,-0.38159658183809786,-1.4875204687666492
3521,1.5729808767233588,-1.4875204687666492
3522,0.5549717837226001,0.6727005497687596
3523,0.7178532386027215,1.437086448635135
3524,-1.2774445836787656,-0.6566662308684151
3525,-0.3408762181180675,0.5065297021891128
3526,1.4508197855632678,1.6697256352466405
3527,-0.055833672077855064,-1.45428629925072
3528,1.2879383306831464,-0.49049538328876824
3529,-0.748079855318371,0.7391688888006183
3530,1.0843365120829946,-0.4240270442569095
3531,1.6137012404433893,0.8721055668643357
3532,-1.1552834925186746,1.1047447534758412
3533,-0.015113308357824713,0.6394663802528302
3534,0.6364125111626608,0.8721055668643357
3535,1.6137012404433893,1.5035547876669937
3536,-1.1960038562387048,0.8388713973484064
3537,1.6137012404433893,1.0382764144439827
3538,-0.5851984004382496,0.6394663802528302
3539,1.6137012404433893,-0.0584511795816865
3540,-0.015113308357824713,0.7059347192846889
3541,-0.7888002190384014,0.5729980412209714
3542,-1.0331224013585834,-1.1551787736073555
3543,-1.0738427650786138,-0.29109036619319206
3544,-1.1552834925186746,-0.32432453570912145
3545,-0.7888002190384014,-1.4875204687666492
3546,1.2879383306831464,1.3041497705714176
3547,-0.62591876415828,0.17418800702981907
3548,0.3106496014024181,-0.4572612137728389
3549,-0.8702409464784621,-0.4572612137728389
3550,-1.1145631287986442,-1.4875204687666492
3551,-0.38159658183809786,0.7059347192846889
3552,1.4508197855632678,0.40682719364132464
3553,-1.2774445836787656,0.47329553267318336
3554,1.6137012404433893,0.7724030583165477
3555,1.002895784642934,-0.7896029089321326
3556,1.125056875803025,1.7029598047625698
3557,-1.0738427650786138,-0.6566662308684151
3558,0.9214550572028734,0.8388713973484064
3559,1.6137012404433893,1.5035547876669937
3560,1.5322605130033284,0.10771966799796033
3561,-0.62591876415828,0.805637227832477
3562,-0.9516816739185228,-0.15815368812947458
3563,0.758573602322752,-0.15815368812947458
3564,1.4100994218432374,0.17418800702981907
3565,-1.2774445836787656,0.37359302412539525
3566,-1.1960038562387048,-1.3213496211870024
3567,-1.0738427650786138,-0.4572612137728389
3568,-0.9109613101984924,0.0412513289661016
3569,-0.46303730927815856,0.7059347192846889
3570,-0.7888002190384014,0.9718080754121239
3571,0.758573602322752,0.3403588546094659
3572,-0.30015585439803716,-1.45428629925072
3573,1.5729808767233588,-1.4875204687666492
3574,-1.1960038562387048,0.3403588546094659
3575,-1.2774445836787656,0.5065297021891128
3576,1.3286586944031769,1.1379789229917707
3577,1.3286586944031769,0.2406563460616778
3578,1.2879383306831464,-1.3545837907029317
3579,0.22920887396235737,0.20742217654574843
3580,0.9621754209229036,1.5035547876669937
3581,1.6137012404433893,-1.4875204687666492
3582,-0.9516816739185228,0.1409538375138897
3583,0.22920887396235737,-1.4875204687666492
3584,0.47353105628253944,-0.32432453570912145
3585,1.5729808767233588,0.5065297021891128
3586,1.002895784642934,1.1712130925077
3587,0.43281069256250915,-0.5237295528046976
3588,-0.62591876415828,-1.4875204687666492
3589,-1.0331224013585834,0.7391688888006183
3590,-1.2367242199587352,0.5065297021891128
3591,0.7178532386027215,-1.3213496211870024
3592,1.6137012404433893,0.6062322107369008
3593,-0.7888002190384014,0.805637227832477
3594,-0.5444780367182193,0.17418800702981907
3595,-0.0965540357978854,-1.45428629925072
3596,1.0436161483629645,1.3706181096032763
3597,-1.0331224013585834,-1.45428629925072
3598,0.9214550572028734,-1.4875204687666492
3599,-0.7073594915983407,-1.4875204687666492
3600,1.4508197855632678,0.805637227832477
3601,0.880734693482843,1.1712130925077
3602,-0.30015585439803716,-0.556963722320627
3603,-1.2774445836787656,0.6394663802528302
3604,1.6137012404433893,-1.45428629925072
3605,1.247217966963116,0.2406563460616778
3606,0.3920903288424788,-1.4875204687666492
3607,0.18848851024232702,-0.92253958699585
3608,-1.1552834925186746,-1.4875204687666492
3609,-0.7888002190384014,-1.5207546382825785
3610,-1.1960038562387048,-1.45428629925072
3611,-1.2774445836787656,-0.4572612137728389
3612,1.4508197855632678,0.8388713973484064
3613,-0.9109613101984924,-0.15815368812947458
3614,1.2064976032430856,0.5397638717050421
3615,0.6771328748826912,-1.4875204687666492
3616,0.5549717837226001,-1.4875204687666492
3617,0.7992939660427822,-0.025217010065757134
3618,-0.2594354906780068,0.5729980412209714
3619,-0.9924020376385531,-1.4875204687666492
3620,-1.2367242199587352,0.37359302412539525
3621,1.4915401492832983,-1.4875204687666492
3622,-1.1552834925186746,-1.188412943123285
3623,-0.8702409464784621,0.37359302412539525
3624,-0.9516816739185228,-0.5237295528046976
3625,-0.13727439951791576,0.1409538375138897
3626,1.125056875803025,0.9385739058961945
3627,-0.21871512695797646,-1.1219446040914263
3628,1.002895784642934,-1.4875204687666492
3629,-1.2774445836787656,0.3071246850935365
3630,-1.2774445836787656,0.9053397363802651
3631,0.18848851024232702,-1.4875204687666492
3632,1.6137012404433893,0.008017159450172232
3633,-0.055833672077855064,0.8721055668643357
3634,0.7992939660427822,-0.19138785764540397
3635,0.6364125111626608,-0.19138785764540397
3636,-0.4223169455581282,0.805637227832477
3637,-0.7888002190384014,0.3403588546094659
3638,-1.0738427650786138,0.5065297021891128
3639,-1.0331224013585834,-0.3575587052250508
3640,1.5729808767233588,1.4703206181510644
3641,-1.1960038562387048,0.17418800702981907
3642,0.6364125111626608,-0.025217010065757134
3643,-0.9516816739185228,-0.32432453570912145
3644,-1.0331224013585834,0.3071246850935365
3645,-0.5851984004382496,-0.9890079260277087
3646,-0.8702409464784621,-0.15815368812947458
3647,-0.9516816739185228,0.6727005497687596
3648,-0.9109613101984924,0.47329553267318336
3649,-1.2774445836787656,-1.4875204687666492
3650,-0.2594354906780068,0.6727005497687596
3651,-1.0331224013585834,-0.6899004003843444
3652,0.5549717837226001,1.3041497705714176
3653,-0.21871512695797646,-1.288115451671073
3654,-1.2774445836787656,0.17418800702981907
3655,0.3106496014024181,-0.29109036619319206
3656,0.6771328748826912,0.3403588546094659
3657,1.4508197855632678,1.437086448635135
3658,-0.5851984004382496,-0.22462202716133334
3659,-0.1779947632379461,1.3706181096032763
3660,1.6137012404433893,1.2044472620236295
3661,1.2064976032430856,0.6727005497687596
3662,0.06632741908223598,-1.3213496211870024
3663,0.5549717837226001,-0.29109036619319206
3664,-0.055833672077855064,0.5729980412209714
3665,-0.21871512695797646,1.1712130925077
3666,-0.0965540357978854,-0.3575587052250508
3667,-0.8702409464784621,0.7059347192846889
3668,0.5549717837226001,1.5035547876669937
3669,0.47353105628253944,-0.49049538328876824
3670,0.3920903288424788,0.10771966799796033
3671,-0.5851984004382496,-0.49049538328876824
3672,0.7178532386027215,-1.5207546382825785
3673,-1.0331224013585834,-0.4572612137728389
3674,1.369379058123207,0.8388713973484064
3675,-0.2594354906780068,-0.6234320613524857
3676,-1.2774445836787656,0.1409538375138897
3677,1.4100994218432374,0.9385739058961945
3678,-0.2594354906780068,1.1712130925077
3679,0.7992939660427822,1.0050422449280532
3680,-0.8295205827584317,0.40682719364132464
3681,-0.9109613101984924,0.2738905155776072
3682,-1.2774445836787656,-0.6899004003843444
3683,0.5956921474426305,0.07448549848203097
3684,1.002895784642934,0.8388713973484064
3685,-1.2774445836787656,0.20742217654574843
3686,1.6137012404433893,1.6364914657307112
3687,0.5142514200025698,-1.0222420955436382
3688,0.22920887396235737,-1.4875204687666492
3689,-1.2774445836787656,0.8388713973484064
3690,-0.62591876415828,0.5397638717050421
3691,1.0843365120829946,0.37359302412539525
3692,-0.7073594915983407,1.2044472620236295
3693,-0.015113308357824713,0.2738905155776072
3694,0.43281069256250915,-1.4875204687666492
3695,1.5729808767233588,-1.3213496211870024
3696,0.880734693482843,1.6697256352466405
3697,-1.1145631287986442,0.5397638717050421
3698,-0.748079855318371,-1.4875204687666492
3699,1.2064976032430856,1.1712130925077
3700,1.6137012404433893,0.8388713973484064
3701,0.3920903288424788,1.437086448635135
3702,-1.2367242199587352,0.17418800702981907
3703,1.6137012404433893,-1.288115451671073
3704,-0.0965540357978854,-1.3213496211870024
3705,0.3106496014024181,1.071510583959912
3706,-0.30015585439803716,-0.9890079260277087
3707,1.3286586944031769,0.07448549848203097
3708,-0.748079855318371,-1.4875204687666492
3709,0.10704778280226633,-1.4875204687666492
3710,-0.0965540357978854,0.17418800702981907
3711,-0.0965540357978854,0.7059347192846889
3712,1.2879383306831464,1.1712130925077
3713,1.5729808767233588,0.8388713973484064
3714,-1.1960038562387048,-0.92253958699585
3715,-0.9924020376385531,0.3403588546094659
3716,-0.7888002190384014,1.1379789229917707
3717,0.6364125111626608,-1.3213496211870024
3718,-0.2594354906780068,0.6727005497687596
3719,0.14776814652229667,0.37359302412539525
3720,0.7178532386027215,0.17418800702981907
3721,0.6771328748826912,-0.32432453570912145
3722,0.43281069256250915,1.2044472620236295
3723,-0.9924020376385531,-1.5207546382825785
3724,-1.2367242199587352,-0.12491951861354524
3725,0.8400143297628127,0.7059347192846889
3726,1.2879383306831464,1.071510583959912
3727,-0.62591876415828,-0.29109036619319206
3728,0.8400143297628127,-1.4875204687666492
3729,-1.2774445836787656,-0.4572612137728389
3730,0.6364125111626608,1.1712130925077
3731,-0.9924020376385531,-0.8893054174799206
3732,-0.9109613101984924,0.8721055668643357
3733,0.3106496014024181,0.5397638717050421
3734,-0.015113308357824713,0.3071246850935365
3735,0.35136996512244845,1.0050422449280532
3736,-0.30015585439803716,1.1712130925077
3737,-0.4223169455581282,0.805637227832477
3738,1.6137012404433893,-1.3213496211870024
3739,-0.3408762181180675,-1.3213496211870024
3740,-0.3408762181180675,-0.15815368812947458
3741,1.2879383306831464,0.3403588546094659
3742,-1.1960038562387048,1.437086448635135
3743,-1.2774445836787656,-0.49049538328876824
3744,1.247217966963116,1.4703206181510644
3745,-0.7888002190384014,-0.3907928747409802
3746,-0.5037576729981889,-0.32432453570912145
3747,0.880734693482843,0.7059347192846889
3748,0.22920887396235737,-1.4875204687666492
3749,-1.2774445836787656,0.17418800702981907
3750,1.4100994218432374,-0.6899004003843444
3751,0.9214550572028734,1.071510583959912
3752,0.8400143297628127,-0.025217010065757134
3753,-0.13727439951791576,-1.288115451671073
3754,-0.748079855318371,-0.29109036619319206
3755,0.6364125111626608,-0.15815368812947458
3756,0.6364125111626608,0.17418800702981907
3757,-1.2774445836787656,-0.15815368812947458
3758,0.47353105628253944,-1.3213496211870024
3759,0.5142514200025698,1.0382764144439827
3760,0.9621754209229036,0.3071246850935365
3761,-0.748079855318371,-1.1219446040914263
3762,-1.2367242199587352,0.20742217654574843
3763,0.14776814652229667,-0.3575587052250508
3764,-1.1145631287986442,-0.8228370784480619
3765,1.4915401492832983,-0.12491951861354524
3766,1.2064976032430856,1.437086448635135
3767,-1.2774445836787656,-1.4875204687666492
3768,0.06632741908223598,0.008017159450172232
3769,-0.6666391278783103,0.5397638717050421
3770,-0.748079855318371,-1.5207546382825785
3771,0.6771328748826912,1.1047447534758412
3772,-1.2367242199587352,0.5065297021891128
3773,-0.2594354906780068,-1.5207546382825785
3774,-0.4223169455581282,1.0382764144439827
3775,0.025607055362205634,0.3071246850935365
3776,-1.1552834925186746,-1.4875204687666492
3777,-0.5444780367182193,-1.4875204687666492
3778,1.002895784642934,0.8388713973484064
3779,0.758573602322752,0.7059347192846889
3780,-1.2774445836787656,-0.6899004003843444
3781,-1.1960038562387048,0.8388713973484064
3782,-1.2774445836787656,-1.4875204687666492
3783,-0.7073594915983407,-0.6234320613524857
3784,0.7992939660427822,0.5065297021891128
3785,0.9621754209229036,1.1712130925077
3786,-1.1960038562387048,0.40682719364132464
3787,-0.2594354906780068,-0.9890079260277087
3788,1.4508197855632678,1.536788957182923
3789,-1.1552834925186746,-0.4572612137728389
3790,1.6137012404433893,-1.288115451671073
3791,0.3106496014024181,1.3706181096032763
3792,1.369379058123207,1.1712130925077
3793,-1.2774445836787656,-1.4875204687666492
3794,-0.5444780367182193,1.3373839400873468
3795,0.3920903288424788,-1.4875204687666492
3796,0.06632741908223598,1.1047447534758412
3797,-1.2774445836787656,0.5397638717050421
3798,1.6137012404433893,0.805637227832477
3799,0.758573602322752,-1.4875204687666492
3800,0.9214550572028734,0.6727005497687596
3801,1.369379058123207,1.2376814315395588
3802,-0.0965540357978854,0.8388713973484064
3803,0.06632741908223598,0.8388713973484064
3804,0.9214550572028734,0.44006136315725397
3805,0.880734693482843,1.0050422449280532
3806,1.002895784642934,-0.8560712479639913
3807,-0.8702409464784621,0.3071246850935365
3808,-1.2367242199587352,-1.4875204687666492
3809,-1.1552834925186746,0.1409538375138897
3810,1.6137012404433893,0.8721055668643357
3811,0.6364125111626608,-1.4875204687666492
3812,-0.2594354906780068,-1.45428629925072
3813,-0.7073594915983407,-1.4875204687666492
3814,-0.7073594915983407,0.6062322107369008
3815,1.2879383306831464,1.2376814315395588
3816,1.5729808767233588,1.536788957182923
3817,1.247217966963116,0.1409538375138897
3818,-1.2774445836787656,-1.4875204687666492
3819,1.2879383306831464,1.3041497705714176
3820,0.5142514200025698,0.37359302412539525
3821,-1.1552834925186746,-1.4875204687666492
3822,-0.055833672077855064,0.8388713973484064
3823,1.4508197855632678,1.5035547876669937
3824,-0.30015585439803716,0.5729980412209714
3825,1.6137012404433893,-1.3213496211870024
3826,0.14776814652229667,-0.29109036619319206
3827,-1.2774445836787656,-0.6899004003843444
3828,-1.318164947398796,-1.3213496211870024
3829,-0.30015585439803716,-1.4875204687666492
3830,-0.9924020376385531,-1.5207546382825785
3831,0.18848851024232702,0.3403588546094659
3832,-1.1552834925186746,1.0050422449280532
3833,-0.1779947632379461,0.6062322107369008
3834,0.18848851024232702,-0.6566662308684151
3835,-0.9924020376385531,-1.4875204687666492
3836,-1.2774445836787656,-0.5237295528046976
3837,-0.30015585439803716,-1.4875204687666492
3838,-0.2594354906780068,1.1047447534758412
3839,-0.9516816739185228,0.5397638717050421
3840,-0.46303730927815856,1.270915601055488
3841,-0.5444780367182193,0.5065297021891128
3842,-0.5851984004382496,-1.0222420955436382
3843,-0.015113308357824713,1.437086448635135
3844,-0.38159658183809786,-0.9890079260277087
3845,0.9214550572028734,0.3403588546094659
3846,0.43281069256250915,-1.288115451671073
3847,-1.2367242199587352,-0.6566662308684151
3848,-1.1145631287986442,0.6062322107369008
3849,-0.748079855318371,-0.12491951861354524
3850,-1.1552834925186746,-0.12491951861354524
3851,-1.1552834925186746,-0.6566662308684151
3852,-0.8295205827584317,-1.4875204687666492
3853,1.4508197855632678,0.7059347192846889
3854,-0.9109613101984924,0.7059347192846889
3855,0.8400143297628127,1.0050422449280532
3856,1.369379058123207,0.805637227832477
3857,-0.21871512695797646,-1.5207546382825785
3858,0.06632741908223598,0.5065297021891128
3859,-0.8702409464784621,0.6727005497687596
3860,1.2879383306831464,-1.288115451671073
3861,-0.7888002190384014,0.5729980412209714
3862,-1.1960038562387048,-1.4875204687666492
3863,-0.3408762181180675,0.8388713973484064
3864,1.4915401492832983,-0.12491951861354524
3865,-0.5037576729981889,1.0382764144439827
3866,0.6364125111626608,-0.6566662308684151
3867,-0.7888002190384014,-0.3575587052250508
3868,-1.1145631287986442,0.7059347192846889
3869,-1.1145631287986442,0.17418800702981907
3870,-1.2774445836787656,0.3071246850935365
3871,-0.0965540357978854,0.9718080754121239
3872,-0.7888002190384014,1.2044472620236295
3873,1.1657772395230555,0.9718080754121239
3874,-1.1552834925186746,-1.4875204687666492
3875,-0.9109613101984924,-0.32432453570912145
3876,0.3106496014024181,-0.025217010065757134
3877,0.43281069256250915,0.0412513289661016
3878,-1.2774445836787656,-1.1551787736073555
3879,-0.9516816739185228,0.17418800702981907
3880,-1.2774445836787656,0.17418800702981907
3881,-0.5444780367182193,-1.4875204687666492
3882,-0.9516816739185228,0.3403588546094659
3883,-0.9516816739185228,0.5397638717050421
3884,-0.5851984004382496,-1.4875204687666492
3885,1.4100994218432374,1.3706181096032763
3886,-0.7888002190384014,-0.6899004003843444
3887,-1.1145631287986442,0.17418800702981907
3888,0.025607055362205634,1.5035547876669937
3889,1.2064976032430856,0.008017159450172232
3890,1.6137012404433893,1.2044472620236295
3891,-0.9924020376385531,0.6394663802528302
3892,-1.2774445836787656,-0.6234320613524857
3893,0.47353105628253944,1.0050422449280532
3894,-0.62591876415828,1.071510583959912
3895,-0.0965540357978854,1.1712130925077
3896,1.4915401492832983,-1.288115451671073
3897,-0.38159658183809786,-0.49049538328876824
3898,-1.2367242199587352,0.7059347192846889
3899,-1.1960038562387048,-0.6566662308684151
3900,-0.0965540357978854,0.3403588546094659
3901,-1.2774445836787656,-0.6899004003843444
3902,-0.9924020376385531,1.1712130925077
3903,1.0843365120829946,0.6062322107369008
3904,-1.0331224013585834,-0.4572612137728389
3905,0.18848851024232702,1.0050422449280532
3906,0.6771328748826912,1.4703206181510644
3907,-0.2594354906780068,0.5729980412209714
3908,-1.2774445836787656,0.5065297021891128
3909,1.2064976032430856,1.6364914657307112
3910,-0.62591876415828,-1.4875204687666492
3911,0.14776814652229667,1.0050422449280532
3912,-0.015113308357824713,-1.4875204687666492
3913,-1.2367242199587352,-1.4875204687666492
3914,-0.0965540357978854,-1.5207546382825785
3915,-0.46303730927815856,1.3706181096032763
3916,1.369379058123207,1.3706181096032763
3917,-0.015113308357824713,0.5065297021891128
3918,-1.1960038562387048,0.5065297021891128
3919,1.4915401492832983,-1.4875204687666492
3920,-0.9109613101984924,1.5035547876669937
3921,-1.2774445836787656,0.1409538375138897
3922,1.4915401492832983,0.8721055668643357
3923,-1.1552834925186746,0.9718080754121239
3924,1.369379058123207,-0.0584511795816865
3925,0.10704778280226633,-1.3545837907029317
3926,-0.4223169455581282,1.3373839400873468
3927,0.9214550572028734,-1.5207546382825785
3928,-0.9516816739185228,0.5397638717050421
3929,0.9214550572028734,0.8388713973484064
3930,0.14776814652229667,1.3706181096032763
3931,-0.21871512695797646,0.5397638717050421
3932,1.4100994218432374,1.4038522791192056
3933,0.880734693482843,1.2376814315395588
3934,1.2064976032430856,-0.8560712479639913
3935,0.9621754209229036,-0.4240270442569095
3936,0.06632741908223598,1.5035547876669937
3937,0.025607055362205634,0.7059347192846889
3938,-1.1145631287986442,0.9718080754121239
3939,-0.6666391278783103,-1.4875204687666492
3940,0.06632741908223598,0.805637227832477
3941,1.0436161483629645,1.3706181096032763
3942,1.369379058123207,0.20742217654574843
3943,0.18848851024232702,-1.4875204687666492
3944,-1.0738427650786138,-0.6234320613524857
3945,1.3286586944031769,0.3071246850935365
3946,0.758573602322752,-1.4875204687666492
3947,-1.2367242199587352,-0.6566662308684151
3948,-0.5851984004382496,0.10771966799796033
3949,0.758573602322752,-0.15815368812947458
3950,-0.9516816739185228,-1.4875204687666492
3951,-0.7073594915983407,1.1712130925077
3952,1.6137012404433893,1.3706181096032763
3953,-0.8295205827584317,-1.5207546382825785
3954,1.125056875803025,-0.8228370784480619
3955,-0.015113308357824713,-1.5207546382825785
3956,-1.0738427650786138,0.5065297021891128
3957,0.26992923768238775,1.1712130925077
3958,-1.2367242199587352,0.3403588546094659
3959,1.5729808767233588,0.47329553267318336
3960,-1.2774445836787656,-0.15815368812947458
3961,-1.2367242199587352,0.5065297021891128
3962,1.6137012404433893,1.5035547876669937
3963,0.35136996512244845,0.1409538375138897
3964,-1.0331224013585834,0.3403588546094659
3965,0.10704778280226633,1.0050422449280532
3966,-0.055833672077855064,0.5065297021891128
3967,0.5142514200025698,-1.3545837907029317
3968,-0.7073594915983407,0.9385739058961945
3969,-0.21871512695797646,-1.4875204687666492
3970,-0.055833672077855064,0.8721055668643357
3971,0.35136996512244845,0.0412513289661016
3972,-0.5444780367182193,-1.5207546382825785
3973,-0.30015585439803716,-0.19138785764540397
3974,-0.7073594915983407,1.3373839400873468
3975,-1.2367242199587352,0.2406563460616778
3976,-0.8295205827584317,-0.49049538328876824
3977,-0.38159658183809786,0.47329553267318336
3978,-0.4223169455581282,-1.4875204687666492
3979,1.5729808767233588,1.2044472620236295
3980,-0.0965540357978854,1.2044472620236295
3981,-1.2774445836787656,-0.6566662308684151
3982,-0.5037576729981889,-1.5207546382825785
3983,-1.2774445836787656,-0.29109036619319206
3984,1.4508197855632678,0.6727005497687596
3985,-0.748079855318371,-1.4875204687666492
3986,-1.2367242199587352,-1.4875204687666492
3987,0.22920887396235737,0.17418800702981907
3988,-0.5851984004382496,-1.4875204687666492
3989,-0.055833672077855064,1.3041497705714176
3990,1.5729808767233588,-0.025217010065757134
3991,1.4100994218432374,1.5035547876669937
3992,1.6137012404433893,0.9053397363802651
3993,-0.015113308357824713,1.3706181096032763
3994,-1.1552834925186746,0.5397638717050421
3995,-0.38159658183809786,-0.15815368812947458
3996,1.369379058123207,0.07448549848203097
3997,1.002895784642934,1.3373839400873468
3998,0.14776814652229667,0.8388713973484064
3999,-0.7888002190384014,-1.3213496211870024
4000,-0.9516816739185228,0.6062322107369008
4001,-1.1145631287986442,0.5397638717050421
4002,1.4100994218432374,0.7059347192846889
4003,-1.2774445836787656,0.17418800702981907
4004,-1.1552834925186746,0.3403588546094659
4005,-1.2774445836787656,0.17418800702981907
4006,-0.055833672077855064,-1.4875204687666492
4007,-1.1960038562387048,-0.7231345699002738
4008,-1.1552834925186746,0.47329553267318336
4009,0.025607055362205634,1.0050422449280532
4010,1.0436161483629645,-1.3213496211870024
4011,-0.30015585439803716,-1.3213496211870024
4012,-1.1552834925186746,0.37359302412539525
4013,0.758573602322752,0.9718080754121239
4014,-0.5444780367182193,-1.3213496211870024
4015,-0.8702409464784621,-0.6899004003843444
4016,-0.3408762181180675,-0.29109036619319206
4017,-0.5851984004382496,0.3071246850935365
4018,-1.1552834925186746,-1.3545837907029317
4019,-0.8295205827584317,0.44006136315725397
4020,-0.5444780367182193,0.7724030583165477
4021,-0.055833672077855064,1.071510583959912
4022,1.1657772395230555,-0.025217010065757134
4023,-0.9924020376385531,0.17418800702981907
4024,0.6771328748826912,0.7391688888006183
4025,-1.1145631287986442,-0.4572612137728389
4026,0.10704778280226633,0.2738905155776072
4027,1.5322605130033284,1.7029598047625698
4028,-1.2774445836787656,1.2044472620236295
4029,-0.055833672077855064,0.7724030583165477
4030,-0.7888002190384014,0.3071246850935365
4031,-0.1779947632379461,-0.4572612137728389
4032,0.7178532386027215,0.17418800702981907
4033,-0.4223169455581282,-1.4875204687666492
4034,0.14776814652229667,-0.12491951861354524
4035,0.3106496014024181,1.3706181096032763
4036,-0.5444780367182193,-0.49049538328876824
4037,-1.1552834925186746,0.5397638717050421
4038,0.10704778280226633,0.7059347192846889
4039,-0.5037576729981889,0.1409538375138897
4040,-0.8702409464784621,-1.4875204687666492
4041,-0.9516816739185228,-1.4875204687666492
4042,1.5729808767233588,1.1379789229917707
4043,1.5729808767233588,-1.4875204687666492
4044,1.5729808767233588,1.6032572962147817
4045,-0.055833672077855064,0.47329553267318336
4046,-1.2774445836787656,0.17418800702981907
4047,-0.055833672077855064,0.37359302412539525
4048,-1.2774445836787656,0.20742217654574843
4049,-1.2774445836787656,0.1409538375138897
4050,1.4100994218432374,0.5065297021891128
4051,0.43281069256250915,0.9718080754121239
4052,-0.46303730927815856,0.7391688888006183
4053,1.1657772395230555,1.3706181096032763
4054,1.6137012404433893,-1.3213496211870024
4055,-1.0738427650786138,-1.3213496211870024
4056,0.5956921474426305,-1.4875204687666492
4057,-0.3408762181180675,-1.4875204687666492
4058,0.26992923768238775,0.5397638717050421
4059,1.3286586944031769,-1.3213496211870024
4060,-1.2774445836787656,0.7059347192846889
4061,-1.0738427650786138,0.7724030583165477
4062,0.9621754209229036,1.2044472620236295
4063,-0.38159658183809786,0.1409538375138897
4064,0.06632741908223598,-1.4875204687666492
4065,-0.46303730927815856,-1.4875204687666492
4066,1.2064976032430856,0.1409538375138897
4067,1.2064976032430856,-1.4875204687666492
4068,0.758573602322752,1.5700231266988525
4069,-0.5851984004382496,-0.2578561966772627
4070,0.06632741908223598,0.3071246850935365
4071,1.1657772395230555,0.9718080754121239
4072,-1.2367242199587352,-0.49049538328876824
4073,1.6137012404433893,-0.32432453570912145
4074,0.8400143297628127,1.5035547876669937
4075,-1.0738427650786138,0.47329553267318336
4076,-0.3408762181180675,0.6394663802528302
4077,1.4508197855632678,0.20742217654574843
4078,0.5956921474426305,-0.15815368812947458
4079,0.5956921474426305,0.7059347192846889
4080,0.14776814652229667,-1.5207546382825785
4081,-0.9516816739185228,-1.4875204687666492
4082,1.1657772395230555,1.2044472620236295
4083,1.6137012404433893,0.47329553267318336
4084,0.10704778280226633,-0.32432453570912145
4085,-0.30015585439803716,-1.2548812821551436
4086,0.10704778280226633,1.2044472620236295
4087,-0.3408762181180675,-0.22462202716133334
4088,0.9621754209229036,-1.3213496211870024
4089,-0.2594354906780068,0.9718080754121239
4090,1.6137012404433893,0.5065297021891128
4091,0.18848851024232702,0.008017159450172232
4092,-1.0331224013585834,0.3403588546094659
4093,-1.0331224013585834,0.3071246850935365
4094,1.4915401492832983,0.47329553267318336
4095,-0.9924020376385531,-1.4875204687666492
4096,-0.8295205827584317,-1.1551787736073555
4097,0.47353105628253944,-1.288115451671073
4098,1.6137012404433893,0.5397638717050421
4099,0.9621754209229036,0.9718080754121239
4100,-0.9109613101984924,-1.4875204687666492
4101,-1.2774445836787656,0.1409538375138897
4102,0.5956921474426305,-0.3575587052250508
4103,0.47353105628253944,-1.4875204687666492
4104,-1.1960038562387048,0.44006136315725397
4105,-0.9924020376385531,0.20742217654574843
4106,-0.6666391278783103,-1.45428629925072
4107,1.6137012404433893,0.5729980412209714
4108,-1.2774445836787656,-0.6234320613524857
4109,1.5729808767233588,0.805637227832477
4110,0.9621754209229036,0.10771966799796033
4111,-1.1960038562387048,-1.5207546382825785
4112,-0.8702409464784621,0.008017159450172232
4113,1.125056875803025,0.5397638717050421
4114,0.3920903288424788,1.3373839400873468
4115,-1.2367242199587352,-0.4572612137728389
4116,-0.9516816739185228,-1.4875204687666492
4117,-1.2774445836787656,0.3403588546094659
4118,0.7992939660427822,-0.49049538328876824
4119,0.10704778280226633,1.1379789229917707
4120,-0.5037576729981889,-1.5207546382825785
4121,-0.7073594915983407,0.3403588546094659
4122,-0.62591876415828,0.20742217654574843
4123,-0.0965540357978854,0.8388713973484064
4124,-1.2774445836787656,1.0382764144439827
4125,-0.9109613101984924,0.6727005497687596
4126,-0.7888002190384014,0.17418800702981907
4127,-1.1552834925186746,1.1712130925077
4128,-1.1960038562387048,0.17418800702981907
4129,1.0843365120829946,0.5065297021891128
4130,-1.2367242199587352,0.17418800702981907
4131,-0.748079855318371,0.5397638717050421
4132,-1.2774445836787656,-1.3213496211870024
4133,0.43281069256250915,1.270915601055488
4134,-0.6666391278783103,0.3403588546094659
4135,0.8400143297628127,-0.3575587052250508
4136,-1.1552834925186746,-1.3213496211870024
4137,-0.6666391278783103,0.3403588546094659
4138,0.43281069256250915,-0.32432453570912145
4139,-0.9924020376385531,0.5397638717050421
4140,-1.0738427650786138,-0.5237295528046976
4141,1.6137012404433893,1.5700231266988525
4142,1.125056875803025,-0.49049538328876824
4143,-1.318164947398796,-1.4875204687666492
4144,-1.2367242199587352,-1.4875204687666492
4145,0.9214550572028734,0.8388713973484064
4146,0.9621754209229036,1.1379789229917707
4147,1.5729808767233588,0.6727005497687596
4148,-1.2367242199587352,-0.09168534909761586
4149,1.2879383306831464,1.3373839400873468
4150,0.3920903288424788,0.3071246850935365
4151,-0.30015585439803716,0.805637227832477
4152,-1.1145631287986442,-0.5237295528046976
4153,1.6137012404433893,1.7361939742784993
4154,0.025607055362205634,0.5397638717050421
4155,-0.015113308357824713,0.6727005497687596
4156,-1.1145631287986442,-1.4875204687666492
4157,-1.1960038562387048,0.3071246850935365
4158,-1.0738427650786138,0.6394663802528302
4159,1.4915401492832983,1.3706181096032763
4160,-0.7888002190384014,0.5065297021891128
4161,-0.4223169455581282,0.3403588546094659
4162,1.1657772395230555,0.17418800702981907
4163,0.025607055362205634,-0.19138785764540397
4164,0.35136996512244845,0.2738905155776072
4165,0.5142514200025698,1.6032572962147817
4166,1.5322605130033284,0.8388713973484064
4167,0.9214550572028734,-0.22462202716133334
4168,0.7992939660427822,-0.6899004003843444
4169,-1.1960038562387048,-0.8228370784480619
4170,-0.0965540357978854,1.1712130925077
4171,1.5322605130033284,-0.6566662308684151
4172,-0.9516816739185228,0.9385739058961945
4173,-0.46303730927815856,-1.4875204687666492
4174,0.9214550572028734,0.37359302412539525
4175,0.35136996512244845,0.008017159450172232
4176,1.2064976032430856,-1.288115451671073
4177,-1.2774445836787656,0.5065297021891128
4178,1.4100994218432374,-0.32432453570912145
4179,1.247217966963116,0.5065297021891128
4180,0.22920887396235737,0.1409538375138897
4181,1.5322605130033284,-0.22462202716133334
4182,0.22920887396235737,-1.4875204687666492
4183,-1.1145631287986442,-1.1551787736073555
4184,-0.3408762181180675,-0.49049538328876824
4185,-0.6666391278783103,0.3071246850935365
4186,1.4508197855632678,-0.8560712479639913
4187,1.002895784642934,1.2044472620236295
4188,1.125056875803025,1.3041497705714176
4189,-0.13727439951791576,0.20742217654574843
4190,-0.9516816739185228,0.0412513289661016
4191,1.5729808767233588,-1.288115451671073
4192,-0.3408762181180675,-0.3575587052250508
4193,-1.2367242199587352,-0.5237295528046976
4194,1.369379058123207,-1.45428629925072
4195,0.880734693482843,1.3041497705714176
4196,1.6137012404433893,1.6364914657307112
4197,0.7992939660427822,-1.4875204687666492
4198,1.5729808767233588,0.40682719364132464
4199,-1.1145631287986442,0.47329553267318336
4200,0.3920903288424788,-1.4875204687666492
4201,-1.2367242199587352,-0.6566662308684151
4202,-0.8702409464784621,0.3403588546094659
4203,0.35136996512244845,0.5065297021891128
4204,1.4508197855632678,0.7724030583165477
4205,0.7178532386027215,1.0050422449280532
4206,0.8400143297628127,0.9718080754121239
4207,-0.9924020376385531,0.6394663802528302
4208,0.7178532386027215,1.3041497705714176
4209,0.7178532386027215,1.1712130925077
4210,-0.9924020376385531,-0.15815368812947458
4211,-0.9109613101984924,-1.1551787736073555
4212,0.18848851024232702,-1.3545837907029317
4213,0.6771328748826912,-0.09168534909761586
4214,-0.62591876415828,-0.9557737565117794
4215,-0.8295205827584317,-1.4875204687666492
4216,-0.38159658183809786,1.1712130925077
4217,1.5729808767233588,-0.19138785764540397
4218,1.5729808767233588,0.44006136315725397
4219,-0.3408762181180675,0.805637227832477
4220,0.5142514200025698,0.47329553267318336
4221,0.3920903288424788,-0.025217010065757134
4222,-0.5851984004382496,1.0382764144439827
4223,-0.2594354906780068,0.3071246850935365
4224,-0.9516816739185228,-0.32432453570912145
4225,-1.2367242199587352,-0.6899004003843444
4226,-1.1145631287986442,-0.6566662308684151
4227,-1.0738427650786138,0.6394663802528302
4228,0.7992939660427822,1.536788957182923
4229,1.002895784642934,0.3071246850935365
4230,-0.13727439951791576,0.3403588546094659
4231,1.4100994218432374,-1.3213496211870024
4232,0.3920903288424788,1.3373839400873468
4233,-0.8295205827584317,-1.5207546382825785
4234,-1.0331224013585834,-1.0222420955436382
4235,-0.8295205827584317,-1.4875204687666492
4236,-0.7888002190384014,-0.5237295528046976
4237,-0.055833672077855064,0.20742217654574843
4238,-0.9516816739185228,-1.1551787736073555
4239,1.247217966963116,-1.4875204687666492
4240,0.5142514200025698,1.1379789229917707
4241,-0.8295205827584317,0.47329553267318336
4242,0.35136996512244845,0.5065297021891128
4243,-1.1145631287986442,-1.45428629925072
4244,1.5729808767233588,-0.6234320613524857
4245,1.6137012404433893,0.47329553267318336
4246,-0.9516816739185228,0.1409538375138897
4247,0.758573602322752,0.8388713973484064
4248,0.10704778280226633,-0.7896029089321326
4249,0.9621754209229036,1.2044472620236295
4250,-0.5851984004382496,0.3403588546094659
4251,0.47353105628253944,1.5700231266988525
4252,0.6364125111626608,-1.1551787736073555
4253,-0.8702409464784621,0.008017159450172232
4254,1.5729808767233588,1.3706181096032763
4255,0.10704778280226633,0.5729980412209714
4256,-0.3408762181180675,-1.0222420955436382
4257,1.125056875803025,1.3373839400873468
4258,-1.0738427650786138,-1.1551787736073555
4259,-0.7073594915983407,-1.4875204687666492
4260,-0.46303730927815856,1.3041497705714176
4261,0.025607055362205634,-1.45428629925072
4262,-1.2774445836787656,-1.45428629925072
4263,1.0436161483629645,-1.4875204687666492
4264,-0.9109613101984924,0.008017159450172232
4265,0.025607055362205634,-1.3545837907029317
4266,-1.2774445836787656,-1.3213496211870024
4267,-1.2774445836787656,-0.6234320613524857
4268,0.3920903288424788,0.2738905155776072
4269,-1.2774445836787656,-1.4875204687666492
4270,0.22920887396235737,-1.4875204687666492
4271,-1.1145631287986442,-0.4572612137728389
4272,1.3286586944031769,1.5035547876669937
4273,0.43281069256250915,-1.0554762650595675
4274,1.6137012404433893,0.6727005497687596
4275,1.125056875803025,0.9718080754121239
4276,0.9214550572028734,1.2044472620236295
4277,1.5322605130033284,1.6032572962147817
4278,-1.0738427650786138,0.3071246850935365
4279,-0.7888002190384014,1.3041497705714176
4280,-0.9924020376385531,-1.4875204687666492
4281,0.5142514200025698,1.1712130925077
4282,0.880734693482843,1.5035547876669937
4283,0.025607055362205634,0.6062322107369008
4284,-0.46303730927815856,0.37359302412539525
4285,0.9214550572028734,1.1712130925077
4286,-1.2774445836787656,0.3403588546094659
4287,0.47353105628253944,0.1409538375138897
4288,1.6137012404433893,0.7391688888006183
4289,-0.7888002190384014,-0.09168534909761586
4290,0.14776814652229667,1.3041497705714176
4291,1.5729808767233588,-1.288115451671073
4292,-0.9516816739185228,1.1712130925077
4293,0.5549717837226001,-0.32432453570912145
4294,1.1657772395230555,1.3041497705714176
4295,1.6137012404433893,0.40682719364132464
4296,-0.8702409464784621,0.3403588546094659
4297,-1.2367242199587352,0.17418800702981907
4298,-1.2367242199587352,-1.5207546382825785
4299,-1.1552834925186746,0.47329553267318336
4300,-1.1960038562387048,-0.5237295528046976
4301,-1.1960038562387048,-0.9890079260277087
4302,0.43281069256250915,0.008017159450172232
4303,1.1657772395230555,-1.4875204687666492
4304,0.6771328748826912,0.8721055668643357
4305,0.06632741908223598,-0.025217010065757134
4306,-1.2774445836787656,-0.49049538328876824
4307,-1.2774445836787656,-0.6234320613524857
4308,1.1657772395230555,0.7059347192846889
4309,-1.1552834925186746,0.3071246850935365
4310,1.0843365120829946,0.1409538375138897
4311,-1.1552834925186746,-0.6566662308684151
4312,-1.318164947398796,-1.4875204687666492
4313,-0.4223169455581282,-1.4875204687666492
4314,1.6137012404433893,0.6727005497687596
4315,-0.7073594915983407,-1.1551787736073555
4316,-1.2774445836787656,-1.5207546382825785
4317,1.002895784642934,1.0050422449280532
4318,0.26992923768238775,0.7059347192846889
4319,-1.0738427650786138,-1.4875204687666492
4320,-0.6666391278783103,-0.0584511795816865
4321,0.26992923768238775,-1.1551787736073555
4322,-1.1552834925186746,-1.4875204687666492
4323,1.0843365120829946,1.4038522791192056
4324,1.4915401492832983,0.6394663802528302
4325,-0.3408762181180675,0.17418800702981907
4326,-1.0738427650786138,-1.4875204687666492
4327,-0.9516816739185228,0.9718080754121239
4328,-0.9924020376385531,-1.4875204687666492
4329,-0.0965540357978854,-1.4875204687666492
4330,1.2064976032430856,0.20742217654574843
4331,0.10704778280226633,-1.45428629925072
4332,0.9214550572028734,-1.5207546382825785
4333,-1.2367242199587352,-0.12491951861354524
4334,-0.13727439951791576,0.9718080754121239
4335,-1.2367242199587352,0.3403588546094659
4336,0.025607055362205634,-0.32432453570912145
4337,-1.1145631287986442,0.37359302412539525
4338,-1.2774445836787656,0.1409538375138897
4339,1.6137012404433893,1.3706181096032763
4340,0.43281069256250915,0.8388713973484064
4341,-0.9109613101984924,0.3403588546094659
4342,1.5322605130033284,-1.288115451671073
4343,-0.3408762181180675,1.0382764144439827
4344,-0.38159658183809786,-1.4875204687666492
4345,0.43281069256250915,-0.4572612137728389
4346,-1.2774445836787656,-1.5207546382825785
4347,-0.3408762181180675,0.5065297021891128
4348,1.3286586944031769,1.3041497705714176
4349,0.9621754209229036,1.5035547876669937
4350,-1.2774445836787656,0.47329553267318336
4351,-0.1779947632379461,1.3706181096032763
4352,-0.7888002190384014,-1.188412943123285
4353,-0.9924020376385531,0.5065297021891128
4354,-1.1960038562387048,0.17418800702981907
4355,-1.2774445836787656,-1.4875204687666492
4356,-0.2594354906780068,0.805637227832477
4357,-1.2774445836787656,0.37359302412539525
4358,-1.1145631287986442,-1.4875204687666492
4359,-0.1779947632379461,0.9718080754121239
4360,-0.8702409464784621,-0.19138785764540397
4361,-0.8702409464784621,1.3041497705714176
4362,1.369379058123207,0.5065297021891128
4363,0.9621754209229036,-1.4875204687666492
4364,0.8400143297628127,-1.3213496211870024
4365,-1.1960038562387048,-1.1219446040914263
4366,1.6137012404433893,1.7361939742784993
4367,-1.0738427650786138,0.20742217654574843
4368,1.5729808767233588,1.6697256352466405
4369,-0.7073594915983407,-1.4875204687666492
4370,1.002895784642934,0.17418800702981907
4371,1.4508197855632678,-1.3213496211870024
4372,-0.7888002190384014,-1.1219446040914263
4373,1.5729808767233588,-1.3213496211870024
4374,-1.1145631287986442,-0.8228370784480619
4375,-0.5851984004382496,0.8388713973484064
4376,0.14776814652229667,1.0050422449280532
4377,1.247217966963116,0.6727005497687596
4378,0.26992923768238775,-0.32432453570912145
4379,-1.1960038562387048,-1.4875204687666492
4380,-0.015113308357824713,-1.4875204687666492
4381,-1.1552834925186746,0.17418800702981907
4382,-0.015113308357824713,0.9385739058961945
4383,-0.7073594915983407,0.3071246850935365
4384,-1.1145631287986442,0.5397638717050421
4385,-0.9516816739185228,-1.4875204687666492
4386,-0.055833672077855064,0.5397638717050421
4387,-1.2774445836787656,-0.49049538328876824
4388,-1.2774445836787656,0.5397638717050421
4389,-1.2367242199587352,1.1712130925077
4390,0.10704778280226633,-1.3878179602188612
4391,-1.1145631287986442,-1.4875204687666492
4392,-1.1960038562387048,-0.49049538328876824
4393,-0.8295205827584317,-0.5237295528046976
4394,0.9621754209229036,-1.3545837907029317
4395,1.6137012404433893,-1.3213496211870024
4396,-1.2774445836787656,0.1409538375138897
4397,-1.2774445836787656,0.6727005497687596
4398,-0.2594354906780068,0.8388713973484064
4399,-0.7888002190384014,-0.5237295528046976
4400,-0.7073594915983407,0.0412513289661016
4401,1.4508197855632678,1.0382764144439827
4402,-0.21871512695797646,1.2044472620236295
4403,-1.1145631287986442,0.1409538375138897
4404,1.2879383306831464,-1.3213496211870024
4405,-0.6666391278783103,0.008017159450172232
4406,-1.2367242199587352,0.5065297021891128
4407,0.7992939660427822,-0.8560712479639913
4408,-0.7073594915983407,-1.3213496211870024
4409,0.35136996512244845,1.4703206181510644
4410,-0.5037576729981889,0.20742217654574843
4411,-0.015113308357824713,-1.5207546382825785
4412,-1.2774445836787656,-0.49049538328876824
4413,1.6137012404433893,0.6062322107369008
4414,0.06632741908223598,0.6727005497687596
4415,0.47353105628253944,-1.4875204687666492
4416,1.6137012404433893,0.3403588546094659
4417,-0.9924020376385531,1.0050422449280532
4418,-1.0331224013585834,-1.0222420955436382
4419,1.0843365120829946,-1.4875204687666492
4420,-1.1960038562387048,1.071510583959912
4421,0.35136996512244845,1.1379789229917707
4422,1.1657772395230555,-1.3213496211870024
4423,-0.13727439951791576,0.5065297021891128
4424,0.6364125111626608,-1.4875204687666492
4425,-1.2774445836787656,-1.4875204687666492
4426,1.2879383306831464,-1.3213496211870024
4427,1.0436161483629645,-1.45428629925072
4428,-0.13727439951791576,0.6727005497687596
4429,-1.0331224013585834,1.0050422449280532
4430,1.4100994218432374,1.536788957182923
4431,-1.1145631287986442,0.17418800702981907
4432,-0.21871512695797646,-0.3907928747409802
4433,-1.1552834925186746,-0.5237295528046976
4434,-1.2774445836787656,-1.4875204687666492
4435,-1.1552834925186746,-1.4875204687666492
4436,-1.0738427650786138,-1.4875204687666492
4437,-1.2774445836787656,-1.0222420955436382
4438,0.6771328748826912,0.6394663802528302
4439,-1.2367242199587352,-0.32432453570912145
4440,-0.6666391278783103,0.6727005497687596
4441,-1.2774445836787656,-1.3213496211870024
4442,-0.30015585439803716,0.17418800702981907
4443,-0.30015585439803716,-0.3575587052250508
4444,1.6137012404433893,1.536788957182923
4445,-0.9109613101984924,-1.4875204687666492
4446,0.880734693482843,0.6394663802528302
4447,-1.2774445836787656,-0.5237295528046976
4448,1.369379058123207,0.07448549848203097
4449,-1.1552834925186746,0.0412513289661016
4450,-1.0331224013585834,-1.4875204687666492
4451,1.4915401492832983,-0.2578561966772627
4452,-0.9924020376385531,1.0382764144439827
4453,-0.30015585439803716,-0.29109036619319206
4454,0.18848851024232702,1.2044472620236295
4455,-1.2774445836787656,-1.4875204687666492
4456,-1.1552834925186746,-1.3545837907029317
4457,-0.9109613101984924,-1.0222420955436382
4458,-0.7888002190384014,-0.9890079260277087
4459,-0.8295205827584317,0.47329553267318336
4460,1.1657772395230555,-1.3213496211870024
4461,1.3286586944031769,1.1379789229917707
4462,0.9621754209229036,0.008017159450172232
4463,0.758573602322752,0.5397638717050421
4464,0.43281069256250915,0.8721055668643357
4465,-1.2774445836787656,-0.49049538328876824
4466,-1.1960038562387048,-0.3575587052250508
4467,-0.5444780367182193,-0.8228370784480619
4468,0.5142514200025698,1.437086448635135
4469,1.4508197855632678,1.1712130925077
4470,-1.2774445836787656,-1.4875204687666492
4471,-0.015113308357824713,0.8388713973484064
4472,1.0843365120829946,-0.9890079260277087
4473,0.5142514200025698,-1.4875204687666492
4474,-0.3408762181180675,1.3041497705714176
4475,1.247217966963116,0.805637227832477
4476,-0.13727439951791576,-0.4240270442569095
4477,0.9214550572028734,0.7059347192846889
4478,-0.9924020376385531,0.6727005497687596
4479,0.06632741908223598,-1.3213496211870024
4480,-1.2774445836787656,0.17418800702981907
4481,-0.9109613101984924,-0.32432453570912145
4482,1.5729808767233588,0.2738905155776072
4483,-1.1145631287986442,-0.29109036619319206
4484,-0.055833672077855064,0.47329553267318336
4485,-1.2774445836787656,0.3403588546094659
4486,-0.5037576729981889,0.805637227832477
4487,-0.5444780367182193,-1.4875204687666492
4488,1.6137012404433893,1.6032572962147817
4489,-0.8702409464784621,-1.3213496211870024
4490,-1.1552834925186746,0.8388713973484064
4491,-0.30015585439803716,1.3373839400873468
4492,0.5142514200025698,-1.3213496211870024
4493,1.2879383306831464,1.4703206181510644
4494,-1.1552834925186746,-1.45428629925072
4495,0.06632741908223598,-1.4875204687666492
4496,0.6364125111626608,0.17418800702981907
4497,-0.3408762181180675,0.5065297021891128
4498,-0.9924020376385531,-0.12491951861354524
4499,1.4100994218432374,1.3041497705714176
4500,-0.748079855318371,0.07448549848203097
4501,-0.9109613101984924,-1.1551787736073555
4502,0.3920903288424788,1.071510583959912
4503,-0.7073594915983407,-1.4875204687666492
4504,-1.2367242199587352,-0.6234320613524857
4505,0.5142514200025698,1.3373839400873468
4506,-1.1552834925186746,0.6394663802528302
4507,1.4100994218432374,1.4703206181510644
4508,-0.8295205827584317,-0.2578561966772627
4509,1.125056875803025,1.0382764144439827
4510,-1.2774445836787656,-0.4572612137728389
4511,-1.2774445836787656,0.20742217654574843
4512,-1.2774445836787656,-1.4875204687666492
4513,-0.9924020376385531,-0.7231345699002738
4514,-1.1145631287986442,0.8388713973484064
4515,-1.2774445836787656,0.1409538375138897
4516,1.0436161483629645,-1.4875204687666492
4517,1.6137012404433893,1.4703206181510644
4518,-0.38159658183809786,-1.3213496211870024
4519,-1.1145631287986442,1.0382764144439827
4520,1.5322605130033284,-0.8560712479639913
4521,-0.8295205827584317,0.6394663802528302
4522,-1.0331224013585834,0.17418800702981907
4523,-1.2774445836787656,-0.6234320613524857
4524,0.47353105628253944,-0.3575587052250508
4525,0.5549717837226001,0.5397638717050421
4526,-0.5037576729981889,-1.4875204687666492
4527,-0.015113308357824713,0.9718080754121239
4528,-1.2774445836787656,-1.4875204687666492
4529,1.4100994218432374,0.6727005497687596
4530,-0.13727439951791576,1.1379789229917707
4531,1.6137012404433893,-1.3878179602188612
4532,-0.8295205827584317,1.2044472620236295
4533,-0.21871512695797646,0.2406563460616778
4534,0.9621754209229036,1.7029598047625698
4535,1.2064976032430856,1.1712130925077
4536,-0.8702409464784621,-0.9890079260277087
4537,-0.0965540357978854,0.3403588546094659
4538,0.3106496014024181,-1.4875204687666492
4539,0.22920887396235737,-1.3213496211870024
4540,-0.1779947632379461,-1.1551787736073555
4541,-1.2774445836787656,0.9718080754121239
4542,-0.8295205827584317,-0.6566662308684151
4543,-0.3408762181180675,0.44006136315725397
4544,1.6137012404433893,-1.3213496211870024
4545,-1.1960038562387048,0.5729980412209714
4546,1.6137012404433893,1.7029598047625698
4547,-1.1552834925186746,-1.3213496211870024
4548,-1.1960038562387048,0.37359302412539525
4549,-1.2774445836787656,-0.49049538328876824
4550,0.43281069256250915,0.44006136315725397
4551,-0.9109613101984924,-0.7896029089321326
4552,-1.2367242199587352,-0.6899004003843444
4553,-0.7073594915983407,-1.5207546382825785
4554,-1.1960038562387048,0.3403588546094659
4555,1.3286586944031769,-0.15815368812947458
4556,-0.21871512695797646,-1.4875204687666492
4557,-1.2774445836787656,0.3071246850935365
4558,0.10704778280226633,-1.45428629925072
4559,-1.2367242199587352,-0.5901978918365564
4560,1.125056875803025,1.1712130925077
4561,0.6771328748826912,-1.5207546382825785
4562,-1.1960038562387048,-0.9890079260277087
4563,-0.3408762181180675,-1.4875204687666492
4564,1.2064976032430856,0.805637227832477
4565,-0.30015585439803716,0.805637227832477
4566,-0.9109613101984924,0.805637227832477
4567,1.4100994218432374,-0.3575587052250508
4568,-1.0331224013585834,0.6727005497687596
4569,-0.3408762181180675,0.5397638717050421
4570,1.6137012404433893,1.7029598047625698
4571,0.8400143297628127,0.3071246850935365
4572,-1.2367242199587352,0.7391688888006183
4573,-1.1145631287986442,0.37359302412539525
4574,0.7992939660427822,-0.9890079260277087
4575,1.6137012404433893,0.3071246850935365
4576,1.5322605130033284,0.47329553267318336
4577,-0.9516816739185228,-1.4875204687666492
4578,-1.2367242199587352,-1.4875204687666492
4579,-0.1779947632379461,-0.15815368812947458
4580,1.6137012404433893,0.7059347192846889
4581,0.3920903288424788,-0.8228370784480619
4582,-0.8702409464784621,1.2376814315395588
4583,1.1657772395230555,-0.49049538328876824
4584,1.247217966963116,0.37359302412539525
4585,-1.2774445836787656,-0.6234320613524857
4586,-0.38159658183809786,-0.556963722320627
4587,1.1657772395230555,-1.4875204687666492
4588,-1.0331224013585834,-1.4875204687666492
4589,-0.748079855318371,-1.4875204687666492
4590,-0.38159658183809786,0.7724030583165477
4591,-0.9516816739185228,0.9053397363802651
4592,-0.8702409464784621,1.1712130925077
4593,0.6364125111626608,0.3403588546094659
4594,1.247217966963116,-1.4875204687666492
4595,-1.0738427650786138,1.1712130925077
4596,-1.1145631287986442,-0.4572612137728389
4597,1.5322605130033284,0.7724030583165477
4598,-0.9924020376385531,0.0412513289661016
4599,0.5549717837226001,-1.3213496211870024
4600,-1.0738427650786138,-1.4875204687666492
4601,1.4508197855632678,0.6394663802528302
4602,-0.055833672077855064,-1.45428629925072
4603,-0.38159658183809786,-1.4875204687666492
4604,-1.0738427650786138,0.6394663802528302
4605,-1.2774445836787656,-0.4572612137728389
4606,-1.2367242199587352,0.47329553267318336
4607,0.43281069256250915,0.9718080754121239
4608,0.5549717837226001,-1.4875204687666492
4609,0.6771328748826912,1.1379789229917707
4610,0.758573602322752,1.0050422449280532
4611,-0.1779947632379461,0.9385739058961945
4612,1.3286586944031769,0.9053397363802651
4613,0.758573602322752,0.6062322107369008
4614,-1.2774445836787656,-1.45428629925072
4615,-1.2774445836787656,0.3403588546094659
4616,-0.3408762181180675,-1.4875204687666492
4617,0.6364125111626608,-0.9890079260277087
4618,-1.2774445836787656,0.5065297021891128
4619,-1.2367242199587352,-0.3575587052250508
4620,-0.21871512695797646,-0.32432453570912145
4621,-1.2774445836787656,-0.49049538328876824
4622,1.5322605130033284,-0.22462202716133334
4623,0.10704778280226633,0.3403588546094659
4624,1.4100994218432374,-0.5237295528046976
4625,-1.2367242199587352,-0.6234320613524857
4626,-0.7073594915983407,-1.45428629925072
4627,-1.2774445836787656,-1.4875204687666492
4628,1.2064976032430856,-1.3213496211870024
4629,0.14776814652229667,-1.4875204687666492
4630,-1.2774445836787656,-1.4875204687666492
4631,1.6137012404433893,1.3373839400873468
4632,1.5322605130033284,0.47329553267318336
4633,-1.2774445836787656,-0.3575587052250508
4634,-0.3408762181180675,-0.22462202716133334
4635,0.5142514200025698,-0.0584511795816865
4636,-0.13727439951791576,-1.4875204687666492
4637,0.025607055362205634,0.805637227832477
4638,-1.0331224013585834,1.1712130925077
4639,-1.0331224013585834,0.5065297021891128
4640,-0.5851984004382496,0.2738905155776072
4641,-1.2367242199587352,-1.5207546382825785
4642,1.369379058123207,0.5065297021891128
4643,-1.1960038562387048,-1.4875204687666492
4644,1.6137012404433893,-1.288115451671073
4645,1.6137012404433893,0.07448549848203097
4646,-0.7888002190384014,-0.6566662308684151
4647,-0.3408762181180675,0.7059347192846889
4648,1.5322605130033284,0.3403588546094659
4649,1.5729808767233588,1.071510583959912
4650,0.9621754209229036,-0.15815368812947458
4651,-1.0738427650786138,0.9718080754121239
4652,-1.2774445836787656,-0.6566662308684151
4653,-0.46303730927815856,-0.6566662308684151
4654,-0.748079855318371,0.008017159450172232
4655,-0.7888002190384014,0.0412513289661016
4656,-0.8295205827584317,0.9718080754121239
4657,1.3286586944031769,0.8721055668643357
4658,-0.0965540357978854,0.6394663802528302
4659,-1.2367242199587352,-1.3545837907029317
4660,-0.8295205827584317,-1.4875204687666492
4661,0.9621754209229036,1.4038522791192056
4662,1.4100994218432374,0.9053397363802651
4663,-1.1552834925186746,-0.4572612137728389
4664,1.3286586944031769,0.9718080754121239
4665,1.125056875803025,1.2044472620236295
4666,0.18848851024232702,1.1712130925077
4667,1.6137012404433893,-1.4875204687666492
4668,0.7992939660427822,1.1712130925077
4669,-0.7888002190384014,1.4038522791192056
4670,0.9621754209229036,1.071510583959912
4671,0.758573602322752,-1.45428629925072
4672,-1.0331224013585834,-0.19138785764540397
4673,-0.62591876415828,0.9718080754121239
4674,-0.5851984004382496,-1.4875204687666492
4675,0.7178532386027215,1.1379789229917707
4676,-0.015113308357824713,-0.32432453570912145
4677,-1.2774445836787656,0.3403588546094659
4678,0.5549717837226001,1.0050422449280532
4679,-0.6666391278783103,-1.4875204687666492
4680,-1.2774445836787656,0.20742217654574843
4681,0.758573602322752,1.1379789229917707
4682,-0.30015585439803716,1.4703206181510644
4683,-0.9924020376385531,-0.6899004003843444
4684,0.025607055362205634,-0.3575587052250508
4685,0.880734693482843,0.008017159450172232
4686,-0.5851984004382496,-1.3213496211870024
4687,-0.21871512695797646,-1.45428629925072
4688,1.4508197855632678,1.2044472620236295
4689,1.0843365120829946,-1.3213496211870024
4690,0.9621754209229036,0.40682719364132464
4691,1.6137012404433893,-1.3213496211870024
4692,0.880734693482843,0.2406563460616778
4693,0.5956921474426305,-1.45428629925072
4694,0.7178532386027215,-0.7231345699002738
4695,1.5729808767233588,1.3041497705714176
4696,-1.2774445836787656,-0.6566662308684151
4697,-1.1960038562387048,0.37359302412539525
4698,-0.46303730927815856,-0.9890079260277087
4699,1.369379058123207,-0.4572612137728389
4700,0.6364125111626608,1.0382764144439827
4701,0.5956921474426305,1.1712130925077
4702,1.125056875803025,-1.3545837907029317
4703,0.18848851024232702,0.8721055668643357
4704,-0.5851984004382496,0.5397638717050421
4705,1.6137012404433893,0.8388713973484064
4706,-1.0738427650786138,0.8721055668643357
4707,0.025607055362205634,0.9718080754121239
4708,0.10704778280226633,1.071510583959912
4709,0.18848851024232702,0.47329553267318336
4710,-1.2774445836787656,0.17418800702981907
4711,1.5729808767233588,-1.3545837907029317
4712,-0.6666391278783103,0.6727005497687596
4713,0.880734693482843,0.3071246850935365
4714,1.6137012404433893,0.6727005497687596
4715,-0.8295205827584317,0.5065297021891128
4716,1.4915401492832983,-1.4875204687666492
4717,-0.3408762181180675,1.270915601055488
4718,-0.9924020376385531,-1.4875204687666492
4719,-0.8702409464784621,-0.32432453570912145
4720,-0.9516816739185228,-0.6899004003843444
4721,0.06632741908223598,0.44006136315725397
4722,1.369379058123207,-0.5901978918365564
4723,0.35136996512244845,-1.45428629925072
4724,-0.6666391278783103,-1.5207546382825785
4725,1.3286586944031769,1.3373839400873468
4726,-0.21871512695797646,-1.4875204687666492
4727,1.4508197855632678,1.3706181096032763
4728,-0.38159658183809786,1.3706181096032763
4729,0.025607055362205634,-1.4875204687666492
4730,-0.30015585439803716,0.8388713973484064
4731,1.6137012404433893,1.6364914657307112
4732,0.26992923768238775,-1.4875204687666492
4733,1.2064976032430856,-1.4875204687666492
4734,0.8400143297628127,-1.4875204687666492
4735,0.8400143297628127,1.1712130925077
4736,-0.5851984004382496,0.5729980412209714
4737,1.2064976032430856,0.805637227832477
4738,1.5322605130033284,0.008017159450172232
4739,-0.21871512695797646,1.3373839400873468
4740,1.1657772395230555,1.270915601055488
4741,0.8400143297628127,1.3041497705714176
4742,0.880734693482843,1.3041497705714176
4743,1.2879383306831464,1.5700231266988525
4744,-0.0965540357978854,1.1712130925077
4745,0.7178532386027215,-1.45428629925072
4746,0.22920887396235737,1.3373839400873468
4747,1.6137012404433893,1.1379789229917707
4748,0.26992923768238775,1.3706181096032763
4749,-0.0965540357978854,-0.025217010065757134
4750,-0.2594354906780068,1.0050422449280532
4751,-1.0738427650786138,0.7059347192846889
4752,-0.6666391278783103,-0.3575587052250508
4753,0.758573602322752,-0.29109036619319206
4754,-0.62591876415828,1.1379789229917707
4755,-1.2774445836787656,0.47329553267318336
4756,1.2064976032430856,-1.4875204687666492
4757,-0.7888002190384014,0.008017159450172232
4758,1.2879383306831464,0.2738905155776072
4759,0.47353105628253944,0.6727005497687596
4760,-0.6666391278783103,1.6032572962147817
4761,-0.7073594915983407,-1.3213496211870024
4762,0.14776814652229667,-0.7896029089321326
4763,-1.2774445836787656,0.8721055668643357
4764,-0.3408762181180675,0.17418800702981907
4765,1.125056875803025,-1.4875204687666492
4766,-1.1960038562387048,0.9053397363802651
4767,-0.6666391278783103,0.8721055668643357
4768,1.369379058123207,0.7059347192846889
4769,1.369379058123207,1.3041497705714176
4770,0.5142514200025698,-1.4875204687666492
4771,0.43281069256250915,1.536788957182923
4772,1.5729808767233588,-1.4875204687666492
4773,-1.2774445836787656,-0.6566662308684151
4774,-1.2774445836787656,0.20742217654574843
4775,-0.5037576729981889,0.5397638717050421
4776,1.3286586944031769,-0.3575587052250508
4777,-0.5444780367182193,-1.4875204687666492
4778,0.14776814652229667,-1.4875204687666492
4779,1.5729808767233588,1.4703206181510644
4780,-1.2774445836787656,-1.3213496211870024
4781,0.025607055362205634,0.10771966799796033
4782,1.5729808767233588,-0.3575587052250508
4783,-0.7888002190384014,0.10771966799796033
4784,-0.13727439951791576,-1.5207546382825785
4785,-0.7888002190384014,0.2406563460616778
4786,-0.4223169455581282,-0.2578561966772627
4787,-1.0331224013585834,1.1379789229917707
4788,0.5956921474426305,-1.3213496211870024
4789,-0.2594354906780068,-1.4875204687666492
4790,-0.7888002190384014,-0.15815368812947458
4791,-0.2594354906780068,0.8388713973484064
4792,-1.2367242199587352,-1.4875204687666492
4793,-1.1552834925186746,-1.3545837907029317
4794,0.7992939660427822,0.5397638717050421
4795,-1.1960038562387048,0.8721055668643357
4796,1.2064976032430856,1.536788957182923
4797,1.5322605130033284,0.9718080754121239
4798,1.5729808767233588,1.3041497705714176
4799,1.4915401492832983,-0.9557737565117794
4800,0.10704778280226633,-1.288115451671073
4801,1.247217966963116,1.270915601055488
4802,1.4915401492832983,1.3373839400873468
4803,1.6137012404433893,1.1712130925077
4804,0.14776814652229667,0.5065297021891128
4805,0.025607055362205634,0.2738905155776072
4806,-0.1779947632379461,0.8388713973484064
4807,-0.21871512695797646,-1.4875204687666492
4808,-1.2774445836787656,0.3071246850935365
4809,1.6137012404433893,-0.8893054174799206
4810,1.247217966963116,1.1047447534758412
4811,-0.8295205827584317,0.17418800702981907
4812,-0.8295205827584317,-1.3213496211870024
4813,1.5322605130033284,1.6032572962147817
4814,-1.2774445836787656,-0.6566662308684151
4815,-0.5037576729981889,0.805637227832477
4816,1.6137012404433893,-1.3213496211870024
4817,-1.1145631287986442,0.37359302412539525
4818,0.26992923768238775,-1.3213496211870024
4819,-1.2774445836787656,-0.3575587052250508
4820,-0.7073594915983407,-0.32432453570912145
4821,1.6137012404433893,-1.3213496211870024
4822,-0.3408762181180675,-0.9557737565117794
4823,0.06632741908223598,1.3041497705714176
4824,-0.9516816739185228,0.5065297021891128
4825,1.6137012404433893,0.7724030583165477
4826,-0.9924020376385531,-1.45428629925072
4827,-1.0738427650786138,-1.5207546382825785
4828,0.14776814652229667,0.7724030583165477
4829,1.6137012404433893,-1.3213496211870024
4830,-0.9924020376385531,-0.49049538328876824
4831,0.47353105628253944,-1.4875204687666492
4832,-0.5851984004382496,0.17418800702981907
4833,0.26992923768238775,1.1712130925077
4834,1.125056875803025,1.0050422449280532
4835,-1.2774445836787656,-0.8228370784480619
4836,-0.46303730927815856,-1.4875204687666492
4837,1.125056875803025,0.6727005497687596
4838,1.2064976032430856,0.20742217654574843
4839,-0.9924020376385531,-1.4875204687666492
4840,1.3286586944031769,-1.3213496211870024
4841,-0.62591876415828,-1.45428629925072
4842,1.125056875803025,-0.12491951861354524
4843,-0.8702409464784621,-1.5207546382825785
4844,-1.2367242199587352,-1.4875204687666492
4845,-0.46303730927815856,1.3041497705714176
4846,1.369379058123207,1.270915601055488
4847,-0.6666391278783103,-1.5207546382825785
4848,1.369379058123207,0.3403588546094659
4849,0.5549717837226001,0.47329553267318336
4850,1.5322605130033284,0.8388713973484064
4851,1.6137012404433893,-1.4875204687666492
4852,-1.2774445836787656,-0.6566662308684151
4853,-1.2774445836787656,-1.3545837907029317
4854,-0.9924020376385531,1.2044472620236295
4855,-1.2367242199587352,-0.5237295528046976
4856,-1.2774445836787656,-1.5207546382825785
4857,-0.62591876415828,-1.4875204687666492
4858,1.0436161483629645,-0.49049538328876824
4859,1.0843365120829946,0.7391688888006183
4860,-0.8295205827584317,0.805637227832477
4861,-1.1960038562387048,-0.025217010065757134
4862,-0.015113308357824713,-0.4572612137728389
4863,-1.0331224013585834,-1.3213496211870024
4864,-0.9924020376385531,-1.4875204687666492
4865,-0.4223169455581282,0.6727005497687596
4866,1.369379058123207,1.071510583959912
4867,-0.38159658183809786,0.3403588546094659
4868,-1.2774445836787656,0.7059347192846889
4869,-0.46303730927815856,0.008017159450172232
4870,-0.9516816739185228,0.3403588546094659
4871,0.47353105628253944,-0.29109036619319206
4872,-0.7073594915983407,0.47329553267318336
4873,1.4100994218432374,0.3071246850935365
4874,0.9621754209229036,1.1047447534758412
4875,-1.1552834925186746,-1.188412943123285
4876,0.43281069256250915,0.47329553267318336
4877,1.1657772395230555,0.5729980412209714
4878,0.47353105628253944,0.008017159450172232
4879,-0.9516816739185228,0.37359302412539525
4880,1.6137012404433893,1.7029598047625698
4881,-1.0331224013585834,1.0050422449280532
4882,-0.9516816739185228,-0.6899004003843444
4883,0.758573602322752,-1.4875204687666492
4884,1.369379058123207,-1.188412943123285
4885,-0.748079855318371,-1.3213496211870024
4886,-0.9109613101984924,-1.4875204687666492
4887,-0.62591876415828,-1.5207546382825785
4888,0.6364125111626608,1.0050422449280532
4889,-0.5444780367182193,-1.4875204687666492
4890,-1.2774445836787656,-1.5207546382825785
4891,1.247217966963116,-1.4875204687666492
4892,1.4100994218432374,1.3373839400873468
4893,1.247217966963116,-0.025217010065757134
4894,1.5729808767233588,0.1409538375138897
4895,0.14776814652229667,-0.3575587052250508
4896,-0.6666391278783103,0.9053397363802651
4897,-1.2367242199587352,-1.45428629925072
4898,1.6137012404433893,1.3373839400873468
4899,-0.3408762181180675,-0.32432453570912145
4900,0.3920903288424788,1.2376814315395588
4901,0.5142514200025698,-1.45428629925072
4902,1.0843365120829946,1.1712130925077
4903,1.247217966963116,1.0382764144439827
4904,-1.2774445836787656,-1.4875204687666492
4905,0.43281069256250915,-0.15815368812947458
4906,1.5729808767233588,0.7391688888006183
4907,-0.8295205827584317,-0.6899004003843444
4908,-0.30015585439803716,-1.5207546382825785
4909,1.6137012404433893,0.6394663802528302
4910,-1.0738427650786138,-0.32432453570912145
4911,-0.0965540357978854,-1.3213496211870024
4912,0.5549717837226001,1.1712130925077
4913,-1.2367242199587352,0.2738905155776072
4914,0.5956921474426305,1.3706181096032763
4915,0.758573602322752,-1.0222420955436382
4916,0.3920903288424788,-1.45428629925072
4917,1.2064976032430856,1.2044472620236295
4918,-1.1145631287986442,-1.45428629925072
4919,0.8400143297628127,0.2406563460616778
4920,-0.9109613101984924,1.1379789229917707
4921,-0.5851984004382496,-0.2578561966772627
4922,-1.2774445836787656,-1.4875204687666492
4923,0.758573602322752,0.7059347192846889
4924,1.1657772395230555,0.7059347192846889
4925,-1.0331224013585834,-0.6566662308684151
4926,0.7178532386027215,1.3041497705714176
4927,-1.1552834925186746,0.5065297021891128
4928,0.5956921474426305,0.6727005497687596
4929,-0.015113308357824713,-0.09168534909761586
4930,-1.2367242199587352,-0.6566662308684151
4931,-0.21871512695797646,-0.9557737565117794
4932,-0.9109613101984924,-0.29109036619319206
4933,-1.2774445836787656,0.5065297021891128
4934,-0.46303730927815856,0.3071246850935365
4935,-0.8295205827584317,-1.45428629925072
4936,-1.2774445836787656,-1.4875204687666492
4937,0.758573602322752,-1.4875204687666492
4938,-1.1960038562387048,-0.19138785764540397
4939,1.6137012404433893,1.4038522791192056
4940,-1.2774445836787656,-0.6899004003843444
4941,-1.1145631287986442,0.6727005497687596
4942,-1.2774445836787656,0.6727005497687596
4943,1.369379058123207,-1.3213496211870024
4944,1.1657772395230555,0.3403588546094659
4945,-0.015113308357824713,1.1712130925077
4946,1.3286586944031769,-1.5207546382825785
4947,0.35136996512244845,1.2044472620236295
4948,-0.748079855318371,0.8388713973484064
4949,-1.2367242199587352,0.8388713973484064
4950,-0.13727439951791576,-0.22462202716133334
4951,-0.9109613101984924,-0.4572612137728389
4952,-0.015113308357824713,0.17418800702981907
4953,-1.0331224013585834,-1.4875204687666492
4954,1.5729808767233588,0.40682719364132464
4955,-0.8702409464784621,-1.4875204687666492
4956,-1.2367242199587352,-1.45428629925072
4957,-1.2774445836787656,-1.45428629925072
4958,-0.38159658183809786,-1.4875204687666492
4959,1.2064976032430856,1.2044472620236295
4960,-1.0331224013585834,0.47329553267318336
4961,1.5729808767233588,1.6364914657307112
4962,-1.2367242199587352,0.7391688888006183
4963,1.6137012404433893,0.1409538375138897
4964,1.5729808767233588,-1.4875204687666492
4965,-0.8295205827584317,0.5065297021891128
4966,-1.1960038562387048,-0.6899004003843444
4967,-0.46303730927815856,1.1379789229917707
4968,-0.9924020376385531,-1.4875204687666492
4969,-0.9109613101984924,-1.4875204687666492
4970,-1.1960038562387048,-0.49049538328876824
4971,0.7992939660427822,0.6394663802528302
4972,1.0436161483629645,-1.5207546382825785
4973,0.14776814652229667,0.37359302412539525
4974,1.1657772395230555,0.5397638717050421
4975,1.2064976032430856,-1.4875204687666492
4976,1.6137012404433893,1.6697256352466405
4977,1.0843365120829946,0.9385739058961945
4978,-0.7888002190384014,-1.4875204687666492
4979,0.06632741908223598,0.8388713973484064
4980,-1.2774445836787656,-0.6234320613524857
4981,-0.4223169455581282,-0.3575587052250508
4982,1.5729808767233588,-1.3545837907029317
4983,0.6771328748826912,0.8388713973484064
4984,-0.9516816739185228,0.8388713973484064
4985,-1.1552834925186746,0.44006136315725397
4986,1.6137012404433893,-1.3213496211870024
4987,-0.30015585439803716,1.1712130925077
4988,-1.2774445836787656,-1.3213496211870024
4989,0.3920903288424788,-1.4875204687666492
4990,0.10704778280226633,1.1379789229917707
4991,-1.2774445836787656,-1.3213496211870024
4992,-1.1960038562387048,-1.5207546382825785
4993,0.47353105628253944,-0.15815368812947458
4994,0.5142514200025698,1.0050422449280532
4995,-1.2774445836787656,-1.1551787736073555
4996,1.5729808767233588,0.8721055668643357
4997,-0.5851984004382496,1.0382764144439827
4998,-1.2367242199587352,0.3403588546094659
4999,-1.2774445836787656,-0.49049538328876824
5000,0.025607055362205634,1.1712130925077
5001,1.6137012404433893,0.805637227832477
5002,1.5729808767233588,-0.29109036619319206
5003,-1.2367242199587352,0.3071246850935365
5004,1.002895784642934,-1.4875204687666492
5005,0.7992939660427822,-0.4572612137728389
5006,0.6771328748826912,1.3041497705714176
5007,-1.2774445836787656,0.20742217654574843
5008,-1.2774445836787656,-1.45428629925072
5009,-1.0331224013585834,-1.45428629925072
5010,-0.5851984004382496,0.9718080754121239
5011,-1.2367242199587352,0.17418800702981907
5012,0.18848851024232702,-0.32432453570912145
5013,-1.2774445836787656,-1.3545837907029317
5014,0.6364125111626608,-0.6566662308684151
5015,0.18848851024232702,1.0382764144439827
5016,-1.1960038562387048,0.3071246850935365
5017,0.10704778280226633,-0.32432453570912145
5018,-0.7073594915983407,-1.4875204687666492
5019,-1.2774445836787656,-1.4875204687666492
5020,1.6137012404433893,-1.45428629925072
5021,-0.5851984004382496,-1.5207546382825785
5022,-1.2367242199587352,0.7059347192846889
5023,0.10704778280226633,-0.32432453570912145
5024,-0.8702409464784621,-0.5237295528046976
5025,-0.2594354906780068,0.47329553267318336
5026,0.18848851024232702,0.2406563460616778
5027,0.9621754209229036,1.1712130925077
5028,1.4915401492832983,-0.15815368812947458
5029,1.5729808767233588,-1.4875204687666492
5030,1.2064976032430856,1.7029598047625698
5031,0.7178532386027215,-0.9890079260277087
5032,1.2064976032430856,1.536788957182923
5033,0.880734693482843,1.1712130925077
5034,1.247217966963116,0.7391688888006183
5035,-0.4223169455581282,-0.22462202716133334
5036,-0.0965540357978854,-1.5207546382825785
5037,1.002895784642934,-0.3575587052250508
5038,1.0436161483629645,1.1047447534758412
5039,0.9214550572028734,-0.6566662308684151
5040,0.18848851024232702,1.2376814315395588
5041,-1.2367242199587352,-0.3575587052250508
5042,0.6771328748826912,0.7724030583165477
5043,-0.3408762181180675,0.47329553267318336
5044,-0.13727439951791576,-0.32432453570912145
5045,-1.2774445836787656,-0.6566662308684151
5046,1.6137012404433893,1.5035547876669937
5047,-0.8702409464784621,-0.025217010065757134
5048,-1.0331224013585834,0.1409538375138897
5049,1.0843365120829946,-1.45428629925072
5050,1.4508197855632678,-0.29109036619319206
5051,1.4100994218432374,0.9718080754121239
5052,-1.2367242199587352,0.47329553267318336
5053,-0.055833672077855064,0.8721055668643357
5054,-0.6666391278783103,-0.025217010065757134
5055,-1.2774445836787656,0.5065297021891128
5056,-0.62591876415828,0.9718080754121239
5057,-1.0331224013585834,0.805637227832477
5058,-1.2774445836787656,-1.45428629925072
5059,-0.9109613101984924,-0.9557737565117794
5060,-1.2367242199587352,0.8388713973484064
5061,1.0843365120829946,0.8388713973484064
5062,-1.1960038562387048,0.3403588546094659
5063,1.6137012404433893,0.6727005497687596
5064,-0.4223169455581282,0.805637227832477
5065,-0.7888002190384014,-0.4572612137728389
5066,-0.9109613101984924,-0.6566662308684151
5067,0.10704778280226633,-0.6234320613524857
5068,1.5729808767233588,1.1379789229917707
5069,-0.015113308357824713,0.3403588546094659
5070,-1.1145631287986442,-0.29109036619319206
5071,-0.055833672077855064,0.6727005497687596
5072,0.5549717837226001,-0.6566662308684151
5073,-0.5037576729981889,0.47329553267318336
5074,-0.9109613101984924,0.5065297021891128
5075,0.5956921474426305,1.4038522791192056
5076,-0.38159658183809786,0.8388713973484064
5077,-0.46303730927815856,0.9718080754121239
5078,1.247217966963116,0.8388713973484064
5079,-1.2367242199587352,-0.49049538328876824
5080,-1.1145631287986442,-1.4875204687666492
5081,-1.1552834925186746,0.5065297021891128
5082,0.7992939660427822,0.0412513289661016
5083,-0.2594354906780068,-1.4875204687666492
5084,-1.2367242199587352,0.17418800702981907
5085,-1.2774445836787656,-1.4875204687666492
5086,0.47353105628253944,-0.3575587052250508
5087,-1.2367242199587352,-1.3213496211870024
5088,-1.2367242199587352,-1.4875204687666492
5089,0.025607055362205634,1.437086448635135
5090,-0.0965540357978854,1.0050422449280532
5091,-0.748079855318371,1.1712130925077
5092,-1.2774445836787656,-1.4875204687666492
5093,-0.8295205827584317,1.0050422449280532
5094,0.35136996512244845,0.805637227832477
5095,-0.9516816739185228,1.270915601055488
5096,1.4915401492832983,1.5035547876669937
5097,-1.2774445836787656,0.5065297021891128
5098,-1.2367242199587352,-1.4875204687666492
5099,-1.2367242199587352,-0.5237295528046976
5100,-0.0965540357978854,-0.29109036619319206
5101,0.758573602322752,0.9718080754121239
5102,0.7178532386027215,1.2044472620236295
5103,1.4915401492832983,-1.3545837907029317
5104,1.5322605130033284,1.5035547876669937
5105,0.7992939660427822,-0.12491951861354524
5106,-0.5851984004382496,-0.5237295528046976
5107,0.5549717837226001,0.805637227832477
5108,0.9214550572028734,-1.5207546382825785
5109,-1.1145631287986442,0.37359302412539525
5110,-1.1960038562387048,0.7391688888006183
5111,-1.0738427650786138,-1.5207546382825785
5112,1.5322605130033284,0.6394663802528302
5113,1.0843365120829946,0.2406563460616778
5114,0.3106496014024181,-0.32432453570912145
5115,1.5729808767233588,-1.4875204687666492
5116,-1.1145631287986442,0.5065297021891128
5117,-0.9109613101984924,0.7059347192846889
5118,1.3286586944031769,1.4038522791192056
5119,-1.1145631287986442,-1.3545837907029317
5120,-1.2774445836787656,-0.49049538328876824
5121,1.002895784642934,-1.5207546382825785
5122,1.2064976032430856,0.5397638717050421
5123,-0.0965540357978854,0.1409538375138897
5124,-0.13727439951791576,-1.0222420955436382
5125,0.9621754209229036,-1.3213496211870024
5126,1.0436161483629645,-0.6566662308684151
5127,0.10704778280226633,0.2738905155776072
5128,1.4100994218432374,1.3373839400873468
5129,1.5322605130033284,0.6727005497687596
5130,-0.3408762181180675,-0.29109036619319206
5131,0.06632741908223598,-0.2578561966772627
5132,1.5729808767233588,1.1712130925077
5133,-1.1552834925186746,0.6062322107369008
5134,-0.8295205827584317,0.5397638717050421
5135,-0.7073594915983407,-0.4240270442569095
5136,0.5549717837226001,-1.3213496211870024
5137,0.47353105628253944,-0.09168534909761586
5138,0.3106496014024181,1.270915601055488
5139,-0.748079855318371,1.3373839400873468
5140,1.4508197855632678,-0.12491951861354524
5141,0.025607055362205634,-0.12491951861354524
5142,-0.13727439951791576,-1.4875204687666492
5143,1.0843365120829946,1.4038522791192056
5144,-0.30015585439803716,0.3071246850935365
5145,-1.0331224013585834,0.1409538375138897
5146,-0.6666391278783103,0.17418800702981907
5147,0.22920887396235737,0.3071246850935365
5148,-0.9109613101984924,0.10771966799796033
5149,1.4915401492832983,-1.4875204687666492
5150,0.880734693482843,-0.32432453570912145
5151,0.8400143297628127,0.6727005497687596
5152,-1.2774445836787656,-1.4875204687666492
5153,0.35136996512244845,0.3403588546094659
5154,-0.055833672077855064,-1.4875204687666492
5155,-0.5037576729981889,1.4038522791192056
5156,-0.5444780367182193,-1.3213496211870024
5157,0.7178532386027215,0.37359302412539525
5158,-0.21871512695797646,-1.4875204687666492
5159,0.880734693482843,1.5035547876669937
5160,0.3920903288424788,1.0050422449280532
5161,-1.2774445836787656,-1.5207546382825785
5162,-0.8295205827584317,-1.5207546382825785
5163,0.6771328748826912,1.2044472620236295
5164,-0.21871512695797646,0.1409538375138897
5165,-0.3408762181180675,-1.4875204687666492
5166,1.4100994218432374,1.3373839400873468
5167,-1.2367242199587352,-0.6566662308684151
5168,1.6137012404433893,1.6364914657307112
5169,0.7992939660427822,1.3706181096032763
5170,-0.9109613101984924,0.3071246850935365
5171,1.6137012404433893,0.3071246850935365
5172,-1.0331224013585834,0.3403588546094659
5173,1.6137012404433893,1.7029598047625698
5174,0.758573602322752,0.5397638717050421
5175,-0.2594354906780068,1.1047447534758412
5176,0.7992939660427822,1.4703206181510644
5177,0.5956921474426305,-1.45428629925072
5178,0.14776814652229667,-1.5207546382825785
5179,-1.1960038562387048,-1.4875204687666492
5180,-1.2774445836787656,0.20742217654574843
5181,-0.8295205827584317,-0.6899004003843444
5182,1.6137012404433893,1.5700231266988525
5183,-0.8295205827584317,-1.4875204687666492
5184,-1.2774445836787656,1.0050422449280532
5185,-0.0965540357978854,0.17418800702981907
5186,0.3920903288424788,-0.49049538328876824
5187,-1.1960038562387048,0.1409538375138897
5188,-0.7888002190384014,0.805637227832477
5189,-0.8295205827584317,1.1712130925077
5190,1.002895784642934,1.2044472620236295
5191,-0.015113308357824713,0.6727005497687596
5192,1.4508197855632678,0.40682719364132464
5193,-0.9924020376385531,-1.4875204687666492
5194,-1.2774445836787656,-1.4875204687666492
5195,0.5549717837226001,-1.4875204687666492
5196,-0.9109613101984924,1.0050422449280532
5197,-1.1552834925186746,-1.1551787736073555
5198,-1.2774445836787656,-0.6234320613524857
5199,-1.1552834925186746,0.6727005497687596
5200,1.4508197855632678,-1.4875204687666492
5201,1.0436161483629645,0.9718080754121239
5202,-1.2774445836787656,-1.3545837907029317
5203,-0.8295205827584317,0.2738905155776072
5204,1.6137012404433893,1.6364914657307112
5205,-1.1145631287986442,1.1712130925077
5206,-0.5037576729981889,-1.4875204687666492
5207,-0.21871512695797646,-1.5207546382825785
5208,-0.055833672077855064,0.6727005497687596
5209,1.5322605130033284,1.1047447534758412
5210,1.4100994218432374,0.1409538375138897
5211,-1.1960038562387048,-0.49049538328876824
5212,-1.2774445836787656,-1.4875204687666492
5213,-0.1779947632379461,-0.3575587052250508
5214,-0.13727439951791576,-1.4875204687666492
5215,-1.1552834925186746,0.3403588546094659
5216,0.7178532386027215,0.5065297021891128
5217,0.06632741908223598,-0.025217010065757134
5218,1.4100994218432374,0.8388713973484064
5219,1.6137012404433893,1.3041497705714176
5220,-1.1552834925186746,1.1712130925077
5221,-1.0331224013585834,0.6394663802528302
5222,0.5956921474426305,1.3041497705714176
5223,-0.8702409464784621,-0.4572612137728389
5224,0.3106496014024181,1.3373839400873468
5225,0.3106496014024181,1.2376814315395588
5226,0.35136996512244845,-1.4875204687666492
5227,-0.055833672077855064,0.9718080754121239
5228,1.2064976032430856,-1.3878179602188612
5229,1.1657772395230555,1.3041497705714176
5230,1.4100994218432374,-0.9557737565117794
5231,1.6137012404433893,-1.3545837907029317
5232,1.2064976032430856,-0.8560712479639913
5233,-1.2367242199587352,0.17418800702981907
5234,1.0843365120829946,1.1712130925077
5235,-1.1552834925186746,-0.29109036619319206
5236,1.6137012404433893,0.8388713973484064
5237,1.5322605130033284,0.008017159450172232
5238,1.5729808767233588,-1.3545837907029317
5239,0.22920887396235737,1.1379789229917707
5240,-0.5444780367182193,0.8721055668643357
5241,-1.1960038562387048,0.17418800702981907
5242,-1.1552834925186746,-0.22462202716133334
5243,-1.1552834925186746,-0.6234320613524857
5244,-0.5851984004382496,1.0050422449280532
5245,0.758573602322752,-1.3213496211870024
5246,-0.7888002190384014,0.6727005497687596
5247,-1.1960038562387048,0.5065297021891128
5248,-0.9109613101984924,0.6727005497687596
5249,1.1657772395230555,1.1379789229917707
5250,-0.8295205827584317,-1.4875204687666492
5251,-0.055833672077855064,-0.9890079260277087
5252,-1.2774445836787656,-1.4875204687666492
5253,1.6137012404433893,0.0412513289661016
5254,-0.748079855318371,0.8388713973484064
5255,-0.8702409464784621,0.5065297021891128
5256,0.9621754209229036,1.0050422449280532
5257,-0.055833672077855064,0.5397638717050421
5258,-1.1552834925186746,-1.4875204687666492
5259,-0.46303730927815856,0.008017159450172232
5260,-0.4223169455581282,-1.45428629925072
5261,-1.2774445836787656,0.17418800702981907
5262,-0.38159658183809786,0.8388713973484064
5263,-0.13727439951791576,-0.8228370784480619
5264,0.5956921474426305,-0.15815368812947458
5265,1.3286586944031769,1.4703206181510644
5266,-1.2774445836787656,-1.1551787736073555
5267,-0.9924020376385531,-0.3575587052250508
5268,-0.3408762181180675,0.6062322107369008
5269,-0.9516816739185228,0.6394663802528302
5270,-1.1145631287986442,-0.49049538328876824
5271,-0.30015585439803716,0.8388713973484064
5272,-1.2367242199587352,0.1409538375138897
5273,-1.0738427650786138,-1.4875204687666492
5274,0.35136996512244845,-1.4875204687666492
5275,-0.8702409464784621,-0.6566662308684151
5276,-0.13727439951791576,1.1379789229917707
5277,-0.0965540357978854,-1.4875204687666492
5278,1.6137012404433893,1.7029598047625698
5279,1.5322605130033284,1.1047447534758412
5280,-0.30015585439803716,-0.3575587052250508
5281,-0.8295205827584317,-1.188412943123285
5282,-0.8295205827584317,-1.4875204687666492
5283,1.247217966963116,1.437086448635135
5284,0.5956921474426305,1.1379789229917707
5285,1.6137012404433893,1.1379789229917707
5286,-0.5851984004382496,-0.49049538328876824
5287,1.5729808767233588,0.6727005497687596
5288,-1.2774445836787656,0.3403588546094659
5289,0.3920903288424788,-0.3575587052250508
5290,-0.5444780367182193,0.805637227832477
5291,1.6137012404433893,1.3373839400873468
5292,1.5322605130033284,1.6364914657307112
5293,0.9621754209229036,0.2738905155776072
5294,0.5549717837226001,-0.6234320613524857
5295,-1.2367242199587352,-1.4875204687666492
5296,1.6137012404433893,1.437086448635135
5297,1.4915401492832983,0.6727005497687596
5298,-1.2774445836787656,-1.4875204687666492
5299,0.8400143297628127,-1.45428629925072
5300,-0.13727439951791576,-1.4875204687666492
5301,0.10704778280226633,-0.5237295528046976
5302,-0.9516816739185228,0.7724030583165477
5303,-0.5444780367182193,0.805637227832477
5304,1.1657772395230555,1.6697256352466405
5305,-0.9924020376385531,-0.32432453570912145
5306,-0.13727439951791576,1.2044472620236295
5307,1.6137012404433893,1.437086448635135
5308,-1.2774445836787656,1.1712130925077
5309,-1.0331224013585834,0.07448549848203097
5310,-0.6666391278783103,-0.5237295528046976
5311,-0.46303730927815856,-1.288115451671073
5312,-1.0331224013585834,-0.8228370784480619
5313,-1.0331224013585834,0.8388713973484064
5314,-0.015113308357824713,0.8721055668643357
5315,1.4100994218432374,1.7029598047625698
5316,1.4100994218432374,1.4703206181510644
5317,-0.3408762181180675,-0.32432453570912145
5318,-0.62591876415828,-1.45428629925072
5319,-0.3408762181180675,-0.49049538328876824
5320,-0.1779947632379461,1.071510583959912
5321,0.22920887396235737,1.0050422449280532
5322,0.22920887396235737,0.5065297021891128
5323,-1.2774445836787656,0.47329553267318336
5324,1.6137012404433893,1.270915601055488
5325,-0.9924020376385531,1.2044472620236295
5326,1.2064976032430856,0.8388713973484064
5327,1.4100994218432374,0.7724030583165477
5328,-0.5851984004382496,-1.4875204687666492
5329,-1.2367242199587352,-0.025217010065757134
5330,0.025607055362205634,-1.0222420955436382
5331,1.5729808767233588,-1.3545837907029317
5332,-1.0331224013585834,-1.45428629925072
5333,-1.1145631287986442,0.17418800702981907
5334,-0.62591876415828,0.9385739058961945
5335,-0.8295205827584317,-1.4875204687666492
5336,0.7178532386027215,1.4703206181510644
5337,0.5142514200025698,-0.4572612137728389
5338,0.9621754209229036,1.1379789229917707
5339,1.0843365120829946,0.37359302412539525
5340,-1.2774445836787656,0.7391688888006183
5341,-1.2774445836787656,0.5397638717050421
5342,1.4100994218432374,0.8388713973484064
5343,0.26992923768238775,-0.6566662308684151
5344,0.14776814652229667,0.9385739058961945
5345,1.6137012404433893,0.17418800702981907
5346,1.369379058123207,1.1712130925077
5347,-0.9516816739185228,-1.4875204687666492
5348,1.4508197855632678,-1.288115451671073
5349,-1.0331224013585834,-1.3545837907029317
5350,-1.2774445836787656,-1.4875204687666492
5351,-1.1552834925186746,-0.49049538328876824
5352,0.26992923768238775,0.2738905155776072
5353,-1.0331224013585834,-1.45428629925072
5354,1.6137012404433893,0.6394663802528302
5355,0.5549717837226001,1.2044472620236295
5356,1.1657772395230555,1.1047447534758412
5357,-0.5037576729981889,-1.4875204687666492
5358,0.43281069256250915,1.1712130925077
5359,1.2064976032430856,-1.45428629925072
5360,1.4915401492832983,-0.6234320613524857
5361,-1.2367242199587352,-0.12491951861354524
5362,-0.015113308357824713,0.5397638717050421
5363,-0.9109613101984924,1.3041497705714176
5364,1.4508197855632678,1.1712130925077
5365,-0.7888002190384014,0.3403588546094659
5366,-1.2367242199587352,-0.3575587052250508
5367,0.06632741908223598,-1.288115451671073
5368,1.6137012404433893,0.8388713973484064
5369,1.2879383306831464,1.3373839400873468
5370,1.125056875803025,-1.45428629925072
5371,-1.1960038562387048,0.008017159450172232
5372,-1.2367242199587352,0.17418800702981907
5373,1.3286586944031769,1.0382764144439827
5374,0.7178532386027215,-1.3213496211870024
5375,1.247217966963116,0.5397638717050421
5376,1.125056875803025,0.805637227832477
5377,-0.4223169455581282,-1.288115451671073
5378,-0.9924020376385531,0.5397638717050421
5379,-0.38159658183809786,0.3071246850935365
5380,-1.1552834925186746,0.3071246850935365
5381,-1.2367242199587352,-1.5207546382825785
5382,-0.5037576729981889,-1.4875204687666492
5383,-1.318164947398796,0.5397638717050421
5384,-1.2367242199587352,-1.4875204687666492
5385,1.2064976032430856,-1.288115451671073
5386,-0.748079855318371,0.5065297021891128
5387,0.9621754209229036,-1.4875204687666492
5388,0.06632741908223598,0.9718080754121239
5389,1.247217966963116,0.8388713973484064
5390,0.6771328748826912,-0.9557737565117794
5391,0.06632741908223598,1.2044472620236295
5392,-1.2774445836787656,-0.6899004003843444
5393,1.6137012404433893,0.8721055668643357
5394,-0.7888002190384014,-0.49049538328876824
5395,1.4508197855632678,0.6062322107369008
5396,-1.1552834925186746,0.17418800702981907
5397,-0.5851984004382496,-0.32432453570912145
5398,-0.5444780367182193,1.1712130925077
5399,0.3106496014024181,0.47329553267318336
5400,-0.748079855318371,-1.4875204687666492
5401,0.5549717837226001,-0.6566662308684151
5402,-1.2774445836787656,0.6727005497687596
5403,-0.9924020376385531,0.008017159450172232
5404,-0.38159658183809786,-0.15815368812947458
5405,0.9621754209229036,0.2738905155776072
5406,-1.1960038562387048,0.6394663802528302
5407,0.9214550572028734,0.008017159450172232
5408,-1.1552834925186746,-0.5237295528046976
5409,1.6137012404433893,0.008017159450172232
5410,-0.62591876415828,-1.5207546382825785
5411,1.3286586944031769,1.1379789229917707
5412,-1.2774445836787656,-1.4875204687666492
5413,0.7992939660427822,0.5065297021891128
5414,-0.30015585439803716,-1.4875204687666492
5415,1.0436161483629645,0.9718080754121239
5416,1.5729808767233588,-0.556963722320627
5417,-1.1960038562387048,0.3071246850935365
5418,-0.62591876415828,0.07448549848203097
5419,-1.2774445836787656,0.17418800702981907
5420,-0.62591876415828,0.5065297021891128
5421,-0.7888002190384014,-0.3575587052250508
5422,-1.2774445836787656,0.17418800702981907
5423,-0.13727439951791576,-0.19138785764540397
5424,1.002895784642934,1.6032572962147817
5425,-0.8295205827584317,-0.4572612137728389
5426,-0.7888002190384014,0.8388713973484064
5427,0.8400143297628127,-1.3213496211870024
5428,1.002895784642934,-0.15815368812947458
5429,1.3286586944031769,1.3706181096032763
5430,-1.1552834925186746,-0.15815368812947458
5431,-0.7888002190384014,-0.32432453570912145
5432,-0.9924020376385531,-1.5207546382825785
5433,1.125056875803025,1.3706181096032763
5434,-0.7073594915983407,0.7724030583165477
5435,-1.2774445836787656,0.17418800702981907
5436,-1.1552834925186746,-1.4875204687666492
5437,0.06632741908223598,-1.1551787736073555
5438,-1.2774445836787656,-0.6566662308684151
5439,0.10704778280226633,1.437086448635135
5440,-1.2367242199587352,-0.32432453570912145
5441,0.06632741908223598,-1.45428629925072
5442,-0.7073594915983407,-1.4875204687666492
5443,0.3920903288424788,0.0412513289661016
5444,1.5322605130033284,-1.4875204687666492
5445,0.06632741908223598,0.47329553267318336
5446,-1.2774445836787656,-1.4875204687666492
5447,0.3920903288424788,0.47329553267318336
5448,-1.2774445836787656,-1.5207546382825785
5449,1.002895784642934,-0.3907928747409802
5450,-0.748079855318371,0.008017159450172232
5451,-0.9109613101984924,-0.2578561966772627
5452,-0.4223169455581282,0.008017159450172232
5453,-0.7073594915983407,-1.4875204687666492
5454,1.125056875803025,-1.3545837907029317
5455,-0.9516816739185228,1.1379789229917707
5456,1.0843365120829946,-0.12491951861354524
5457,0.06632741908223598,1.3706181096032763
5458,-1.2774445836787656,1.1712130925077
5459,0.6364125111626608,1.071510583959912
5460,1.5729808767233588,0.8388713973484064
5461,1.5729808767233588,-0.15815368812947458
5462,-0.9516816739185228,-0.6899004003843444
5463,-0.9109613101984924,-1.3545837907029317
5464,1.6137012404433893,1.6697256352466405
5465,-1.1960038562387048,-1.1551787736073555
5466,1.002895784642934,-0.3575587052250508
5467,0.10704778280226633,-0.2578561966772627
5468,0.7178532386027215,0.17418800702981907
5469,-0.9516816739185228,0.7059347192846889
5470,-0.8295205827584317,-0.5237295528046976
5471,1.125056875803025,1.1047447534758412
5472,0.5549717837226001,-1.1551787736073555
5473,-0.8295205827584317,-1.0222420955436382
5474,-0.8702409464784621,-0.3575587052250508
5475,0.26992923768238775,-0.7896029089321326
5476,0.7178532386027215,1.3041497705714176
5477,-0.5444780367182193,0.7391688888006183
5478,1.6137012404433893,1.3373839400873468
5479,-1.0331224013585834,1.0382764144439827
5480,0.18848851024232702,0.07448549848203097
5481,-0.055833672077855064,-1.288115451671073
5482,-1.2774445836787656,0.17418800702981907
5483,1.6137012404433893,1.5700231266988525
5484,-0.015113308357824713,-0.12491951861354524
5485,0.5549717837226001,0.2738905155776072
5486,-0.21871512695797646,1.0382764144439827
5487,1.4915401492832983,-1.45428629925072
5488,-1.1552834925186746,0.805637227832477
5489,-0.748079855318371,0.9385739058961945
5490,-0.015113308357824713,-1.4875204687666492
5491,1.4100994218432374,-1.5207546382825785
5492,-1.2774445836787656,-1.4875204687666492
5493,0.43281069256250915,0.8721055668643357
5494,-0.46303730927815856,-1.4875204687666492
5495,-1.2367242199587352,-0.5237295528046976
5496,-0.8295205827584317,-0.49049538328876824
5497,-0.1779947632379461,-0.9557737565117794
5498,-0.0965540357978854,1.3041497705714176
5499,-0.6666391278783103,0.805637227832477
5500,-0.055833672077855064,0.47329553267318336
5501,-0.748079855318371,-0.19138785764540397
5502,1.6137012404433893,1.5035547876669937
5503,0.8400143297628127,-1.45428629925072
5504,1.4508197855632678,-0.8228370784480619
5505,0.7178532386027215,0.8388713973484064
5506,1.5322605130033284,1.3706181096032763
5507,1.3286586944031769,-0.15815368812947458
5508,-1.2774445836787656,0.17418800702981907
5509,0.14776814652229667,1.0050422449280532
5510,1.002895784642934,-0.19138785764540397
5511,-0.9516816739185228,0.7724030583165477
5512,-1.1960038562387048,-0.32432453570912145
5513,-0.5444780367182193,-1.3213496211870024
5514,1.4508197855632678,1.802662313310358
5515,-0.13727439951791576,1.0382764144439827
5516,-0.62591876415828,0.6062322107369008
5517,1.5729808767233588,1.6697256352466405
5518,-1.2774445836787656,0.805637227832477
5519,0.6771328748826912,0.47329553267318336
5520,-0.7888002190384014,0.6394663802528302
5521,0.26992923768238775,1.1712130925077
5522,0.6771328748826912,-1.4875204687666492
5523,-0.4223169455581282,0.6727005497687596
5524,1.1657772395230555,0.10771966799796033
5525,-1.2774445836787656,-1.45428629925072
5526,-1.2367242199587352,1.3041497705714176
5527,-1.0331224013585834,-1.4875204687666492
5528,1.5729808767233588,-1.3213496211870024
5529,-0.62591876415828,-1.4875204687666492
5530,-1.1960038562387048,0.37359302412539525
5531,1.6137012404433893,-1.3213496211870024
5532,0.3106496014024181,-0.29109036619319206
5533,-0.748079855318371,-1.4875204687666492
5534,1.3286586944031769,1.437086448635135
5535,0.5956921474426305,1.1712130925077
5536,-0.30015585439803716,-1.4875204687666492
5537,-1.2367242199587352,0.2738905155776072
5538,0.5549717837226001,-0.15815368812947458
5539,0.9214550572028734,-1.45428629925072
5540,1.247217966963116,1.5035547876669937
5541,1.2064976032430856,0.7059347192846889
5542,0.6364125111626608,-0.6566662308684151
5543,-0.5851984004382496,0.44006136315725397
5544,1.5729808767233588,0.7059347192846889
5545,0.10704778280226633,0.8388713973484064
5546,-0.21871512695797646,-0.2578561966772627
5547,1.4508197855632678,0.9053397363802651
5548,-1.1960038562387048,-1.4875204687666492
5549,0.26992923768238775,-1.45428629925072
5550,0.8400143297628127,0.9718080754121239
5551,-0.1779947632379461,0.8388713973484064
5552,-1.1145631287986442,0.3403588546094659
5553,-0.9109613101984924,-1.4875204687666492
5554,0.7178532386027215,-0.9890079260277087
5555,-0.5444780367182193,0.47329553267318336
5556,-0.62591876415828,0.17418800702981907
5557,-0.5037576729981889,-0.4240270442569095
5558,1.247217966963116,-1.4875204687666492
5559,1.6137012404433893,0.7391688888006183
5560,0.7992939660427822,0.9053397363802651
5561,1.0843365120829946,-1.4875204687666492
5562,-0.0965540357978854,-0.025217010065757134
5563,-0.5444780367182193,1.0050422449280532
5564,0.5956921474426305,1.6032572962147817
5565,0.43281069256250915,-0.6899004003843444
5566,1.002895784642934,-0.22462202716133334
5567,1.0843365120829946,-0.3575587052250508
5568,-0.8295205827584317,0.6727005497687596
5569,0.43281069256250915,-0.29109036619319206
5570,1.2879383306831464,0.7391688888006183
5571,-1.0738427650786138,-1.4875204687666492
5572,-1.2774445836787656,0.17418800702981907
5573,-0.62591876415828,-1.3213496211870024
5574,1.125056875803025,1.3706181096032763
5575,1.6137012404433893,1.6364914657307112
5576,-1.1145631287986442,-0.7231345699002738
5577,1.3286586944031769,1.4703206181510644
5578,-1.0738427650786138,-0.19138785764540397
5579,-1.1552834925186746,0.3071246850935365
5580,-0.5037576729981889,1.3706181096032763
5581,1.1657772395230555,-1.3545837907029317
5582,1.3286586944031769,1.3373839400873468
5583,1.6137012404433893,1.7029598047625698
5584,-0.9924020376385531,1.3706181096032763
5585,-0.8295205827584317,0.3071246850935365
5586,0.43281069256250915,1.437086448635135
5587,-0.0965540357978854,-0.8228370784480619
5588,1.0436161483629645,0.5397638717050421
5589,0.5549717837226001,0.20742217654574843
5590,-0.3408762181180675,0.9718080754121239
5591,0.6771328748826912,-0.4240270442569095
5592,-1.1552834925186746,0.20742217654574843
5593,-0.9109613101984924,-0.49049538328876824
5594,0.880734693482843,-0.32432453570912145
5595,0.7178532386027215,-0.8228370784480619
5596,0.6364125111626608,0.5729980412209714
5597,-0.0965540357978854,0.6727005497687596
5598,-1.1960038562387048,-0.025217010065757134
5599,-1.2774445836787656,-1.4875204687666492
5600,0.6364125111626608,-0.6234320613524857
5601,-0.13727439951791576,0.0412513289661016
5602,-1.1960038562387048,-1.4875204687666492
5603,-0.748079855318371,-0.19138785764540397
5604,0.6771328748826912,1.2376814315395588
5605,1.4915401492832983,-1.5207546382825785
5606,1.6137012404433893,-0.3575587052250508
5607,1.369379058123207,-0.22462202716133334
5608,0.8400143297628127,1.0382764144439827
5609,-0.7073594915983407,0.7059347192846889
5610,-0.9109613101984924,-1.1551787736073555
5611,-0.21871512695797646,-0.49049538328876824
5612,1.6137012404433893,0.2738905155776072
5613,-0.46303730927815856,-0.32432453570912145
5614,-1.2774445836787656,-0.32432453570912145
5615,0.9214550572028734,-0.19138785764540397
5616,1.0436161483629645,-1.4875204687666492
5617,-1.0738427650786138,0.3071246850935365
5618,-0.8295205827584317,-1.4875204687666492
5619,-0.5851984004382496,-0.8228370784480619
5620,-1.1960038562387048,0.17418800702981907
5621,0.9214550572028734,-0.19138785764540397
5622,-1.1552834925186746,0.3403588546094659
5623,-0.9109613101984924,-0.9890079260277087
5624,1.5322605130033284,0.8721055668643357
5625,0.7178532386027215,-1.4875204687666492
5626,1.6137012404433893,-1.3545837907029317
5627,1.369379058123207,1.536788957182923
5628,-1.2367242199587352,0.9718080754121239
5629,0.47353105628253944,0.44006136315725397
5630,0.9621754209229036,-1.3213496211870024
5631,-1.0738427650786138,-0.49049538328876824
5632,-0.30015585439803716,-1.45428629925072
5633,-1.0738427650786138,-1.45428629925072
5634,-1.2774445836787656,-0.6566662308684151
5635,0.8400143297628127,1.3706181096032763
5636,-0.748079855318371,1.3706181096032763
5637,1.369379058123207,-0.32432453570912145
5638,1.4508197855632678,1.1712130925077
5639,-0.1779947632379461,-0.32432453570912145
5640,-1.1960038562387048,-1.1551787736073555
5641,-0.3408762181180675,1.0050422449280532
5642,-0.9516816739185228,-0.7896029089321326
5643,-0.4223169455581282,-1.4875204687666492
5644,0.9621754209229036,1.3373839400873468
5645,-0.46303730927815856,-0.6234320613524857
5646,-0.6666391278783103,0.7391688888006183
5647,1.6137012404433893,-1.3213496211870024
5648,-1.2774445836787656,-0.6566662308684151
5649,-0.015113308357824713,1.1379789229917707
5650,-1.2774445836787656,-1.4875204687666492
5651,-0.30015585439803716,-1.5207546382825785
5652,-0.62591876415828,-0.09168534909761586
5653,0.025607055362205634,1.0382764144439827
5654,-0.748079855318371,0.1409538375138897
5655,1.6137012404433893,0.0412513289661016
5656,0.5956921474426305,1.270915601055488
5657,0.26992923768238775,1.3373839400873468
5658,-1.0738427650786138,-1.45428629925072
5659,-0.8702409464784621,-1.45428629925072
5660,-0.5037576729981889,0.8721055668643357
5661,1.2064976032430856,1.3706181096032763
5662,-1.2774445836787656,-1.3545837907029317
5663,0.06632741908223598,-0.7896029089321326
5664,-0.1779947632379461,0.6727005497687596
5665,0.3920903288424788,-0.6566662308684151
5666,-0.3408762181180675,-0.7896029089321326
5667,0.9214550572028734,0.2738905155776072
5668,0.14776814652229667,0.6727005497687596
5669,-0.3408762181180675,-0.29109036619319206
5670,-0.30015585439803716,0.0412513289661016
5671,0.025607055362205634,-1.4875204687666492
5672,-1.2774445836787656,0.44006136315725397
5673,-1.2367242199587352,0.17418800702981907
5674,0.26992923768238775,1.2044472620236295
5675,0.9214550572028734,-0.32432453570912145
5676,1.6137012404433893,0.20742217654574843
5677,1.5322605130033284,0.3071246850935365
5678,-1.1552834925186746,0.1409538375138897
5679,-1.0331224013585834,0.6727005497687596
5680,0.880734693482843,-1.4875204687666492
5681,-0.055833672077855064,1.3041497705714176
5682,1.125056875803025,0.3403588546094659
5683,-1.2774445836787656,-0.49049538328876824
5684,1.3286586944031769,0.20742217654574843
5685,-0.8295205827584317,-1.4875204687666492
5686,1.6137012404433893,0.008017159450172232
5687,-1.0331224013585834,-1.5207546382825785
5688,0.47353105628253944,0.6727005497687596
5689,-1.0331224013585834,0.805637227832477
5690,-0.8295205827584317,-1.3213496211870024
5691,1.2064976032430856,-0.15815368812947458
5692,-1.1552834925186746,-1.4875204687666492
5693,-1.1145631287986442,-0.025217010065757134
5694,-1.2367242199587352,0.37359302412539525
5695,-1.2774445836787656,0.17418800702981907
5696,0.3106496014024181,0.20742217654574843
5697,-1.2774445836787656,-0.9557737565117794
5698,-0.30015585439803716,-1.4875204687666492
5699,-1.0738427650786138,-0.29109036619319206
5700,0.35136996512244845,0.3071246850935365
5701,-0.9516816739185228,-0.49049538328876824
5702,-1.2774445836787656,0.3403588546094659
5703,-0.4223169455581282,0.37359302412539525
5704,0.22920887396235737,0.805637227832477
5705,-0.38159658183809786,1.1379789229917707
5706,1.125056875803025,0.40682719364132464
5707,0.5956921474426305,0.0412513289661016
5708,1.6137012404433893,0.9385739058961945
5709,1.5322605130033284,1.3706181096032763
5710,-1.2774445836787656,0.20742217654574843
5711,-1.1552834925186746,0.7059347192846889
5712,-0.9924020376385531,0.37359302412539525
5713,1.5729808767233588,1.6364914657307112
5714,-1.2367242199587352,0.5065297021891128
5715,0.06632741908223598,-1.4875204687666492
5716,0.3106496014024181,0.5065297021891128
5717,-0.5037576729981889,-1.5207546382825785
5718,-0.21871512695797646,0.805637227832477
5719,-0.0965540357978854,1.071510583959912
5720,-0.9516816739185228,0.1409538375138897
5721,-1.1960038562387048,1.0050422449280532
5722,-0.8295205827584317,-1.3213496211870024
5723,1.5729808767233588,0.7059347192846889
5724,-0.21871512695797646,-1.3545837907029317
5725,0.3106496014024181,-0.025217010065757134
5726,0.7992939660427822,-1.1551787736073555
5727,1.5322605130033284,1.0050422449280532
5728,-1.1960038562387048,0.20742217654574843
5729,-0.9109613101984924,-1.3545837907029317
5730,-1.0331224013585834,-1.5207546382825785
5731,1.1657772395230555,1.0382764144439827
5732,-1.0331224013585834,-0.0584511795816865
5733,1.6137012404433893,1.3373839400873468
5734,-1.2774445836787656,-1.4875204687666492
5735,-1.2774445836787656,-0.15815368812947458
5736,-1.1960038562387048,0.40682719364132464
5737,-0.30015585439803716,-1.288115451671073
5738,-1.2774445836787656,-1.1551787736073555
5739,0.025607055362205634,0.47329553267318336
5740,-0.015113308357824713,0.5065297021891128
5741,0.7992939660427822,-1.3213496211870024
5742,-0.1779947632379461,1.2044472620236295
5743,-0.6666391278783103,0.6727005497687596
5744,-0.2594354906780068,0.47329553267318336
5745,-1.2774445836787656,0.47329553267318336
5746,1.0436161483629645,0.5729980412209714
5747,1.125056875803025,1.3706181096032763
5748,-0.015113308357824713,0.8721055668643357
5749,-0.5851984004382496,-1.4875204687666492
5750,-1.2774445836787656,1.0050422449280532
5751,0.6364125111626608,-1.1551787736073555
5752,0.758573602322752,0.6394663802528302
5753,1.6137012404433893,-0.3575587052250508
5754,-0.38159658183809786,0.5397638717050421
5755,-1.1145631287986442,0.5397638717050421
5756,-0.8702409464784621,-1.4875204687666492
5757,0.7992939660427822,1.3041497705714176
5758,0.35136996512244845,-0.49049538328876824
5759,1.247217966963116,0.5729980412209714
5760,1.1657772395230555,1.3706181096032763
5761,-0.8295205827584317,0.805637227832477
5762,-1.2774445836787656,0.8721055668643357
5763,-1.1552834925186746,-1.4875204687666492
5764,-0.748079855318371,0.5065297021891128
5765,1.4915401492832983,-1.3545837907029317
5766,0.47353105628253944,-0.3575587052250508
5767,-0.7888002190384014,1.2044472620236295
5768,-0.9516816739185228,1.2376814315395588
5769,-0.4223169455581282,-1.4875204687666492
5770,-1.2774445836787656,-1.4875204687666492
5771,-1.2774445836787656,-0.7231345699002738
5772,1.5729808767233588,0.9718080754121239
5773,0.3920903288424788,-1.3878179602188612
5774,-1.2774445836787656,0.5065297021891128
5775,-1.2774445836787656,0.3403588546094659
5776,0.3920903288424788,0.6727005497687596
5777,-0.9924020376385531,-0.29109036619319206
5778,1.3286586944031769,1.2044472620236295
5779,-0.5037576729981889,0.1409538375138897
5780,-1.2774445836787656,0.5729980412209714
5781,0.3920903288424788,0.1409538375138897
5782,0.758573602322752,-1.3545837907029317
5783,0.43281069256250915,0.5065297021891128
5784,0.5549717837226001,0.9718080754121239
5785,0.7992939660427822,0.805637227832477
5786,-0.9109613101984924,-1.4875204687666492
5787,0.10704778280226633,0.8721055668643357
5788,1.369379058123207,0.0412513289661016
5789,0.7992939660427822,1.0382764144439827
5790,0.5549717837226001,1.4703206181510644
5791,0.7178532386027215,0.17418800702981907
5792,-0.7888002190384014,1.2376814315395588
5793,-0.21871512695797646,0.44006136315725397
5794,-0.4223169455581282,1.2044472620236295
5795,1.5729808767233588,0.7059347192846889
5796,-0.2594354906780068,-0.6566662308684151
5797,0.5142514200025698,0.9718080754121239
5798,-0.6666391278783103,-1.5207546382825785
5799,0.6771328748826912,1.4038522791192056
5800,-0.748079855318371,-1.288115451671073
5801,-0.62591876415828,-0.6566662308684151
5802,1.6137012404433893,-1.3545837907029317
5803,0.6771328748826912,1.0050422449280532
5804,1.4100994218432374,-1.45428629925072
5805,-0.13727439951791576,-1.1219446040914263
5806,-0.7888002190384014,1.071510583959912
5807,1.6137012404433893,1.5035547876669937
5808,1.0436161483629645,-0.49049538328876824
5809,1.6137012404433893,0.8388713973484064
5810,-1.2774445836787656,0.2406563460616778
5811,-1.1145631287986442,-1.4875204687666492
5812,0.06632741908223598,1.7029598047625698
5813,1.6137012404433893,1.7694281437944286
5814,0.758573602322752,0.9718080754121239
5815,-1.1552834925186746,-0.29109036619319206
5816,-1.1552834925186746,0.7059347192846889
5817,-0.3408762181180675,0.9718080754121239
5818,-0.055833672077855064,-0.49049538328876824
5819,-1.2774445836787656,-0.3575587052250508
5820,-1.2774445836787656,-0.6566662308684151
5821,0.06632741908223598,0.10771966799796033
5822,-0.4223169455581282,0.3071246850935365
5823,-1.1552834925186746,-1.4875204687666492
5824,1.6137012404433893,1.2044472620236295
5825,-0.9924020376385531,-1.4875204687666492
5826,-1.2774445836787656,-1.3545837907029317
5827,-1.2774445836787656,0.5065297021891128
5828,-1.2774445836787656,-1.288115451671073
5829,-0.9516816739185228,0.8721055668643357
5830,0.025607055362205634,1.2044472620236295
5831,0.8400143297628127,1.3373839400873468
5832,1.002895784642934,0.7391688888006183
5833,1.125056875803025,0.47329553267318336
5834,1.6137012404433893,0.008017159450172232
5835,-0.015113308357824713,0.9718080754121239
5836,0.6364125111626608,1.1379789229917707
5837,-0.4223169455581282,-1.5207546382825785
5838,1.3286586944031769,-0.6566662308684151
5839,1.3286586944031769,-0.19138785764540397
5840,-1.2774445836787656,-1.4875204687666492
5841,1.369379058123207,1.2044472620236295
5842,1.5729808767233588,1.3373839400873468
5843,-0.62591876415828,0.17418800702981907
5844,-1.2367242199587352,-0.6566662308684151
5845,0.758573602322752,1.0382764144439827
5846,-0.5037576729981889,0.20742217654574843
5847,1.5729808767233588,1.5035547876669937
5848,1.4100994218432374,1.536788957182923
5849,-1.2774445836787656,0.3403588546094659
5850,-0.6666391278783103,0.3403588546094659
5851,0.9214550572028734,0.805637227832477
5852,-1.0331224013585834,0.37359302412539525
5853,0.43281069256250915,-0.025217010065757134
5854,-1.2774445836787656,-0.32432453570912145
5855,-1.1552834925186746,-1.3213496211870024
5856,1.6137012404433893,1.6364914657307112
5857,0.6771328748826912,1.270915601055488
5858,0.8400143297628127,0.9718080754121239
5859,1.125056875803025,-0.49049538328876824
5860,1.4508197855632678,1.071510583959912
5861,1.002895784642934,0.5065297021891128
5862,-1.0331224013585834,0.5397638717050421
5863,-1.2774445836787656,-1.5207546382825785
5864,-1.0331224013585834,0.1409538375138897
5865,1.4508197855632678,-1.3545837907029317
5866,-0.5444780367182193,1.1712130925077
5867,-1.2367242199587352,0.5065297021891128
5868,1.4100994218432374,1.3706181096032763
5869,1.4100994218432374,-0.15815368812947458
5870,0.10704778280226633,0.1409538375138897
5871,1.4100994218432374,1.4038522791192056
5872,-0.8702409464784621,0.8388713973484064
5873,0.9621754209229036,0.7059347192846889
5874,-0.9924020376385531,-1.188412943123285
5875,-0.4223169455581282,-1.3213496211870024
5876,1.5729808767233588,0.6394663802528302
5877,0.5549717837226001,-0.9890079260277087
5878,1.369379058123207,1.3373839400873468
5879,-0.7073594915983407,-0.5237295528046976
5880,-0.30015585439803716,1.0382764144439827
5881,-0.015113308357824713,-1.4875204687666492
5882,-0.9924020376385531,0.07448549848203097
5883,-1.0738427650786138,-1.3213496211870024
5884,-1.1960038562387048,-0.6234320613524857
5885,-0.8702409464784621,-0.15815368812947458
5886,-0.7073594915983407,0.8721055668643357
5887,-0.38159658183809786,0.8388713973484064
5888,-1.2774445836787656,-0.6899004003843444
5889,0.18848851024232702,-0.8228370784480619
5890,1.4915401492832983,0.5397638717050421
5891,1.5729808767233588,0.47329553267318336
5892,-0.9924020376385531,-0.32432453570912145
5893,-1.0738427650786138,-0.0584511795816865
5894,1.0436161483629645,0.6394663802528302
5895,0.26992923768238775,0.8388713973484064
5896,-0.38159658183809786,0.8388713973484064
5897,1.369379058123207,-1.4875204687666492
5898,0.758573602322752,0.6062322107369008
5899,-1.0331224013585834,0.5065297021891128
5900,-0.7073594915983407,-1.4875204687666492
5901,0.758573602322752,0.5065297021891128
5902,-1.1552834925186746,-1.5207546382825785
5903,-0.5851984004382496,-0.49049538328876824
5904,0.5549717837226001,0.9718080754121239
5905,-1.1960038562387048,1.3706181096032763
5906,1.247217966963116,-1.3213496211870024
5907,0.7992939660427822,1.0382764144439827
5908,-0.62591876415828,0.1409538375138897
5909,0.43281069256250915,0.6727005497687596
5910,1.4915401492832983,-1.4875204687666492
5911,1.5322605130033284,0.5065297021891128
5912,-1.1552834925186746,-1.3545837907029317
5913,1.125056875803025,-1.45428629925072
5914,-0.5037576729981889,-1.3545837907029317
5915,1.4915401492832983,1.0382764144439827
5916,0.6364125111626608,1.3373839400873468
5917,-1.2774445836787656,-1.1219446040914263
5918,-0.9924020376385531,-0.4572612137728389
5919,-1.2774445836787656,-0.6234320613524857
5920,-1.2774445836787656,-1.4875204687666492
5921,-0.4223169455581282,-1.4875204687666492
5922,-0.6666391278783103,-0.8560712479639913
5923,1.6137012404433893,1.7694281437944286
5924,-0.8702409464784621,-0.12491951861354524
5925,-1.1552834925186746,0.8721055668643357
5926,-0.9924020376385531,-1.4875204687666492
5927,0.880734693482843,0.5729980412209714
5928,1.4915401492832983,0.5729980412209714
5929,0.5549717837226001,0.5065297021891128
5930,1.4100994218432374,-0.4572612137728389
5931,1.5729808767233588,0.8388713973484064
5932,-0.5037576729981889,0.8388713973484064
5933,0.35136996512244845,1.6364914657307112
5934,-1.1960038562387048,-0.7896029089321326
5935,-0.7073594915983407,-0.4572612137728389
5936,-0.4223169455581282,0.47329553267318336
5937,-0.5851984004382496,0.5397638717050421
5938,-0.9516816739185228,1.1047447534758412
5939,-0.2594354906780068,0.37359302412539525
5940,1.5729808767233588,1.3706181096032763
5941,-0.6666391278783103,-1.5207546382825785
5942,1.6137012404433893,0.805637227832477
5943,0.3920903288424788,-1.3213496211870024
5944,0.5956921474426305,1.0382764144439827
5945,1.369379058123207,0.0412513289661016
5946,-1.1145631287986442,-0.5237295528046976
5947,-1.1552834925186746,-1.1551787736073555
5948,0.3920903288424788,-1.5207546382825785
5949,1.4915401492832983,-0.12491951861354524
5950,1.125056875803025,1.7361939742784993
5951,-0.8295205827584317,-1.5207546382825785
5952,-1.1960038562387048,-0.6566662308684151
5953,0.880734693482843,1.3373839400873468
5954,-1.0738427650786138,-1.4875204687666492
5955,-1.2367242199587352,-1.4875204687666492
5956,1.002895784642934,0.9718080754121239
5957,1.247217966963116,-1.45428629925072
5958,0.35136996512244845,0.9718080754121239
5959,-0.30015585439803716,1.1379789229917707
5960,1.3286586944031769,0.6727005497687596
5961,0.880734693482843,-1.4875204687666492
5962,1.1657772395230555,0.9718080754121239
5963,-0.5444780367182193,-1.4875204687666492
5964,-0.8295205827584317,-1.5207546382825785
5965,-0.5851984004382496,-1.3213496211870024
5966,1.4508197855632678,1.0050422449280532
5967,-0.9109613101984924,1.1712130925077
5968,-0.5037576729981889,1.0050422449280532
5969,0.3920903288424788,1.1379789229917707
5970,0.5142514200025698,-0.7563687394162032
5971,1.6137012404433893,1.6697256352466405
5972,0.10704778280226633,1.536788957182923
5973,1.6137012404433893,0.8388713973484064
5974,-0.9924020376385531,1.1712130925077
5975,0.18848851024232702,0.008017159450172232
5976,-0.46303730927815856,1.3373839400873468
5977,1.5729808767233588,0.5065297021891128
5978,0.3106496014024181,0.07448549848203097
5979,-0.9109613101984924,-0.09168534909761586
5980,-0.30015585439803716,0.7724030583165477
5981,0.35136996512244845,0.3403588546094659
5982,-0.5444780367182193,1.0382764144439827
5983,-0.38159658183809786,1.0050422449280532
5984,1.002895784642934,1.437086448635135
5985,-1.2367242199587352,0.6394663802528302
5986,1.5322605130033284,0.5065297021891128
5987,-1.2774445836787656,0.7724030583165477
5988,1.5322605130033284,1.5035547876669937
5989,1.6137012404433893,1.071510583959912
5990,-0.30015585439803716,1.3706181096032763
5991,-0.38159658183809786,1.3041497705714176
5992,1.3286586944031769,-1.4875204687666492
5993,-0.30015585439803716,-1.45428629925072
5994,-0.7073594915983407,0.6062322107369008
5995,0.35136996512244845,-0.3575587052250508
5996,-1.2774445836787656,-0.32432453570912145
5997,0.6364125111626608,0.20742217654574843
5998,-1.1552834925186746,-0.12491951861354524
5999,-0.62591876415828,-1.4875204687666492
6000,0.3920903288424788,1.3373839400873468
6001,0.6771328748826912,-0.8560712479639913
6002,-0.46303730927815856,-1.4875204687666492
6003,1.125056875803025,1.536788957182923
6004,1.0436161483629645,-1.3545837907029317
6005,-0.055833672077855064,-1.4875204687666492
6006,1.1657772395230555,1.2044472620236295
6007,1.2879383306831464,0.8388713973484064
6008,1.1657772395230555,-0.12491951861354524
6009,1.4100994218432374,0.20742217654574843
6010,0.9214550572028734,-1.288115451671073
6011,-0.5037576729981889,-1.4875204687666492
6012,-0.8702409464784621,0.5065297021891128
6013,1.6137012404433893,1.7361939742784993
6014,1.002895784642934,0.6394663802528302
6015,1.5322605130033284,-0.6899004003843444
6016,1.4508197855632678,1.5035547876669937
6017,-1.2774445836787656,0.6727005497687596
6018,0.5956921474426305,0.47329553267318336
6019,-0.7073594915983407,0.008017159450172232
6020,1.4915401492832983,-1.4875204687666492
6021,-1.1960038562387048,-0.32432453570912145
6022,-1.2774445836787656,-1.5207546382825785
6023,0.025607055362205634,0.805637227832477
6024,0.8400143297628127,0.17418800702981907
6025,-0.5037576729981889,0.5397638717050421
6026,-1.2774445836787656,0.9718080754121239
6027,-0.9109613101984924,1.1379789229917707
6028,-0.015113308357824713,-1.4875204687666492
6029,0.9621754209229036,1.2044472620236295
6030,1.5729808767233588,-1.5207546382825785
6031,-0.7888002190384014,0.17418800702981907
6032,-1.2367242199587352,-1.4875204687666492
6033,-0.62591876415828,1.0382764144439827
6034,-1.2367242199587352,-0.32432453570912145
6035,1.6137012404433893,1.2044472620236295
6036,-0.2594354906780068,-0.32432453570912145
6037,-1.1145631287986442,-1.288115451671073
6038,-1.1960038562387048,1.2044472620236295
6039,-0.2594354906780068,0.5397638717050421
6040,1.0843365120829946,0.0412513289661016
6041,-0.21871512695797646,-0.49049538328876824
6042,1.002895784642934,1.270915601055488
6043,-1.2774445836787656,-0.6899004003843444
6044,0.18848851024232702,-1.4875204687666492
6045,-1.0738427650786138,-0.5237295528046976
6046,-0.5851984004382496,0.37359302412539525
6047,-0.5444780367182193,1.2044472620236295
6048,1.4100994218432374,0.37359302412539525
6049,0.06632741908223598,0.2406563460616778
6050,-0.4223169455581282,-0.5237295528046976
6051,0.7992939660427822,0.8721055668643357
6052,0.9621754209229036,-0.3575587052250508
6053,-0.5851984004382496,1.0050422449280532
6054,0.9621754209229036,1.3373839400873468
6055,-1.1552834925186746,0.8388713973484064
6056,1.2879383306831464,1.6697256352466405
6057,1.1657772395230555,0.5397638717050421
6058,1.5729808767233588,1.1379789229917707
6059,-1.2367242199587352,0.17418800702981907
6060,1.2879383306831464,1.2376814315395588
6061,0.5142514200025698,1.437086448635135
6062,-0.5851984004382496,-1.3545837907029317
6063,1.369379058123207,-1.288115451671073
6064,0.18848851024232702,-0.7896029089321326
6065,0.26992923768238775,-1.3213496211870024
6066,-0.30015585439803716,0.6727005497687596
6067,-0.4223169455581282,0.7391688888006183
6068,-0.9109613101984924,-1.4875204687666492
6069,-0.5037576729981889,-1.4875204687666492
6070,-0.9924020376385531,-0.025217010065757134
6071,0.6771328748826912,-0.4240270442569095
6072,1.3286586944031769,1.3706181096032763
6073,-1.2774445836787656,-0.6566662308684151
6074,-1.1145631287986442,0.9718080754121239
6075,1.6137012404433893,1.071510583959912
6076,1.6137012404433893,1.5035547876669937
6077,0.8400143297628127,1.1712130925077
6078,-0.46303730927815856,0.3403588546094659
6079,1.5322605130033284,1.437086448635135
6080,0.025607055362205634,1.3041497705714176
6081,-0.38159658183809786,0.37359302412539525
6082,0.5142514200025698,-0.32432453570912145
6083,0.10704778280226633,-1.4875204687666492
6084,-0.6666391278783103,-1.4875204687666492
6085,0.6771328748826912,1.4038522791192056
6086,-1.2774445836787656,-1.5207546382825785
6087,1.1657772395230555,0.5397638717050421
6088,1.4508197855632678,-1.4875204687666492
6089,-1.2774445836787656,-1.4875204687666492
6090,1.125056875803025,-0.3575587052250508
6091,0.8400143297628127,-1.288115451671073
6092,-0.1779947632379461,1.270915601055488
6093,-1.2367242199587352,0.17418800702981907
6094,-1.2774445836787656,0.17418800702981907
6095,-0.6666391278783103,0.2738905155776072
6096,1.6137012404433893,-1.4875204687666492
6097,-1.0738427650786138,-0.32432453570912145
6098,-1.1960038562387048,1.437086448635135
6099,0.6771328748826912,0.8388713973484064
6100,-1.2774445836787656,-0.49049538328876824
6101,0.7178532386027215,0.9718080754121239
6102,-0.8295205827584317,-1.188412943123285
6103,-0.015113308357824713,0.5065297021891128
6104,1.4508197855632678,1.270915601055488
6105,-1.2774445836787656,-1.45428629925072
6106,0.3106496014024181,-0.9557737565117794
6107,-1.1145631287986442,-0.4572612137728389
6108,1.6137012404433893,0.47329553267318336
6109,-1.2774445836787656,0.6727005497687596
6110,1.0436161483629645,1.4703206181510644
6111,-0.3408762181180675,-1.3213496211870024
6112,-1.1960038562387048,0.6394663802528302
6113,1.2064976032430856,-1.4875204687666492
6114,1.6137012404433893,1.536788957182923
6115,0.7178532386027215,0.20742217654574843
6116,1.369379058123207,-1.4875204687666492
6117,0.3106496014024181,0.5397638717050421
6118,0.3106496014024181,0.20742217654574843
6119,1.4100994218432374,1.270915601055488
6120,0.9621754209229036,1.3373839400873468
6121,1.2879383306831464,-1.4875204687666492
6122,-0.5037576729981889,0.6394663802528302
6123,1.5729808767233588,1.0382764144439827
6124,0.35136996512244845,0.3403588546094659
6125,1.6137012404433893,-0.5237295528046976
6126,-0.5851984004382496,-0.6234320613524857
6127,1.5729808767233588,0.20742217654574843
6128,0.5549717837226001,0.0412513289661016
6129,0.5549717837226001,-1.4875204687666492
6130,1.002895784642934,-0.32432453570912145
6131,1.4508197855632678,0.5397638717050421
6132,-1.2774445836787656,-1.3213496211870024
6133,0.22920887396235737,-1.4875204687666492
6134,-0.015113308357824713,0.47329553267318336
6135,-1.2367242199587352,-0.6566662308684151
6136,-0.9109613101984924,0.17418800702981907
6137,1.6137012404433893,-1.5207546382825785
6138,1.3286586944031769,1.536788957182923
6139,-0.46303730927815856,0.6394663802528302
6140,1.4100994218432374,-1.4875204687666492
6141,-0.8295205827584317,0.37359302412539525
6142,-0.30015585439803716,1.270915601055488
6143,-0.9924020376385531,0.6727005497687596
6144,-1.2774445836787656,-1.5207546382825785
6145,1.3286586944031769,0.47329553267318336
6146,-1.2367242199587352,-0.32432453570912145
6147,1.2064976032430856,-0.5237295528046976
6148,0.14776814652229667,0.6727005497687596
6149,0.22920887396235737,-1.5207546382825785
6150,1.002895784642934,-0.15815368812947458
6151,-0.015113308357824713,-1.4875204687666492
6152,0.47353105628253944,0.8388713973484064
6153,-1.2367242199587352,-0.3575587052250508
6154,0.35136996512244845,1.6364914657307112
6155,-0.748079855318371,0.8721055668643357
6156,0.9621754209229036,0.7059347192846889
6157,-1.0331224013585834,0.6727005497687596
6158,-0.8702409464784621,-1.4875204687666492
6159,-0.7888002190384014,-1.4875204687666492
6160,1.5729808767233588,1.3373839400873468
6161,-0.4223169455581282,-1.3213496211870024
6162,0.3920903288424788,1.1379789229917707
6163,-0.7073594915983407,-1.4875204687666492
6164,1.4915401492832983,0.9053397363802651
6165,-0.38159658183809786,0.3403588546094659
6166,-0.5444780367182193,0.3071246850935365
6167,1.247217966963116,-0.4572612137728389
6168,1.4508197855632678,0.2738905155776072
6169,-1.2774445836787656,0.5397638717050421
6170,-0.5851984004382496,-0.8560712479639913
6171,1.5729808767233588,-0.22462202716133334
6172,-0.7073594915983407,-1.4875204687666492
6173,-0.9924020376385531,-1.4875204687666492
6174,-0.46303730927815856,1.071510583959912
6175,-1.0738427650786138,0.8388713973484064
6176,1.4915401492832983,-1.1551787736073555
6177,1.4508197855632678,-0.29109036619319206
6178,-1.2774445836787656,-1.4875204687666492
6179,1.2064976032430856,-1.4875204687666492
6180,0.22920887396235737,0.47329553267318336
6181,-1.1145631287986442,0.6727005497687596
6182,-1.1960038562387048,1.0050422449280532
6183,0.5142514200025698,1.7029598047625698
6184,-1.2774445836787656,-1.45428629925072
6185,-0.9516816739185228,0.37359302412539525
6186,-0.5037576729981889,0.17418800702981907
6187,0.880734693482843,0.5065297021891128
6188,-0.5037576729981889,-1.4875204687666492
6189,0.6364125111626608,1.437086448635135
6190,0.880734693482843,-1.3213496211870024
6191,-1.2774445836787656,-0.49049538328876824
6192,-1.2774445836787656,-0.6899004003843444
6193,-1.2774445836787656,-1.4875204687666492
6194,0.6364125111626608,-1.4875204687666492
6195,-1.2774445836787656,-1.4875204687666492
6196,0.18848851024232702,0.2406563460616778
6197,-1.2774445836787656,-1.5207546382825785
6198,0.26992923768238775,-1.3213496211870024
6199,-1.1552834925186746,-0.29109036619319206
6200,0.025607055362205634,-1.3545837907029317
6201,-0.5851984004382496,-1.5207546382825785
6202,-1.1552834925186746,-0.49049538328876824
6203,0.9621754209229036,-1.45428629925072
6204,-0.62591876415828,0.17418800702981907
6205,0.7178532386027215,0.8388713973484064
6206,1.6137012404433893,-1.4875204687666492
6207,-0.9109613101984924,0.3403588546094659
6208,-0.30015585439803716,-1.4875204687666492
6209,1.5729808767233588,-1.3213496211870024
6210,-0.5037576729981889,-1.288115451671073
6211,-0.748079855318371,0.7059347192846889
6212,1.2064976032430856,-0.29109036619319206
6213,-0.9924020376385531,-1.288115451671073
6214,0.880734693482843,0.8388713973484064
6215,1.1657772395230555,1.802662313310358
6216,1.4100994218432374,-0.15815368812947458
6217,0.6771328748826912,0.5397638717050421
6218,1.369379058123207,0.9053397363802651
6219,0.5956921474426305,1.3041497705714176
6220,-0.46303730927815856,-0.9557737565117794
6221,0.758573602322752,1.1379789229917707
6222,-0.4223169455581282,0.5729980412209714
6223,-1.1960038562387048,-1.45428629925072
6224,1.2879383306831464,1.5035547876669937
6225,1.4100994218432374,-0.3907928747409802
6226,1.6137012404433893,-1.3213496211870024
6227,0.18848851024232702,-0.12491951861354524
6228,0.18848851024232702,-1.4875204687666492
6229,0.35136996512244845,1.1047447534758412
6230,1.3286586944031769,1.3041497705714176
6231,0.5956921474426305,-1.4875204687666492
6232,-0.2594354906780068,0.3403588546094659
6233,-0.9516816739185228,0.6727005497687596
6234,1.125056875803025,0.5397638717050421
6235,-1.2774445836787656,0.7059347192846889
6236,1.2064976032430856,-0.6899004003843444
6237,-1.0738427650786138,0.1409538375138897
6238,0.8400143297628127,1.1379789229917707
6239,-0.015113308357824713,0.37359302412539525
6240,1.4100994218432374,1.7694281437944286
6241,-0.7073594915983407,-1.3213496211870024
6242,0.6771328748826912,-1.1551787736073555
6243,-0.4223169455581282,-0.32432453570912145
6244,1.2879383306831464,1.3373839400873468
6245,-0.46303730927815856,0.5729980412209714
6246,-0.8295205827584317,1.1047447534758412
6247,0.43281069256250915,0.9718080754121239
6248,1.369379058123207,-1.4875204687666492
6249,0.47353105628253944,1.0382764144439827
6250,-0.62591876415828,-1.45428629925072
6251,-1.2774445836787656,-0.49049538328876824
6252,0.758573602322752,1.1047447534758412
6253,-0.9516816739185228,-1.4875204687666492
6254,1.2879383306831464,1.1712130925077
6255,-0.9924020376385531,0.3403588546094659
6256,1.002895784642934,0.3071246850935365
6257,1.0843365120829946,0.1409538375138897
6258,1.2879383306831464,0.0412513289661016
6259,-1.2774445836787656,-1.5207546382825785
6260,1.6137012404433893,0.7059347192846889
6261,-1.2774445836787656,0.5065297021891128
6262,0.758573602322752,-1.3213496211870024
6263,0.3920903288424788,0.6394663802528302
6264,-1.2774445836787656,-1.4875204687666492
6265,0.9621754209229036,1.270915601055488
6266,0.26992923768238775,1.3706181096032763
6267,-0.30015585439803716,-0.7896029089321326
6268,1.5729808767233588,0.2738905155776072
6269,-0.9109613101984924,-0.6234320613524857
6270,0.3106496014024181,0.6727005497687596
6271,1.4508197855632678,-1.3545837907029317
6272,1.1657772395230555,-1.4875204687666492
6273,1.4915401492832983,0.7391688888006183
6274,-0.0965540357978854,0.6727005497687596
6275,-1.2774445836787656,-0.6234320613524857
6276,-0.4223169455581282,-1.5207546382825785
6277,0.22920887396235737,1.0050422449280532
6278,-1.1960038562387048,0.3403588546094659
6279,-1.2774445836787656,-0.9890079260277087
6280,0.35136996512244845,0.8388713973484064
6281,-1.0331224013585834,-0.49049538328876824
6282,1.4508197855632678,1.3041497705714176
6283,-1.1145631287986442,-0.025217010065757134
6284,0.35136996512244845,1.270915601055488
6285,0.10704778280226633,-1.288115451671073
6286,-0.5444780367182193,0.7059347192846889
6287,1.4915401492832983,0.47329553267318336
6288,0.5142514200025698,0.3071246850935365
6289,1.4100994218432374,0.10771966799796033
6290,1.1657772395230555,0.47329553267318336
6291,-0.3408762181180675,0.6727005497687596
6292,-0.4223169455581282,0.1409538375138897
6293,1.247217966963116,0.5397638717050421
6294,-1.2774445836787656,-0.9557737565117794
6295,-0.3408762181180675,1.3041497705714176
6296,0.26992923768238775,1.0382764144439827
6297,1.247217966963116,0.8721055668643357
6298,-1.2774445836787656,-0.4572612137728389
6299,-0.2594354906780068,-1.1551787736073555
6300,0.35136996512244845,-0.4572612137728389
6301,-0.4223169455581282,-1.4875204687666492
6302,0.10704778280226633,0.8388713973484064
6303,0.18848851024232702,-1.4875204687666492
6304,0.9214550572028734,1.3041497705714176
6305,0.22920887396235737,0.0412513289661016
6306,-0.015113308357824713,-0.9890079260277087
6307,-0.748079855318371,0.7059347192846889
6308,1.2064976032430856,1.3041497705714176
6309,-0.748079855318371,0.7059347192846889
6310,-0.13727439951791576,0.805637227832477
6311,0.880734693482843,0.8388713973484064
6312,1.5729808767233588,1.0050422449280532
6313,0.5956921474426305,1.0050422449280532
6314,-1.2367242199587352,1.0050422449280532
6315,0.5142514200025698,-0.4572612137728389
6316,1.5322605130033284,0.37359302412539525
6317,-1.1552834925186746,-1.4875204687666492
6318,0.025607055362205634,0.5729980412209714
6319,-0.5037576729981889,0.9718080754121239
6320,0.9621754209229036,-1.3545837907029317
6321,-0.8295205827584317,1.1712130925077
6322,-1.2774445836787656,-1.4875204687666492
6323,0.22920887396235737,-0.2578561966772627
6324,-0.8295205827584317,-0.22462202716133334
6325,-1.2774445836787656,-1.4875204687666492
6326,-0.1779947632379461,-1.553988807798508
6327,0.43281069256250915,-0.49049538328876824
6328,1.1657772395230555,1.4038522791192056
6329,-0.6666391278783103,-0.32432453570912145
6330,-0.9109613101984924,0.17418800702981907
6331,1.247217966963116,0.5065297021891128
6332,1.2064976032430856,-1.3545837907029317
6333,0.5549717837226001,-0.8228370784480619
6334,-1.2774445836787656,-1.4875204687666492
6335,-0.9516816739185228,-0.32432453570912145
6336,-1.2367242199587352,1.0382764144439827
6337,0.10704778280226633,0.1409538375138897
6338,1.4915401492832983,0.5729980412209714
6339,0.025607055362205634,0.5065297021891128
6340,0.5549717837226001,-1.45428629925072
6341,-1.2774445836787656,0.17418800702981907
6342,-1.2774445836787656,0.37359302412539525
6343,1.3286586944031769,-1.288115451671073
6344,-0.7073594915983407,-0.19138785764540397
6345,-1.0331224013585834,0.1409538375138897
6346,-0.5444780367182193,0.44006136315725397
6347,-0.30015585439803716,0.37359302412539525
6348,0.22920887396235737,0.17418800702981907
6349,0.8400143297628127,-1.5207546382825785
6350,-1.2774445836787656,-0.6566662308684151
6351,-1.2774445836787656,0.1409538375138897
6352,0.7992939660427822,-1.45428629925072
6353,0.43281069256250915,0.47329553267318336
6354,-0.38159658183809786,-0.3575587052250508
6355,-1.2367242199587352,0.5397638717050421
6356,0.06632741908223598,-0.49049538328876824
6357,-1.0738427650786138,-0.6566662308684151
6358,-0.2594354906780068,-0.4240270442569095
6359,-1.2367242199587352,-0.6566662308684151
6360,-0.8702409464784621,-1.4875204687666492
6361,-1.2774445836787656,-0.49049538328876824
6362,0.8400143297628127,1.1047447534758412
6363,-1.2774445836787656,-1.4875204687666492
6364,-0.748079855318371,0.37359302412539525
6365,-0.4223169455581282,-1.288115451671073
6366,1.2879383306831464,0.6394663802528302
6367,1.2064976032430856,0.2406563460616778
6368,0.14776814652229667,0.008017159450172232
6369,-1.1552834925186746,0.5397638717050421
6370,0.22920887396235737,0.6727005497687596
6371,-0.015113308357824713,0.7059347192846889
6372,1.1657772395230555,-0.4572612137728389
6373,1.5322605130033284,-1.288115451671073
6374,-0.055833672077855064,0.805637227832477
6375,-0.9516816739185228,-1.5207546382825785
6376,1.369379058123207,0.8388713973484064
6377,-0.9109613101984924,-1.4875204687666492
6378,-0.0965540357978854,-0.025217010065757134
6379,-1.1145631287986442,0.8388713973484064
6380,0.880734693482843,-1.3545837907029317
6381,1.0843365120829946,-0.7896029089321326
6382,0.3106496014024181,-1.3213496211870024
6383,0.10704778280226633,1.4703206181510644
6384,-0.8295205827584317,-0.09168534909761586
6385,0.3920903288424788,1.0050422449280532
6386,1.6137012404433893,1.437086448635135
6387,1.247217966963116,-0.8560712479639913
6388,-1.1552834925186746,-1.4875204687666492
6389,1.4508197855632678,-0.3907928747409802
6390,-0.015113308357824713,0.008017159450172232
6391,-1.1145631287986442,0.5065297021891128
6392,1.6137012404433893,1.4703206181510644
6393,-1.2774445836787656,0.37359302412539525
6394,-1.2774445836787656,-0.29109036619319206
6395,1.5729808767233588,0.8721055668643357
6396,0.5549717837226001,-1.5207546382825785
6397,-0.7888002190384014,-1.3545837907029317
6398,0.35136996512244845,0.5397638717050421
6399,-0.0965540357978854,0.3403588546094659
6400,-1.2774445836787656,0.1409538375138897
6401,-0.4223169455581282,-0.5237295528046976
6402,-1.2774445836787656,-1.4875204687666492
6403,-0.9109613101984924,0.44006136315725397
6404,-0.5444780367182193,-0.6566662308684151
6405,-0.21871512695797646,-0.29109036619319206
6406,-0.748079855318371,0.17418800702981907
6407,1.0843365120829946,1.6364914657307112
6408,-1.2367242199587352,0.37359302412539525
6409,-0.8295205827584317,-1.45428629925072
6410,-1.1552834925186746,-0.6234320613524857
6411,1.3286586944031769,1.5035547876669937
6412,-1.2367242199587352,1.071510583959912
6413,1.5729808767233588,1.3706181096032763
6414,-0.0965540357978854,0.9053397363802651
6415,-0.13727439951791576,0.3403588546094659
6416,-1.1145631287986442,1.1379789229917707
6417,-0.62591876415828,0.9385739058961945
6418,1.1657772395230555,-1.3545837907029317
6419,-0.6666391278783103,0.805637227832477
6420,0.5956921474426305,-1.4875204687666492
6421,0.18848851024232702,0.47329553267318336
6422,-0.9924020376385531,-1.3213496211870024
6423,1.2879383306831464,-0.32432453570912145
6424,0.3106496014024181,-1.3213496211870024
6425,-0.9109613101984924,-1.45428629925072
6426,-0.9516816739185228,0.37359302412539525
6427,0.8400143297628127,0.9718080754121239
6428,-1.2774445836787656,-1.45428629925072
6429,-0.7888002190384014,-1.4875204687666492
6430,0.06632741908223598,-0.32432453570912145
6431,-0.46303730927815856,-1.3213496211870024
6432,-1.318164947398796,-1.4875204687666492
6433,-0.30015585439803716,0.37359302412539525
6434,-1.2774445836787656,0.17418800702981907
6435,-1.2367242199587352,0.3403588546094659
6436,0.5956921474426305,-1.45428629925072
6437,1.6137012404433893,0.9718080754121239
6438,-0.055833672077855064,1.1712130925077
6439,-1.318164947398796,-1.4875204687666492
6440,0.5956921474426305,-1.4875204687666492
6441,1.6137012404433893,-1.3213496211870024
6442,-1.2774445836787656,-1.45428629925072
6443,-0.9516816739185228,-0.9890079260277087
6444,-1.1552834925186746,-1.1551787736073555
6445,-0.5444780367182193,0.7391688888006183
6446,0.43281069256250915,0.3403588546094659
6447,0.43281069256250915,0.3403588546094659
6448,-0.5851984004382496,-0.6234320613524857
6449,0.26992923768238775,1.1712130925077
6450,-0.8702409464784621,1.536788957182923
6451,-1.2774445836787656,-0.9557737565117794
6452,-1.2774445836787656,0.1409538375138897
6453,0.43281069256250915,-1.0222420955436382
6454,-0.8295205827584317,-1.288115451671073
6455,0.7992939660427822,0.6727005497687596
6456,1.5729808767233588,0.6062322107369008
6457,1.5729808767233588,1.4703206181510644
6458,-0.0965540357978854,0.9718080754121239
6459,0.26992923768238775,-1.3545837907029317
6460,-1.1960038562387048,-0.32432453570912145
6461,-1.1960038562387048,-1.45428629925072
6462,1.4508197855632678,0.37359302412539525
6463,0.35136996512244845,-1.5207546382825785
6464,-0.9924020376385531,0.7391688888006183
6465,1.6137012404433893,-1.3545837907029317
6466,-0.9109613101984924,0.5065297021891128
6467,-0.8295205827584317,-0.3575587052250508
6468,1.6137012404433893,1.5035547876669937
6469,-0.62591876415828,0.6727005497687596
6470,1.4508197855632678,0.44006136315725397
6471,1.002895784642934,1.3041497705714176
6472,0.18848851024232702,1.4038522791192056
6473,-1.2774445836787656,-0.5237295528046976
6474,0.8400143297628127,1.4038522791192056
6475,0.06632741908223598,0.5065297021891128
6476,0.6771328748826912,-0.15815368812947458
6477,1.5322605130033284,0.7059347192846889
6478,1.4100994218432374,0.008017159450172232
6479,0.758573602322752,-1.3213496211870024
6480,-1.1960038562387048,0.17418800702981907
6481,-1.2774445836787656,0.20742217654574843
6482,0.9621754209229036,0.37359302412539525
6483,-0.8295205827584317,1.6032572962147817
6484,-0.21871512695797646,1.2044472620236295
6485,1.0436161483629645,1.3373839400873468
6486,-1.0738427650786138,-1.4875204687666492
6487,1.2879383306831464,-1.3545837907029317
6488,-0.6666391278783103,0.5065297021891128
6489,0.47353105628253944,0.9718080754121239
6490,-0.6666391278783103,-1.4875204687666492
6491,-0.5851984004382496,-1.4875204687666492
6492,0.47353105628253944,-1.4875204687666492
6493,-0.0965540357978854,1.2376814315395588
6494,-0.30015585439803716,0.47329553267318336
6495,-0.748079855318371,0.20742217654574843
6496,-1.1552834925186746,-0.4572612137728389
6497,0.3920903288424788,1.1379789229917707
6498,-1.0331224013585834,-1.4875204687666492
6499,-0.5444780367182193,0.6727005497687596
6500,-1.0331224013585834,-0.6234320613524857
6501,-0.9109613101984924,0.0412513289661016
6502,-0.7073594915983407,1.2376814315395588
6503,-0.8295205827584317,1.4038522791192056
6504,-0.8295205827584317,-1.5207546382825785
6505,-0.9924020376385531,-1.5207546382825785
6506,-0.9109613101984924,-1.4875204687666492
6507,0.9214550572028734,0.3071246850935365
6508,1.4915401492832983,0.5729980412209714
6509,-0.6666391278783103,-1.4875204687666492
6510,0.758573602322752,-1.1551787736073555
6511,1.5729808767233588,0.8388713973484064
6512,0.880734693482843,0.17418800702981907
6513,-1.2774445836787656,-0.5237295528046976
6514,-0.2594354906780068,-0.32432453570912145
6515,-0.9924020376385531,-1.4875204687666492
6516,-0.8295205827584317,-1.4875204687666492
6517,-1.1145631287986442,0.3071246850935365
6518,1.4915401492832983,-0.32432453570912145
6519,0.5549717837226001,1.1379789229917707
6520,0.5549717837226001,1.0382764144439827
6521,-0.9516816739185228,1.0382764144439827
6522,0.8400143297628127,1.5700231266988525
6523,0.35136996512244845,-0.8228370784480619
6524,0.35136996512244845,-1.4875204687666492
6525,1.4508197855632678,-0.6566662308684151
6526,0.14776814652229667,-1.1219446040914263
6527,0.5956921474426305,0.008017159450172232
6528,-1.1552834925186746,-0.5237295528046976
6529,1.1657772395230555,0.5397638717050421
6530,0.14776814652229667,0.6394663802528302
6531,-1.2774445836787656,-1.4875204687666492
6532,-0.748079855318371,0.47329553267318336
6533,0.7178532386027215,1.4703206181510644
6534,-0.21871512695797646,0.6727005497687596
6535,-0.38159658183809786,-1.4875204687666492
6536,-1.1960038562387048,0.3403588546094659
6537,0.14776814652229667,1.3373839400873468
6538,-0.3408762181180675,0.3403588546094659
6539,1.3286586944031769,1.3706181096032763
6540,-0.055833672077855064,-0.49049538328876824
6541,1.247217966963116,0.5065297021891128
6542,1.4100994218432374,-0.15815368812947458
6543,1.0436161483629645,-1.3545837907029317
6544,-0.7073594915983407,1.3373839400873468
6545,-0.6666391278783103,0.5397638717050421
6546,-1.2774445836787656,-0.6234320613524857
6547,-0.9924020376385531,0.0412513289661016
6548,-1.2367242199587352,0.20742217654574843
6549,1.5729808767233588,0.8388713973484064
6550,-1.1552834925186746,-1.4875204687666492
6551,1.4508197855632678,0.6062322107369008
6552,-0.7073594915983407,-0.29109036619319206
6553,-0.7888002190384014,-0.4240270442569095
6554,0.3920903288424788,-1.4875204687666492
6555,-1.1552834925186746,-0.6566662308684151
6556,0.7178532386027215,1.5035547876669937
6557,-1.1552834925186746,-0.2578561966772627
6558,-1.2367242199587352,-0.4240270442569095
6559,0.5549717837226001,-1.5207546382825785
6560,1.0436161483629645,1.3373839400873468
6561,-0.62591876415828,-0.6899004003843444
6562,-0.46303730927815856,-1.4875204687666492
6563,-1.2367242199587352,1.0050422449280532
6564,1.4508197855632678,0.6727005497687596
6565,-0.1779947632379461,1.536788957182923
6566,0.3106496014024181,-1.288115451671073
6567,-0.9924020376385531,-1.4875204687666492
6568,0.10704778280226633,0.3403588546094659
6569,-1.1145631287986442,-0.025217010065757134
6570,-0.748079855318371,-1.4875204687666492
6571,-1.0738427650786138,-0.49049538328876824
6572,1.4100994218432374,0.0412513289661016
6573,1.247217966963116,0.6394663802528302
6574,-0.9924020376385531,0.6727005497687596
6575,-1.1145631287986442,-0.3575587052250508
6576,-1.0738427650786138,0.6062322107369008
6577,0.6771328748826912,0.9718080754121239
6578,1.1657772395230555,-1.5207546382825785
6579,-1.2774445836787656,0.17418800702981907
6580,-0.9109613101984924,-1.4875204687666492
6581,1.6137012404433893,1.7361939742784993
6582,0.8400143297628127,0.40682719364132464
6583,-0.9516816739185228,0.17418800702981907
6584,-1.2774445836787656,-1.4875204687666492
6585,-1.1552834925186746,-1.4875204687666492
6586,-0.4223169455581282,-1.45428629925072
6587,0.06632741908223598,1.1712130925077
6588,-1.1145631287986442,0.805637227832477
6589,-1.1145631287986442,-1.4875204687666492
6590,0.9621754209229036,-1.3545837907029317
6591,-0.8702409464784621,0.47329553267318336
6592,0.025607055362205634,-0.22462202716133334
6593,1.0436161483629645,0.7059347192846889
6594,0.06632741908223598,0.37359302412539525
6595,1.3286586944031769,-1.288115451671073
6596,-1.2367242199587352,-0.6899004003843444
6597,-0.62591876415828,0.5729980412209714
6598,1.247217966963116,-0.7896029089321326
6599,1.6137012404433893,-1.3213496211870024
6600,0.43281069256250915,0.9385739058961945
6601,1.6137012404433893,1.6032572962147817
6602,-1.0738427650786138,-1.4875204687666492
6603,-1.2774445836787656,-1.3213496211870024
6604,-0.2594354906780068,-0.15815368812947458
6605,1.6137012404433893,1.0050422449280532
6606,0.9621754209229036,1.5700231266988525
6607,-1.2774445836787656,-1.4875204687666492
6608,-0.62591876415828,1.270915601055488
6609,-1.2774445836787656,-0.32432453570912145
6610,1.4508197855632678,0.7059347192846889
6611,1.1657772395230555,-1.3213496211870024
6612,-0.8702409464784621,-0.8228370784480619
6613,-0.7073594915983407,-0.5237295528046976
6614,-1.2774445836787656,-1.5207546382825785
6615,0.06632741908223598,0.6727005497687596
6616,1.6137012404433893,-1.3545837907029317
6617,-0.2594354906780068,-0.09168534909761586
6618,1.369379058123207,1.0050422449280532
6619,-1.2774445836787656,-0.49049538328876824
6620,1.2879383306831464,0.6727005497687596
6621,-1.1960038562387048,-0.12491951861354524
6622,-0.5037576729981889,-1.4875204687666492
6623,0.6364125111626608,1.270915601055488
6624,0.43281069256250915,0.2406563460616778
6625,-0.748079855318371,-1.4875204687666492
6626,1.002895784642934,-1.4875204687666492
6627,1.6137012404433893,0.0412513289661016
6628,1.6137012404433893,-1.288115451671073
6629,0.22920887396235737,0.5397638717050421
6630,-1.2367242199587352,-0.49049538328876824
6631,-1.1552834925186746,1.0050422449280532
6632,-0.2594354906780068,0.17418800702981907
6633,-1.1960038562387048,-1.1551787736073555
6634,-0.2594354906780068,-1.4875204687666492
6635,-0.7073594915983407,-0.8560712479639913
6636,-0.4223169455581282,1.1712130925077
6637,-0.7888002190384014,-1.3213496211870024
6638,-1.0738427650786138,-0.6899004003843444
6639,-0.5037576729981889,-0.3575587052250508
6640,1.6137012404433893,-1.4875204687666492
6641,0.06632741908223598,1.1712130925077
6642,-1.2774445836787656,-0.6566662308684151
6643,0.7992939660427822,-1.45428629925072
6644,1.4915401492832983,-1.3213496211870024
6645,0.26992923768238775,-1.4875204687666492
6646,1.3286586944031769,0.3403588546094659
6647,1.4508197855632678,-1.3213496211870024
6648,-0.30015585439803716,0.6727005497687596
6649,-1.0738427650786138,0.6394663802528302
6650,1.2879383306831464,0.17418800702981907
6651,-1.0331224013585834,0.17418800702981907
6652,-0.015113308357824713,0.7059347192846889
6653,0.35136996512244845,-1.4875204687666492
6654,-1.2367242199587352,-0.6566662308684151
6655,-0.3408762181180675,-0.4572612137728389
6656,-1.2774445836787656,-1.5207546382825785
6657,0.880734693482843,-0.6899004003843444
6658,0.26992923768238775,-0.15815368812947458
6659,-0.748079855318371,0.5065297021891128
6660,-1.0331224013585834,0.17418800702981907
6661,-0.30015585439803716,-1.4875204687666492
6662,0.47353105628253944,0.9385739058961945
6663,1.1657772395230555,1.1712130925077
6664,1.6137012404433893,1.6364914657307112
6665,0.43281069256250915,1.1379789229917707
6666,1.0436161483629645,1.437086448635135
6667,1.5729808767233588,0.07448549848203097
6668,-0.4223169455581282,1.0050422449280532
6669,0.06632741908223598,0.6727005497687596
6670,0.7992939660427822,0.2738905155776072
6671,1.2879383306831464,-0.6899004003843444
6672,0.47353105628253944,0.6727005497687596
6673,-0.7888002190384014,-0.6566662308684151
6674,-0.3408762181180675,0.8721055668643357
6675,1.5322605130033284,1.6697256352466405
6676,1.5322605130033284,0.40682719364132464
6677,-1.2774445836787656,0.6727005497687596
6678,1.6137012404433893,-1.45428629925072
6679,-0.8702409464784621,0.37359302412539525
6680,-0.8295205827584317,-0.15815368812947458
6681,1.6137012404433893,1.536788957182923
6682,-0.9924020376385531,1.2044472620236295
6683,-0.7073594915983407,0.6727005497687596
6684,-0.7888002190384014,-0.29109036619319206
6685,1.4508197855632678,0.5065297021891128
6686,-0.62591876415828,0.5065297021891128
6687,1.5729808767233588,-1.3213496211870024
6688,-1.0738427650786138,0.1409538375138897
6689,-0.3408762181180675,-1.4875204687666492
6690,-1.0738427650786138,0.8721055668643357
6691,0.5956921474426305,-1.5207546382825785
6692,-1.1552834925186746,0.37359302412539525
6693,-0.7888002190384014,0.9718080754121239
6694,-1.1960038562387048,0.3403588546094659
6695,-0.8295205827584317,-0.3575587052250508
6696,-0.62591876415828,0.5065297021891128
6697,-0.5444780367182193,-0.22462202716133334
6698,0.7992939660427822,-1.45428629925072
6699,-0.13727439951791576,0.8388713973484064
6700,-1.1960038562387048,-0.6566662308684151
6701,-1.1960038562387048,-0.9557737565117794
6702,-0.015113308357824713,0.6394663802528302
6703,-1.2774445836787656,0.5397638717050421
6704,0.9214550572028734,1.3041497705714176
6705,-0.5037576729981889,1.1379789229917707
6706,-0.4223169455581282,-1.4875204687666492
6707,1.125056875803025,0.5397638717050421
6708,-0.21871512695797646,0.7724030583165477
6709,-1.2774445836787656,0.3071246850935365
6710,-1.1552834925186746,0.9718080754121239
6711,-1.1960038562387048,0.6727005497687596
6712,-0.8295205827584317,-1.188412943123285
6713,-0.62591876415828,-0.4240270442569095
6714,0.6364125111626608,-1.4875204687666492
6715,-0.8295205827584317,0.44006136315725397
6716,0.5142514200025698,-1.3213496211870024
6717,-1.2774445836787656,-0.4572612137728389
6718,1.6137012404433893,0.6727005497687596
6719,-0.1779947632379461,1.1712130925077
6720,0.758573602322752,0.5397638717050421
6721,-1.2774445836787656,-0.49049538328876824
6722,-0.9924020376385531,0.0412513289661016
6723,0.43281069256250915,1.3706181096032763
6724,-0.4223169455581282,0.6394663802528302
6725,-0.5851984004382496,-1.4875204687666492
6726,0.880734693482843,0.008017159450172232
6727,-0.7888002190384014,0.5397638717050421
6728,1.4915401492832983,0.6727005497687596
6729,1.369379058123207,-0.2578561966772627
6730,0.8400143297628127,-1.5207546382825785
6731,-1.1960038562387048,-1.5207546382825785
6732,-0.5037576729981889,-1.4875204687666492
6733,-1.2774445836787656,-1.5207546382825785
6734,0.22920887396235737,-0.09168534909761586
6735,-0.7888002190384014,-1.4875204687666492
6736,1.002895784642934,0.8388713973484064
6737,1.4100994218432374,-1.4875204687666492
6738,-0.8702409464784621,-0.29109036619319206
6739,-0.748079855318371,-0.49049538328876824
6740,-0.46303730927815856,0.5065297021891128
6741,-1.2774445836787656,-1.4875204687666492
6742,1.0843365120829946,-1.3213496211870024
6743,0.43281069256250915,1.2044472620236295
6744,-1.0331224013585834,-0.8560712479639913
6745,0.9621754209229036,0.5397638717050421
6746,-0.7888002190384014,0.2738905155776072
6747,-1.1960038562387048,-1.1551787736073555
6748,-0.9924020376385531,0.37359302412539525
6749,-1.2774445836787656,0.17418800702981907
6750,-1.1145631287986442,-1.0222420955436382
6751,-0.5444780367182193,-1.3545837907029317
6752,-1.318164947398796,-0.3907928747409802
6753,1.5729808767233588,-1.4875204687666492
6754,-0.9516816739185228,-0.6566662308684151
6755,-1.2774445836787656,0.3071246850935365
6756,-0.3408762181180675,-1.3213496211870024
6757,-1.1960038562387048,-1.4875204687666492
6758,0.26992923768238775,1.270915601055488
6759,1.4915401492832983,0.9385739058961945
6760,0.025607055362205634,-0.12491951861354524
6761,-0.3408762181180675,-0.4572612137728389
6762,-0.6666391278783103,-1.4875204687666492
6763,0.26992923768238775,-1.4875204687666492
6764,0.18848851024232702,-1.4875204687666492
6765,1.5729808767233588,0.8721055668643357
6766,-0.13727439951791576,0.8388713973484064
6767,1.4508197855632678,0.9053397363802651
6768,0.7992939660427822,1.2044472620236295
6769,-1.1960038562387048,-0.15815368812947458
6770,-1.2774445836787656,0.5729980412209714
6771,1.6137012404433893,1.6697256352466405
6772,-0.2594354906780068,0.6394663802528302
6773,-1.1960038562387048,0.5065297021891128
6774,-1.1960038562387048,-1.4875204687666492
6775,1.0843365120829946,1.536788957182923
6776,0.025607055362205634,1.3373839400873468
6777,-0.2594354906780068,0.7059347192846889
6778,-0.0965540357978854,1.1712130925077
6779,-0.4223169455581282,0.47329553267318336
6780,1.6137012404433893,0.8388713973484064
6781,-1.0331224013585834,-1.3213496211870024
6782,1.369379058123207,1.536788957182923
6783,1.5729808767233588,1.3706181096032763
6784,-0.9924020376385531,0.3403588546094659
6785,-0.7073594915983407,1.270915601055488
6786,1.5322605130033284,1.3706181096032763
6787,0.9214550572028734,0.6727005497687596
6788,-1.2774445836787656,-1.5207546382825785
6789,1.247217966963116,1.2376814315395588
6790,-0.9109613101984924,-1.4875204687666492
6791,-1.1960038562387048,0.3071246850935365
6792,0.880734693482843,-1.4875204687666492
6793,1.6137012404433893,0.07448549848203097
6794,-0.1779947632379461,-1.288115451671073
6795,1.3286586944031769,0.7059347192846889
6796,1.5322605130033284,-1.4875204687666492
6797,0.9214550572028734,-0.4572612137728389
6798,1.4508197855632678,-1.4875204687666492
6799,0.5142514200025698,-1.5207546382825785
6800,-0.9516816739185228,0.3403588546094659
6801,1.6137012404433893,1.7029598047625698
6802,1.2879383306831464,1.1379789229917707
6803,1.6137012404433893,0.6394663802528302
6804,0.5956921474426305,0.6727005497687596
6805,-1.2774445836787656,-1.4875204687666492
6806,-0.5444780367182193,-1.45428629925072
6807,-1.0738427650786138,-0.5237295528046976
6808,0.6364125111626608,-1.3545837907029317
6809,-1.2774445836787656,-1.4875204687666492
6810,1.247217966963116,0.3071246850935365
6811,-0.9924020376385531,0.3403588546094659
6812,1.3286586944031769,1.3041497705714176
6813,0.43281069256250915,-1.4875204687666492
6814,0.22920887396235737,-0.3575587052250508
6815,-1.2774445836787656,-0.6566662308684151
6816,-1.2367242199587352,-1.4875204687666492
6817,-1.1552834925186746,0.5065297021891128
6818,1.4915401492832983,1.5035547876669937
6819,-1.1960038562387048,0.3071246850935365
6820,1.5322605130033284,1.5035547876669937
6821,-1.1552834925186746,-0.5237295528046976
6822,0.5549717837226001,1.270915601055488
6823,-1.2367242199587352,-0.6566662308684151
6824,1.3286586944031769,0.17418800702981907
6825,-0.5444780367182193,1.071510583959912
6826,-0.46303730927815856,-0.09168534909761586
6827,0.6364125111626608,0.47329553267318336
6828,-0.62591876415828,0.805637227832477
6829,1.2879383306831464,-1.4875204687666492
6830,1.369379058123207,0.9053397363802651
6831,1.5322605130033284,0.44006136315725397
6832,-0.13727439951791576,0.5065297021891128
6833,-1.2774445836787656,-0.0584511795816865
6834,0.5956921474426305,-1.4875204687666492
6835,1.5729808767233588,-1.45428629925072
6836,0.3920903288424788,-1.45428629925072
6837,1.2064976032430856,0.5065297021891128
6838,0.9621754209229036,-0.6566662308684151
6839,1.5322605130033284,1.7029598047625698
6840,0.43281069256250915,-1.3545837907029317
6841,0.47353105628253944,0.7724030583165477
6842,-0.21871512695797646,-0.6234320613524857
6843,-0.055833672077855064,1.270915601055488
6844,-0.7888002190384014,-1.4875204687666492
6845,-0.2594354906780068,0.8721055668643357
6846,1.0843365120829946,-1.553988807798508
6847,0.758573602322752,1.0050422449280532
6848,-1.2774445836787656,0.6727005497687596
6849,0.6364125111626608,1.4038522791192056
6850,1.5322605130033284,0.5397638717050421
6851,-0.6666391278783103,-1.4875204687666492
6852,1.4100994218432374,1.270915601055488
6853,-0.1779947632379461,-1.1551787736073555
6854,-1.1552834925186746,0.0412513289661016
6855,1.6137012404433893,-1.5207546382825785
6856,-0.30015585439803716,-0.8893054174799206
6857,0.6364125111626608,1.071510583959912
6858,1.6137012404433893,1.3706181096032763
6859,-1.2367242199587352,0.7059347192846889
6860,0.9621754209229036,0.7059347192846889
6861,1.4915401492832983,-1.5207546382825785
6862,-0.9516816739185228,-0.6566662308684151
6863,0.18848851024232702,0.5065297021891128
6864,0.758573602322752,-0.29109036619319206
6865,1.5322605130033284,-1.3213496211870024
6866,0.22920887396235737,1.3041497705714176
6867,-0.38159658183809786,0.8721055668643357
6868,0.47353105628253944,-1.4875204687666492
6869,-1.1145631287986442,-1.4875204687666492
6870,1.4100994218432374,1.3373839400873468
6871,1.6137012404433893,-1.45428629925072
6872,-1.0331224013585834,0.9718080754121239
6873,0.880734693482843,0.5065297021891128
6874,0.35136996512244845,0.5397638717050421
6875,1.247217966963116,1.4703206181510644
6876,-1.2774445836787656,0.17418800702981907
6877,1.0843365120829946,1.1712130925077
6878,0.7178532386027215,1.5035547876669937
6879,-1.1960038562387048,1.0050422449280532
6880,1.5729808767233588,1.1379789229917707
6881,1.002895784642934,-1.45428629925072
6882,-0.7073594915983407,0.5065297021891128
6883,1.6137012404433893,-0.32432453570912145
6884,0.3920903288424788,0.3071246850935365
6885,1.6137012404433893,1.1047447534758412
6886,-0.5851984004382496,-1.3213496211870024
6887,1.5322605130033284,0.008017159450172232
6888,-0.2594354906780068,0.6394663802528302
6889,1.2879383306831464,-1.288115451671073
6890,-0.9924020376385531,0.5065297021891128
6891,1.4508197855632678,1.6032572962147817
6892,-0.4223169455581282,0.8388713973484064
6893,1.6137012404433893,0.6727005497687596
6894,-0.38159658183809786,-1.4875204687666492
6895,-0.3408762181180675,-1.188412943123285
6896,-0.6666391278783103,0.9718080754121239
6897,1.247217966963116,1.437086448635135
6898,1.6137012404433893,1.4038522791192056
6899,-1.0738427650786138,0.6727005497687596
6900,1.2064976032430856,0.9718080754121239
6901,-0.9516816739185228,-1.5207546382825785
6902,1.5729808767233588,-1.3213496211870024
6903,-0.5851984004382496,-0.29109036619319206
6904,-0.9516816739185228,0.3071246850935365
6905,0.6364125111626608,1.7361939742784993
6906,0.025607055362205634,-1.4875204687666492
6907,-0.21871512695797646,1.2376814315395588
6908,1.5322605130033284,1.3041497705714176
6909,-0.62591876415828,-1.4875204687666492
6910,0.35136996512244845,-0.29109036619319206
6911,-1.0331224013585834,-0.556963722320627
6912,-0.2594354906780068,0.5065297021891128
6913,-0.9109613101984924,-0.4240270442569095
6914,1.002895784642934,-0.3907928747409802
6915,0.10704778280226633,-0.12491951861354524
6916,-0.1779947632379461,0.5397638717050421
6917,1.6137012404433893,1.5035547876669937
6918,-0.21871512695797646,0.6727005497687596
6919,1.4100994218432374,-1.45428629925072
6920,-0.8702409464784621,-1.4875204687666492
6921,1.4915401492832983,1.3373839400873468
6922,0.7992939660427822,1.1047447534758412
6923,0.7992939660427822,0.5397638717050421
6924,-0.3408762181180675,-1.4875204687666492
6925,-0.8295205827584317,-1.4875204687666492
6926,-1.2774445836787656,-0.6899004003843444
6927,-0.7073594915983407,-1.5207546382825785
6928,-0.9516816739185228,0.9718080754121239
6929,-0.5851984004382496,0.805637227832477
6930,1.369379058123207,-1.3213496211870024
6931,0.5549717837226001,-0.2578561966772627
6932,-1.2367242199587352,0.3071246850935365
6933,-0.62591876415828,0.7391688888006183
6934,0.5956921474426305,-0.8228370784480619
6935,1.247217966963116,1.437086448635135
6936,-1.2774445836787656,-1.4875204687666492
6937,1.5322605130033284,0.0412513289661016
6938,0.22920887396235737,-1.4875204687666492
6939,1.0436161483629645,-1.3545837907029317
6940,1.125056875803025,0.008017159450172232
6941,1.4508197855632678,0.7724030583165477
6942,0.6364125111626608,-0.12491951861354524
6943,0.10704778280226633,1.4038522791192056
6944,1.5729808767233588,0.5065297021891128
6945,0.9214550572028734,-0.2578561966772627
6946,0.3920903288424788,1.1712130925077
6947,0.9621754209229036,1.071510583959912
6948,0.3106496014024181,-0.09168534909761586
6949,1.6137012404433893,0.6727005497687596
6950,-0.015113308357824713,0.8721055668643357
6951,0.10704778280226633,0.6727005497687596
6952,1.0436161483629645,1.2376814315395588
6953,0.5142514200025698,0.3071246850935365
6954,-0.5037576729981889,0.5729980412209714
6955,-1.1960038562387048,0.17418800702981907
6956,1.4508197855632678,0.805637227832477
6957,-0.9516816739185228,0.3403588546094659
6958,0.14776814652229667,0.3403588546094659
6959,0.18848851024232702,-0.8228370784480619
6960,-1.2774445836787656,0.20742217654574843
6961,1.6137012404433893,1.3041497705714176
6962,-1.2774445836787656,0.5065297021891128
6963,0.9214550572028734,-0.29109036619319206
6964,-0.1779947632379461,-0.3575587052250508
6965,0.7992939660427822,-0.19138785764540397
6966,-1.2774445836787656,-0.6899004003843444
6967,0.3920903288424788,0.5065297021891128
6968,0.6771328748826912,1.0050422449280532
6969,-0.2594354906780068,1.0382764144439827
6970,0.10704778280226633,-1.4875204687666492
6971,-1.2774445836787656,-0.6566662308684151
6972,0.7992939660427822,1.437086448635135
6973,1.6137012404433893,1.536788957182923
6974,0.5142514200025698,0.6727005497687596
6975,0.35136996512244845,1.3373839400873468
6976,0.880734693482843,0.7391688888006183
6977,-0.4223169455581282,-0.8228370784480619
6978,1.6137012404433893,0.9053397363802651
6979,-0.748079855318371,0.5065297021891128
6980,1.247217966963116,-1.5207546382825785
6981,-1.0331224013585834,-1.5207546382825785
6982,1.6137012404433893,1.4703206181510644
6983,-1.0331224013585834,-0.5237295528046976
6984,-1.2774445836787656,-0.6566662308684151
6985,-0.6666391278783103,0.3403588546094659
6986,-0.748079855318371,-0.15815368812947458
6987,-1.2774445836787656,0.20742217654574843
6988,1.125056875803025,-0.6899004003843444
6989,-1.2774445836787656,0.20742217654574843
6990,0.5142514200025698,0.3403588546094659
6991,-1.2774445836787656,-0.6234320613524857
6992,1.6137012404433893,1.4703206181510644
6993,-1.0738427650786138,-1.5207546382825785
6994,-1.2774445836787656,-0.32432453570912145
6995,-0.5444780367182193,-0.29109036619319206
6996,-0.3408762181180675,-0.025217010065757134
6997,1.2879383306831464,0.37359302412539525
6998,-0.62591876415828,0.8721055668643357
6999,-0.9924020376385531,-0.6899004003843444
7000,-0.3408762181180675,-1.4875204687666492
7001,-0.8702409464784621,-1.4875204687666492
7002,0.3106496014024181,-0.2578561966772627
7003,0.14776814652229667,-1.3213496211870024
7004,1.5729808767233588,1.437086448635135
7005,-1.0331224013585834,-1.5207546382825785
7006,-1.1960038562387048,0.40682719364132464
7007,0.22920887396235737,-1.4875204687666492
7008,-1.318164947398796,-1.288115451671073
7009,-1.2774445836787656,0.3403588546094659
7010,-0.30015585439803716,0.20742217654574843
7011,1.4915401492832983,-1.4875204687666492
7012,0.14776814652229667,0.9053397363802651
7013,1.247217966963116,1.1712130925077
7014,-0.8295205827584317,1.0382764144439827
7015,-0.5444780367182193,-1.4875204687666492
7016,-0.5851984004382496,0.7724030583165477
7017,-0.015113308357824713,0.47329553267318336
7018,0.9621754209229036,1.3373839400873468
7019,-1.0738427650786138,-1.4875204687666492
7020,-0.9516816739185228,-0.4572612137728389
7021,-0.015113308357824713,-0.9557737565117794
7022,1.0436161483629645,1.1712130925077
7023,-0.9924020376385531,-0.19138785764540397
7024,-0.62591876415828,0.008017159450172232
7025,-0.21871512695797646,0.20742217654574843
7026,-0.7888002190384014,0.7059347192846889
7027,0.6771328748826912,-0.49049538328876824
7028,-0.46303730927815856,-1.45428629925072
7029,0.14776814652229667,-0.9890079260277087
7030,-1.2774445836787656,0.37359302412539525
7031,0.3920903288424788,-1.4875204687666492
7032,-0.6666391278783103,0.5065297021891128
7033,0.6771328748826912,1.437086448635135
7034,1.2879383306831464,1.2376814315395588
7035,-1.2367242199587352,-0.6566662308684151
7036,1.6137012404433893,0.805637227832477
7037,-1.2774445836787656,-1.3213496211870024
7038,-1.2774445836787656,1.0050422449280532
7039,-0.38159658183809786,0.8721055668643357
7040,-0.8295205827584317,-1.45428629925072
7041,-0.8295205827584317,1.1379789229917707
7042,-0.2594354906780068,-1.4875204687666492
