row_id,gender,SeniorCitizen,Dependents,tenure,PhoneService,MultipleLines,InternetService,MonthlyCharges,Churn,Contract_Month-to-month,Contract_One year,Contract_Two year
0,0,0,0,1,0,0,0,25,1,1,0,0
1,1,0,0,41,1,0,0,25,0,0,1,0
2,0,0,1,52,1,0,0,19,0,1,0,0
3,0,0,0,1,1,0,0,76,1,0,1,0
4,1,0,0,67,1,0,1,51,0,1,0,0
5,0,1,0,68,1,1,1,90,1,1,0,0
6,0,0,1,23,1,1,1,77,0,1,0,0
7,1,0,1,72,1,0,0,72,0,1,0,0
8,1,0,0,70,1,1,1,104,1,1,0,0
9,1,0,0,1,1,0,0,19,1,0,1,0
10,1,0,0,1,1,0,0,20,0,1,0,0
11,1,0,1,34,1,0,0,84,0,0,0,1
12,1,1,1,28,1,1,1,51,0,0,1,0
13,0,1,0,18,1,1,1,85,1,1,0,0
14,0,0,0,15,1,0,1,20,0,1,0,0
15,0,1,0,11,1,1,1,95,1,0,0,1
16,1,0,0,11,1,0,0,54,1,0,1,0
17,1,0,1,1,1,1,1,70,1,0,0,1
18,0,0,1,37,1,0,0,89,0,1,0,0
19,1,0,1,22,1,0,1,89,1,1,0,0
20,0,0,0,1,1,0,0,70,0,1,0,0
21,0,0,1,1,1,0,0,19,0,0,1,0
22,1,0,1,46,1,0,0,80,0,1,0,0
23,0,0,0,51,1,1,0,107,0,0,0,1
24,0,0,0,41,1,0,0,104,0,1,0,0
25,0,0,0,5,1,0,0,68,1,1,0,0
26,0,0,0,45,1,1,1,89,1,1,0,0
27,1,0,1,29,1,0,0,60,0,1,0,0
28,0,1,0,15,1,1,0,92,0,0,0,1
29,1,0,0,72,0,0,0,64,0,1,0,0
30,1,0,0,50,1,1,1,104,0,0,0,1
31,1,0,1,27,1,0,1,21,0,1,0,0
32,1,0,0,72,1,0,0,85,0,0,1,0
33,0,0,1,51,1,0,0,70,0,1,0,0
34,0,0,0,60,1,0,0,94,0,1,0,0
35,1,0,0,17,1,1,1,19,0,0,0,1
36,0,0,0,72,1,0,1,21,0,1,0,0
37,0,0,0,33,1,0,1,104,1,1,0,0
38,0,1,1,66,1,1,1,105,0,1,0,0
39,0,0,1,69,1,1,1,104,1,1,0,0
40,1,0,0,5,1,0,0,70,1,0,1,0
41,0,0,0,57,1,1,0,101,0,0,0,1
42,0,1,0,8,1,0,0,76,1,0,1,0
43,0,0,0,14,1,1,0,51,0,0,0,1
44,1,0,0,25,1,1,0,95,1,1,0,0
45,0,0,1,52,1,1,1,20,0,1,0,0
46,0,1,0,7,1,0,0,76,1,1,0,0
47,1,0,0,13,1,0,1,80,1,1,0,0
48,0,1,0,15,1,1,0,90,1,0,0,1
49,1,0,0,22,1,1,0,55,1,0,0,1
50,0,0,0,19,1,1,1,20,0,1,0,0
51,1,0,1,23,0,0,1,30,0,1,0,0
52,0,0,0,72,1,1,0,114,0,1,0,0
53,1,1,0,72,1,1,1,98,0,1,0,0
54,0,0,1,59,1,0,0,97,0,0,1,0
55,0,0,1,70,1,1,1,75,0,1,0,0
56,1,0,1,70,1,1,1,101,0,0,1,0
57,1,0,1,9,1,1,1,103,0,0,1,0
58,0,0,0,3,1,1,0,25,0,0,0,1
59,1,1,0,17,1,1,1,102,0,0,0,1
60,0,0,1,28,1,1,1,70,0,1,0,0
61,0,0,0,10,1,1,1,54,0,1,0,0
62,1,0,1,11,1,0,0,21,0,0,0,1
63,1,1,0,72,1,0,0,103,0,0,1,0
64,1,0,0,8,1,1,1,70,1,1,0,0
65,1,1,0,69,1,0,0,20,0,1,0,0
66,0,0,1,39,1,1,1,20,0,0,1,0
67,1,0,1,67,0,0,0,51,0,0,0,1
68,1,0,0,39,1,0,0,20,0,0,0,1
69,1,0,1,54,1,0,1,66,0,1,0,0
70,0,0,0,1,1,0,0,74,1,1,0,0
71,0,0,1,72,0,0,0,60,0,0,1,0
72,1,0,0,10,1,1,1,99,1,0,0,1
73,1,0,1,13,1,1,0,97,1,0,0,1
74,0,0,0,35,1,0,0,99,0,1,0,0
75,1,0,1,12,0,1,1,36,0,0,1,0
76,1,0,0,31,1,0,0,91,0,0,1,0
77,0,0,1,53,1,0,0,108,0,1,0,0
78,1,0,0,1,1,0,0,20,0,1,0,0
79,1,0,0,30,1,1,0,20,0,0,1,0
80,0,0,0,46,1,0,1,75,0,1,0,0
81,0,0,0,19,1,0,0,90,1,1,0,0
82,0,0,0,23,1,0,1,54,0,1,0,0
83,0,1,0,15,1,0,1,55,1,1,0,0
84,1,0,0,48,1,0,0,20,0,0,0,1
85,1,0,1,25,1,1,1,96,1,1,0,0
86,1,0,0,52,1,0,0,105,1,0,1,0
87,1,0,0,12,1,0,0,82,1,0,0,1
88,0,0,0,48,1,0,0,25,0,0,0,1
89,0,0,0,38,1,0,0,20,0,1,0,0
90,0,0,0,18,0,0,1,35,0,1,0,0
91,0,0,0,45,1,0,1,50,0,1,0,0
92,1,0,0,12,1,1,0,90,0,0,0,1
93,0,1,0,66,1,1,1,102,0,1,0,0
94,0,0,0,72,1,1,1,20,0,0,0,1
95,0,0,0,70,0,1,1,45,0,1,0,0
96,0,0,0,27,1,1,0,90,0,0,1,0
97,1,0,0,1,1,0,0,20,0,1,0,0
98,1,1,0,13,1,0,0,95,1,0,0,1
99,0,0,1,65,1,0,1,90,0,1,0,0
100,0,0,1,14,1,0,0,70,0,1,0,0
101,0,0,1,17,1,0,0,85,1,1,0,0
102,0,0,0,31,1,1,1,21,0,0,1,0
103,1,0,1,24,1,0,0,24,0,0,1,0
104,0,0,0,3,1,1,1,20,0,0,0,1
105,1,0,0,17,1,0,0,77,1,1,0,0
106,1,0,0,66,1,1,1,69,0,0,1,0
107,1,0,0,45,1,0,0,53,0,0,1,0
108,1,0,0,35,1,1,1,92,0,0,1,0
109,1,0,1,40,0,0,0,40,0,0,0,1
110,0,0,0,10,1,1,1,85,1,1,0,0
111,0,0,0,52,1,0,0,64,0,0,1,0
112,0,0,0,13,1,0,1,19,0,1,0,0
113,0,1,0,43,1,1,1,90,0,1,0,0
114,0,0,0,41,1,0,0,20,0,0,0,1
115,0,1,0,52,0,0,1,50,0,1,0,0
116,0,0,0,71,1,0,0,93,0,0,0,1
117,1,0,0,61,1,1,1,106,0,1,0,0
118,0,0,0,26,0,0,0,44,0,0,0,1
119,1,0,1,72,1,1,1,68,0,1,0,0
120,0,0,0,42,1,1,1,78,0,0,1,0
121,0,0,1,57,1,0,0,65,0,1,0,0
122,1,0,1,9,1,1,1,20,0,1,0,0
123,0,0,0,9,1,0,0,71,1,1,0,0
124,1,0,0,33,1,0,0,45,0,1,0,0
125,1,0,0,1,1,0,1,19,0,0,0,1
126,0,0,0,7,1,1,1,79,1,1,0,0
127,1,0,0,1,1,1,0,72,1,0,0,1
128,1,0,1,65,1,0,0,20,0,1,0,0
129,1,0,0,10,1,0,0,86,1,0,1,0
130,1,0,0,70,1,1,1,95,0,1,0,0
131,0,0,0,29,1,0,0,99,1,1,0,0
132,1,0,1,21,1,0,0,104,1,0,0,1
133,1,0,0,1,1,0,0,91,1,1,0,0
134,1,0,0,5,1,0,0,20,0,1,0,0
135,1,0,0,56,1,1,0,90,0,0,0,1
136,1,0,1,35,1,0,1,85,1,1,0,0
137,1,0,1,10,1,0,0,20,0,0,0,1
138,0,0,0,31,0,0,0,50,0,0,0,1
139,1,1,0,37,1,0,1,86,1,1,0,0
140,1,1,0,57,1,1,0,95,1,0,0,1
141,0,0,1,34,1,1,0,26,0,1,0,0
142,0,0,0,3,1,1,1,99,1,0,0,1
143,0,0,0,4,1,1,1,83,0,0,1,0
144,0,0,0,54,1,1,0,20,0,0,0,1
145,1,0,1,6,1,1,1,20,0,0,0,1
146,1,0,0,22,1,0,0,60,0,0,1,0
147,1,0,0,23,1,0,0,97,0,1,0,0
148,0,0,0,68,1,0,0,58,0,0,1,0
149,0,0,1,48,1,0,0,20,0,1,0,0
150,1,0,1,34,1,0,0,21,0,1,0,0
151,0,0,0,41,1,1,1,80,0,1,0,0
152,1,0,0,9,1,1,1,76,0,0,1,0
153,0,1,0,18,1,0,0,104,0,0,0,1
154,1,0,0,35,1,0,0,96,0,1,0,0
155,1,0,1,55,1,0,1,79,0,1,0,0
156,1,0,0,54,1,1,1,108,0,1,0,0
157,0,1,0,2,1,0,0,79,1,0,1,0
158,1,0,0,52,1,0,0,106,0,0,0,1
159,1,0,0,72,1,1,0,70,0,0,0,1
160,1,0,0,9,1,0,0,70,0,1,0,0
161,0,0,1,3,1,1,1,70,0,1,0,0
162,1,1,0,4,1,0,1,75,0,1,0,0
163,1,0,1,69,1,1,0,76,0,0,0,1
164,0,0,1,67,0,0,0,36,0,0,1,0
165,1,0,0,4,1,0,0,80,1,0,0,1
166,1,0,0,13,0,0,1,46,1,1,0,0
167,0,0,1,45,1,1,0,81,0,0,0,1
168,1,0,0,68,1,0,0,101,0,1,0,0
169,0,0,1,69,1,0,0,74,0,1,0,0
170,0,0,0,70,0,0,1,58,0,0,1,0
171,0,0,0,1,1,1,1,20,1,1,0,0
172,0,0,1,45,1,0,0,26,0,0,0,1
173,0,0,1,37,1,0,1,20,0,0,1,0
174,0,0,1,10,0,0,0,40,0,0,1,0
175,0,0,1,1,1,1,0,89,0,1,0,0
176,1,0,1,29,1,1,1,69,0,1,0,0
177,1,1,1,72,1,0,1,104,0,1,0,0
178,0,0,0,2,1,1,1,76,1,1,0,0
179,1,0,0,24,1,0,0,54,0,0,1,0
180,0,0,0,4,1,0,0,79,1,1,0,0
181,1,0,0,72,1,0,0,19,0,1,0,0
182,0,0,0,11,1,1,1,79,0,1,0,0
183,0,0,1,44,1,0,0,20,0,0,1,0
184,1,0,1,62,1,0,1,20,0,1,0,0
185,1,0,1,70,1,0,0,25,0,1,0,0
186,0,1,0,1,0,0,0,25,1,1,0,0
187,0,0,0,4,1,0,0,106,1,1,0,0
188,0,1,0,2,1,0,0,86,1,0,1,0
189,0,0,0,41,1,1,0,56,0,1,0,0
190,0,1,0,1,1,1,0,19,1,0,1,0
191,1,1,0,72,1,0,1,84,0,1,0,0
192,0,0,0,63,1,0,0,109,0,0,0,1
193,1,0,0,68,1,1,1,80,0,0,0,1
194,0,1,0,59,1,0,0,100,0,0,0,1
195,1,1,0,52,0,0,1,49,0,1,0,0
196,1,1,1,26,1,1,0,106,1,0,0,1
197,1,0,0,66,0,1,1,57,0,1,0,0
198,0,1,0,56,1,1,1,96,0,0,0,1
199,0,0,0,72,1,0,0,79,0,1,0,0
200,1,1,0,2,1,0,1,70,0,0,1,0
201,1,0,0,68,1,0,1,117,0,1,0,0
202,1,0,1,61,1,1,1,85,0,0,0,1
203,1,0,0,1,1,0,1,20,0,1,0,0
204,1,0,0,2,1,0,1,20,0,1,0,0
205,0,0,0,2,1,0,1,20,1,0,1,0
206,1,1,1,68,1,0,0,85,0,0,0,1
207,1,0,0,9,1,0,1,68,0,1,0,0
208,1,0,0,13,1,0,1,83,1,1,0,0
209,0,0,0,22,1,0,1,20,0,0,1,0
210,1,0,1,66,1,0,0,25,0,1,0,0
211,1,0,1,8,1,0,0,20,0,1,0,0
212,1,0,1,2,1,0,0,70,0,0,0,1
213,1,0,0,3,1,0,0,56,0,0,1,0
214,1,0,0,5,1,1,1,92,1,1,0,0
215,1,0,0,13,1,0,0,20,0,1,0,0
216,1,0,1,53,1,0,0,65,0,0,0,1
217,1,0,0,3,1,0,0,20,0,0,0,1
218,1,0,0,46,1,1,0,95,0,0,0,1
219,0,0,0,39,0,0,1,40,0,1,0,0
220,0,0,1,30,1,0,1,108,0,1,0,0
221,0,0,0,23,1,1,0,99,0,0,0,1
222,1,0,1,40,1,0,0,20,0,0,1,0
223,0,0,0,45,1,0,0,63,0,1,0,0
224,1,0,0,53,1,0,0,20,0,0,1,0
225,0,1,0,72,1,0,0,112,0,0,1,0
226,1,0,1,28,1,0,0,20,0,0,1,0
227,0,0,0,49,1,0,0,67,0,1,0,0
228,1,0,0,1,1,1,1,75,1,1,0,0
229,0,0,0,20,1,1,0,81,0,0,0,1
230,0,0,1,53,1,1,1,61,0,0,0,1
231,1,0,0,67,1,0,1,69,0,1,0,0
232,1,0,0,11,1,0,1,74,1,1,0,0
233,0,0,1,52,1,0,0,86,0,0,0,1
234,0,0,0,1,1,1,0,91,1,1,0,0
235,0,0,0,48,1,1,0,56,0,1,0,0
236,0,0,0,7,1,0,0,75,1,0,0,1
237,1,0,1,7,1,1,1,71,0,1,0,0
238,0,0,1,12,1,0,1,84,0,1,0,0
239,1,0,0,40,1,0,0,25,0,0,0,1
240,1,0,0,55,1,1,0,78,0,0,0,1
241,0,0,0,20,1,1,1,20,0,0,0,1
242,1,0,0,1,0,0,0,36,1,0,1,0
243,0,0,1,72,1,0,1,84,0,1,0,0
244,1,0,0,63,1,0,0,110,0,1,0,0
245,0,0,0,70,0,0,1,65,0,1,0,0
246,0,0,0,8,1,1,0,64,0,0,1,0
247,0,0,0,1,1,0,1,46,1,1,0,0
248,1,0,0,16,1,0,0,20,0,1,0,0
249,0,0,1,11,0,1,1,25,0,0,1,0
250,1,0,0,11,1,0,1,75,1,0,1,0
251,0,0,1,41,1,0,1,88,0,1,0,0
252,1,0,1,14,1,0,0,76,0,1,0,0
253,0,0,0,61,1,1,0,89,0,0,1,0
254,0,0,0,20,1,0,0,89,0,1,0,0
255,0,0,0,47,1,0,0,106,1,0,0,1
256,1,0,1,2,1,1,1,60,0,0,0,1
257,1,0,1,41,1,1,1,60,0,0,1,0
258,0,0,0,72,1,0,0,25,0,1,0,0
259,0,0,1,72,1,0,0,80,0,1,0,0
260,0,0,0,46,1,0,0,96,0,1,0,0
261,1,0,0,1,1,1,1,20,1,1,0,0
262,1,0,1,29,0,1,1,45,0,1,0,0
263,0,0,0,37,1,0,0,100,0,0,0,1
264,1,0,0,19,1,1,1,62,0,0,1,0
265,0,0,1,49,1,1,0,78,0,0,0,1
266,1,0,1,13,1,1,0,44,0,0,0,1
267,0,0,0,22,1,0,1,50,0,1,0,0
268,0,1,0,53,1,0,0,97,0,0,0,1
269,1,0,0,24,1,1,0,50,1,0,0,1
270,0,0,0,37,1,0,1,20,0,1,0,0
271,1,0,1,6,1,0,0,55,1,0,0,1
272,0,0,0,7,1,0,0,80,1,1,0,0
273,0,0,1,12,1,1,1,20,1,1,0,0
274,0,0,0,71,1,0,1,25,0,1,0,0
275,1,0,1,26,1,1,1,82,0,1,0,0
276,0,0,0,6,1,1,1,46,0,1,0,0
277,1,0,0,32,1,0,0,88,0,1,0,0
278,0,0,0,47,1,0,0,59,0,1,0,0
279,0,0,1,31,1,0,0,21,0,1,0,0
280,0,0,1,52,1,0,0,84,0,1,0,0
281,0,0,0,60,0,0,0,61,0,1,0,0
282,0,0,0,48,1,1,0,66,0,1,0,0
283,1,0,0,45,1,1,0,19,0,1,0,0
284,0,0,0,39,1,0,1,80,1,1,0,0
285,0,1,0,1,1,1,1,86,1,0,1,0
286,1,0,0,1,1,0,0,70,1,1,0,0
287,0,0,0,6,1,0,1,79,1,1,0,0
288,1,0,0,9,1,0,1,76,0,1,0,0
289,1,0,1,72,1,0,0,114,0,1,0,0
290,1,1,0,71,0,1,1,52,0,1,0,0
291,1,0,1,71,1,0,0,20,0,0,1,0
292,0,0,0,64,1,0,1,95,0,0,1,0
293,0,0,1,28,1,0,1,20,0,1,0,0
294,0,0,1,70,1,0,0,115,0,1,0,0
295,1,1,0,39,1,0,0,96,1,1,0,0
296,0,0,1,16,1,0,1,20,0,0,0,1
297,1,1,0,66,1,1,1,111,1,1,0,0
298,0,1,0,21,1,1,0,95,0,1,0,0
299,0,0,0,44,1,0,1,85,1,1,0,0
300,0,1,0,54,1,0,0,99,0,0,1,0
301,1,0,0,4,1,1,1,57,0,1,0,0
302,0,1,0,60,1,0,1,110,0,1,0,0
303,1,0,0,26,1,0,0,92,0,0,0,1
304,0,0,1,24,1,1,1,79,0,1,0,0
305,1,0,1,53,1,1,0,19,0,0,0,1
306,0,0,1,46,1,1,1,19,0,1,0,0
307,0,0,1,56,1,0,0,89,0,0,0,1
308,0,0,0,7,1,1,1,59,0,1,0,0
309,0,0,0,1,1,1,0,86,1,0,1,0
310,1,0,0,1,1,0,0,46,0,1,0,0
311,1,0,0,60,1,0,1,20,0,1,0,0
312,1,0,0,61,1,1,1,21,0,0,0,1
313,0,0,0,42,0,0,1,34,1,1,0,0
314,1,0,0,27,1,0,1,20,0,1,0,0
315,0,0,1,9,1,1,1,85,1,0,1,0
316,0,0,0,72,1,0,0,20,0,0,0,1
317,0,0,0,23,1,0,0,20,0,0,1,0
318,0,1,0,47,1,0,1,95,1,1,0,0
319,0,1,0,54,1,1,1,19,0,1,0,0
320,1,1,0,2,1,1,0,96,0,0,1,0
321,1,0,0,38,0,0,0,60,0,0,0,1
322,0,1,0,47,1,0,0,100,0,1,0,0
323,1,0,0,22,1,0,0,56,0,0,1,0
324,1,0,0,2,1,0,0,91,0,0,0,1
325,0,0,1,72,1,1,1,79,0,1,0,0
326,1,1,0,58,0,0,1,45,1,1,0,0
327,1,0,1,69,1,0,1,79,0,1,0,0
328,1,0,0,18,1,0,0,70,0,1,0,0
329,0,0,1,55,1,1,1,20,0,1,0,0
330,0,0,0,46,1,0,0,101,0,0,0,1
331,1,0,0,5,1,0,0,19,0,0,1,0
332,0,0,0,4,0,1,1,34,1,0,1,0
333,1,1,0,5,1,1,1,90,1,1,0,0
334,0,0,1,65,1,1,1,61,0,1,0,0
335,1,0,0,35,1,1,0,21,0,0,1,0
336,0,1,0,45,1,1,1,97,0,0,0,1
337,0,0,0,2,1,1,0,20,0,0,0,1
338,0,0,1,22,1,0,1,80,0,1,0,0
339,1,0,1,70,1,1,1,69,0,1,0,0
340,0,0,1,30,1,0,0,66,0,1,0,0
341,1,0,0,61,1,1,0,108,0,0,0,1
342,0,0,0,29,1,1,0,20,0,1,0,0
343,1,0,0,61,1,0,0,106,1,0,1,0
344,1,0,1,25,1,0,0,90,1,0,1,0
345,1,0,0,71,1,1,1,113,0,1,0,0
346,0,0,0,1,0,0,1,35,0,1,0,0
347,0,0,1,62,1,0,0,70,0,0,0,1
348,1,0,0,64,1,0,0,74,0,1,0,0
349,0,0,1,64,1,0,1,91,0,0,1,0
350,1,1,0,29,1,1,0,84,0,0,0,1
351,0,0,0,2,1,0,0,71,1,0,1,0
352,1,0,0,1,1,0,1,20,0,1,0,0
353,1,0,0,1,1,1,1,51,1,1,0,0
354,0,0,1,45,1,0,0,25,0,1,0,0
355,1,0,0,66,1,0,1,114,0,1,0,0
356,0,0,0,54,1,1,0,107,1,1,0,0
357,0,0,1,70,1,1,1,80,0,0,0,1
358,1,1,0,37,1,0,0,92,1,1,0,0
359,1,1,0,3,1,1,1,80,1,0,1,0
360,1,0,1,23,1,0,0,55,0,1,0,0
361,0,1,0,60,1,0,1,100,0,0,0,1
362,0,0,0,35,0,0,0,33,0,0,1,0
363,0,0,1,27,1,0,0,74,0,0,0,1
364,0,0,1,24,0,0,1,52,0,1,0,0
365,0,1,0,2,1,0,1,94,1,1,0,0
366,1,0,0,67,1,0,0,91,1,1,0,0
367,1,0,0,2,1,0,0,48,1,1,0,0
368,0,0,0,1,1,1,1,20,1,0,1,0
369,0,0,1,1,1,1,1,79,1,0,0,1
370,0,0,0,14,1,0,0,54,0,0,1,0
371,1,1,0,38,1,1,1,95,0,1,0,0
372,0,0,0,1,1,0,0,70,1,0,0,1
373,0,0,0,2,1,1,1,70,0,0,1,0
374,0,0,0,12,1,0,1,79,1,1,0,0
375,1,0,1,31,1,1,0,98,0,0,1,0
376,1,0,1,35,1,0,0,72,0,1,0,0
377,1,1,0,72,1,1,1,110,0,1,0,0
378,0,0,1,8,1,1,0,94,1,0,0,1
379,1,0,0,10,1,1,1,98,1,0,1,0
380,0,1,0,5,1,0,1,69,1,0,1,0
381,1,0,1,63,1,0,0,84,0,1,0,0
382,0,0,0,71,1,0,0,26,0,0,0,1
383,0,1,0,46,1,1,1,104,0,1,0,0
384,0,0,1,52,1,1,1,23,0,0,0,1
385,1,0,0,1,1,0,0,46,1,1,0,0
386,1,0,0,1,1,1,1,80,1,1,0,0
387,0,0,0,72,1,0,0,113,0,0,1,0
388,0,0,0,3,1,1,1,84,1,1,0,0
389,1,0,0,28,1,0,0,61,0,1,0,0
390,0,0,1,39,1,1,1,51,0,1,0,0
391,0,0,0,33,1,1,0,26,0,1,0,0
392,0,0,0,12,0,0,0,61,0,1,0,0
393,1,0,1,1,1,0,0,74,1,1,0,0
394,1,0,0,6,1,1,1,79,0,1,0,0
395,1,0,0,3,1,1,0,86,0,0,0,1
396,1,0,0,4,1,1,1,88,1,1,0,0
397,1,0,1,34,1,0,1,90,0,1,0,0
398,1,0,0,1,1,0,0,20,0,1,0,0
399,0,1,0,15,1,0,0,96,1,0,1,0
400,1,0,1,1,0,0,0,25,1,0,1,0
401,0,0,0,3,1,0,0,51,1,0,1,0
402,1,0,0,1,1,1,1,20,1,1,0,0
403,0,0,0,3,1,0,0,20,0,0,1,0
404,0,0,1,30,1,0,0,81,0,0,0,1
405,0,0,0,5,1,0,0,54,1,0,0,1
406,1,1,0,68,1,1,1,20,0,0,1,0
407,0,0,0,1,1,0,1,20,0,1,0,0
408,0,0,0,5,1,0,0,80,1,1,0,0
409,0,0,0,1,1,0,0,71,1,1,0,0
410,1,0,1,13,1,1,1,20,0,1,0,0
411,0,0,0,35,1,1,0,80,0,0,1,0
412,1,0,1,4,1,1,1,70,0,1,0,0
413,1,0,0,9,0,1,1,25,0,1,0,0
414,0,1,0,45,1,0,1,86,0,1,0,0
415,0,0,0,21,0,0,1,28,0,1,0,0
416,0,0,0,26,1,1,1,89,1,0,0,1
417,0,0,0,1,1,1,0,85,1,0,0,1
418,0,1,0,2,1,0,1,89,1,1,0,0
419,0,0,0,11,1,0,1,70,0,1,0,0
420,0,0,0,59,1,1,0,109,0,1,0,0
421,0,0,0,31,1,0,1,84,0,1,0,0
422,0,0,1,54,1,1,1,25,0,0,1,0
423,0,0,1,16,1,1,0,19,0,0,1,0
424,1,1,0,9,1,0,0,55,1,1,0,0
425,0,0,0,21,1,1,0,97,1,1,0,0
426,1,0,0,1,1,1,1,21,0,0,1,0
427,0,0,0,23,1,1,1,54,0,1,0,0
428,1,1,0,7,1,1,1,74,1,1,0,0
429,1,0,0,21,1,1,0,104,0,0,1,0
430,0,0,0,65,1,0,0,108,0,1,0,0
431,1,0,0,4,0,0,0,45,1,0,0,1
432,1,0,1,72,1,0,0,112,0,1,0,0
433,1,1,0,68,0,0,0,42,0,1,0,0
434,0,0,1,67,1,0,0,85,0,0,0,1
435,1,0,0,1,1,0,0,79,1,1,0,0
436,0,0,0,69,1,0,0,96,0,0,1,0
437,1,0,0,60,1,1,1,90,0,0,0,1
438,1,0,0,3,1,1,1,88,1,1,0,0
439,1,0,1,63,0,0,0,59,0,1,0,0
440,1,0,1,71,1,1,1,91,0,1,0,0
441,0,0,0,35,1,1,1,86,1,1,0,0
442,0,0,0,34,1,1,1,70,1,0,1,0
443,1,0,1,53,1,1,0,70,0,1,0,0
444,1,0,0,17,0,0,1,34,0,1,0,0
445,0,0,1,1,1,1,1,60,1,1,0,0
446,1,0,0,56,1,0,1,81,0,1,0,0
447,1,0,1,7,1,1,0,50,1,0,0,1
448,1,0,0,67,1,0,1,111,0,1,0,0
449,1,0,0,11,1,0,1,61,0,0,0,1
450,1,0,1,1,1,1,0,20,0,0,1,0
451,1,0,0,2,1,0,0,25,0,1,0,0
452,0,0,0,69,1,0,0,105,0,1,0,0
453,1,0,0,1,1,0,1,80,1,1,0,0
454,0,0,0,21,1,1,0,90,0,0,0,1
455,1,1,0,72,1,1,1,97,0,1,0,0
456,0,1,0,2,1,0,1,84,0,0,1,0
457,1,0,0,57,1,0,0,21,0,0,0,1
458,1,0,0,1,1,0,0,90,1,1,0,0
459,1,0,0,4,1,1,1,81,1,1,0,0
460,0,0,0,2,1,0,0,19,0,1,0,0
461,0,0,0,9,1,0,0,77,0,1,0,0
462,0,0,0,71,1,1,1,111,0,1,0,0
463,0,0,1,13,1,1,1,19,0,1,0,0
464,1,0,1,50,1,1,1,45,0,0,0,1
465,1,1,0,10,1,0,0,90,1,0,0,1
466,1,1,0,64,1,1,1,94,0,0,0,1
467,0,0,1,1,1,1,1,70,1,0,1,0
468,1,0,0,2,0,0,0,25,0,0,0,1
469,0,0,0,30,1,0,0,110,0,1,0,0
470,1,0,0,7,1,0,0,90,1,0,1,0
471,1,0,0,26,1,0,0,19,0,1,0,0
472,1,0,0,20,1,0,0,50,0,1,0,0
473,0,0,0,72,1,0,0,26,0,1,0,0
474,0,0,1,13,1,0,1,56,1,1,0,0
475,1,0,0,70,1,1,1,85,0,1,0,0
476,1,0,0,3,0,0,0,30,0,1,0,0
477,1,0,0,2,1,0,0,76,1,1,0,0
478,0,1,0,72,1,0,1,116,0,1,0,0
479,1,1,0,33,1,0,1,84,1,1,0,0
480,1,1,0,15,1,0,0,74,1,0,0,1
481,1,0,0,1,0,0,0,29,0,1,0,0
482,1,1,0,55,1,0,1,99,1,1,0,0
483,1,0,1,5,1,1,1,64,0,0,1,0
484,1,0,0,3,1,0,1,80,1,1,0,0
485,0,0,0,65,1,1,1,90,0,0,0,1
486,1,0,1,39,1,1,1,60,0,1,0,0
487,1,0,0,70,1,1,0,25,0,0,0,1
488,1,0,0,34,1,0,0,116,0,0,0,1
489,1,0,0,30,1,1,1,50,0,1,0,0
490,0,0,0,12,0,1,1,50,0,0,0,1
491,1,0,1,9,1,0,0,20,0,1,0,0
492,0,0,0,49,0,0,1,56,0,1,0,0
493,0,0,0,7,1,1,0,44,0,0,1,0
494,0,1,0,38,1,0,0,83,0,1,0,0
495,1,0,0,63,1,0,0,109,0,0,1,0
496,1,1,0,1,1,0,0,72,1,1,0,0
497,1,0,0,30,1,0,0,90,0,0,0,1
498,0,0,0,23,1,0,0,74,0,1,0,0
499,0,0,0,57,1,1,1,70,0,1,0,0
500,0,1,0,70,1,1,1,76,0,0,1,0
501,1,0,1,71,1,1,1,107,0,0,0,1
502,1,0,1,20,1,1,0,50,0,0,1,0
503,0,0,1,72,1,0,1,25,0,1,0,0
504,1,0,0,22,1,1,0,70,0,0,0,1
505,1,0,0,15,1,1,1,26,0,1,0,0
506,0,0,0,9,0,1,1,49,1,1,0,0
507,0,0,0,38,1,0,1,105,1,1,0,0
508,1,1,0,7,0,1,1,30,0,1,0,0
509,0,0,0,26,1,0,0,73,0,1,0,0
510,0,0,0,56,1,0,1,60,0,0,1,0
511,0,0,0,49,1,1,1,20,0,1,0,0
512,0,0,0,3,1,1,1,70,0,1,0,0
513,1,1,0,1,1,1,1,74,1,1,0,0
514,0,1,0,70,1,1,1,20,0,1,0,0
515,0,0,0,23,1,1,1,56,0,1,0,0
516,0,0,0,65,1,0,0,60,0,0,1,0
517,1,1,0,69,1,0,1,108,1,1,0,0
518,0,0,0,1,1,0,1,55,1,1,0,0
519,1,0,0,24,1,0,0,90,1,1,0,0
520,0,0,0,25,1,1,1,95,0,0,1,0
521,0,0,0,17,1,1,0,20,0,1,0,0
522,1,0,0,32,1,1,1,70,0,1,0,0
523,1,0,1,68,1,1,1,20,0,1,0,0
524,0,0,1,70,1,1,1,20,0,1,0,0
525,1,0,1,54,1,0,1,105,0,0,1,0
526,0,0,0,15,1,1,1,19,1,0,0,1
527,1,0,1,71,1,1,1,67,0,0,1,0
528,1,0,0,70,1,0,0,20,0,0,0,1
529,0,1,0,53,1,1,1,96,0,0,0,1
530,0,0,0,2,1,0,0,80,0,0,0,1
531,0,1,0,59,1,0,0,79,0,0,0,1
532,0,0,0,22,1,0,1,84,0,1,0,0
533,0,0,1,22,1,1,1,76,0,0,1,0
534,0,0,0,57,0,1,1,50,0,1,0,0
535,0,0,0,1,1,1,1,71,1,1,0,0
536,0,0,1,10,1,1,1,102,1,1,0,0
537,0,1,0,55,1,0,0,52,0,0,1,0
538,0,0,1,43,1,0,1,24,0,0,1,0
539,0,1,0,18,0,0,0,48,1,0,0,1
540,0,0,1,2,1,1,1,81,0,0,0,1
541,0,0,1,52,1,1,0,25,0,1,0,0
542,1,0,0,60,1,0,0,61,0,1,0,0
543,0,0,0,59,1,1,1,83,0,1,0,0
544,0,0,0,69,1,0,0,104,0,1,0,0
545,1,0,0,14,1,0,1,101,1,0,1,0
546,0,0,1,43,0,0,1,60,0,1,0,0
547,0,0,1,12,1,1,1,19,0,0,1,0
548,0,0,1,8,1,1,1,20,0,0,1,0
549,0,0,1,3,1,0,0,69,0,1,0,0
550,1,0,1,58,1,1,1,105,0,0,0,1
551,0,0,1,13,1,1,1,63,0,0,0,1
552,1,0,0,23,1,0,0,20,0,0,0,1
553,0,0,0,17,1,1,0,79,0,0,0,1
554,1,0,0,52,1,1,1,109,0,1,0,0
555,1,0,0,32,1,1,0,79,1,0,1,0
556,0,0,0,36,0,0,0,35,0,1,0,0
557,1,1,0,67,1,0,0,25,0,0,1,0
558,1,1,1,29,1,0,1,104,0,1,0,0
559,0,0,0,65,1,0,0,111,0,1,0,0
560,1,1,0,41,1,1,1,84,1,0,1,0
561,1,0,1,60,1,1,0,66,0,1,0,0
562,0,0,0,53,1,0,0,20,0,1,0,0
563,0,0,0,68,1,1,1,25,0,0,0,1
564,1,1,0,2,1,0,0,75,1,1,0,0
565,1,0,1,61,0,0,0,34,0,0,0,1
566,1,0,1,41,1,0,1,20,0,0,1,0
567,1,1,0,69,1,1,0,74,0,0,0,1
568,1,1,1,35,1,1,1,76,0,1,0,0
569,1,0,0,7,1,0,0,51,1,0,1,0
570,0,1,0,50,1,0,0,25,0,0,0,1
571,1,0,1,36,1,1,0,64,0,0,0,1
572,0,0,0,48,1,0,0,100,0,0,1,0
573,0,0,0,71,1,1,1,82,0,0,1,0
574,1,1,0,65,1,1,1,109,0,1,0,0
575,0,0,0,23,1,0,0,94,0,0,0,1
576,0,1,0,66,1,1,1,64,0,0,1,0
577,0,0,1,5,0,0,1,25,0,1,0,0
578,1,1,0,72,1,1,1,113,0,1,0,0
579,0,0,0,2,1,0,0,20,0,1,0,0
580,0,0,0,12,1,0,0,19,0,1,0,0
581,1,0,1,3,1,0,1,92,1,1,0,0
582,1,0,0,72,1,1,1,89,0,1,0,0
583,1,1,0,18,1,0,0,59,0,1,0,0
584,1,0,0,39,1,0,0,54,0,1,0,0
585,0,1,0,26,1,1,1,86,0,1,0,0
586,0,0,0,72,1,0,0,65,0,0,0,1
587,1,0,0,3,1,0,0,24,0,0,1,0
588,1,0,0,1,1,1,1,60,1,0,0,1
589,0,0,1,34,1,1,0,87,1,0,0,1
590,0,0,0,11,1,1,1,76,0,0,0,1
591,1,0,0,66,1,1,0,20,0,0,1,0
592,0,0,0,2,1,1,0,81,1,0,0,1
593,0,0,0,8,1,0,1,66,0,1,0,0
594,0,0,0,33,1,0,0,70,0,1,0,0
595,0,0,0,72,1,1,0,26,0,1,0,0
596,0,0,0,58,1,0,0,60,0,0,0,1
597,1,0,1,30,1,1,0,84,0,1,0,0
598,1,0,0,5,0,1,1,25,1,0,1,0
599,0,1,1,46,1,0,0,110,0,0,0,1
600,1,0,0,4,1,0,1,70,0,1,0,0
601,0,0,0,40,1,0,0,65,0,0,1,0
602,1,0,0,72,1,1,1,84,0,0,1,0
603,1,0,1,49,1,1,1,100,1,0,0,1
604,0,0,0,1,1,1,1,55,1,0,1,0
605,1,0,0,52,1,1,0,85,1,0,0,1
606,0,0,1,72,1,0,0,20,0,0,0,1
607,0,1,1,28,0,0,0,39,0,0,1,0
608,1,0,0,33,1,1,1,91,0,0,0,1
609,0,0,1,10,1,1,1,74,0,1,0,0
610,0,0,0,16,1,0,0,93,1,1,0,0
611,0,0,1,22,1,0,0,70,1,1,0,0
612,0,0,0,58,1,0,0,25,0,0,0,1
613,1,0,0,72,1,1,1,110,0,0,1,0
614,1,0,0,10,1,1,0,54,0,0,0,1
615,0,0,0,5,1,1,0,20,0,1,0,0
616,0,0,0,2,1,0,0,71,1,1,0,0
617,0,0,0,2,1,1,1,71,1,0,1,0
618,0,0,0,2,1,1,1,54,0,1,0,0
619,0,0,1,53,1,1,1,104,0,1,0,0
620,1,1,0,25,1,0,0,89,1,1,0,0
621,0,0,1,64,1,1,1,113,0,0,1,0
622,0,0,0,2,1,0,1,46,0,0,1,0
623,1,0,1,16,1,0,0,69,0,0,0,1
624,0,0,0,39,1,0,0,48,0,1,0,0
625,1,0,0,35,1,0,1,26,0,1,0,0
626,0,0,0,31,1,1,1,76,0,1,0,0
627,0,0,0,5,1,1,1,54,1,0,1,0
628,1,1,0,72,1,1,1,112,0,0,0,1
629,1,0,0,2,1,1,1,91,0,1,0,0
630,0,0,0,61,1,1,1,90,0,1,0,0
631,0,0,0,31,1,1,0,65,1,1,0,0
632,1,0,0,2,0,1,0,40,1,0,0,1
633,1,0,1,1,1,0,0,21,0,0,1,0
634,0,0,1,1,1,0,0,20,0,0,1,0
635,1,0,0,59,1,1,1,20,0,1,0,0
636,0,0,0,1,1,0,1,96,1,0,0,1
637,0,0,0,9,1,1,0,45,1,0,0,1
638,0,0,1,14,1,1,1,92,1,0,1,0
639,0,0,0,12,1,1,1,87,0,1,0,0
640,0,0,0,47,1,1,0,74,0,0,0,1
641,0,0,1,7,1,0,0,49,0,1,0,0
642,0,0,1,28,1,0,1,90,0,1,0,0
643,0,0,1,70,1,0,1,20,0,0,1,0
644,0,0,1,26,1,1,0,20,0,1,0,0
645,0,0,1,61,1,1,1,99,1,1,0,0
646,0,0,0,70,1,0,0,102,0,1,0,0
647,0,0,0,1,1,1,0,20,0,0,1,0
648,0,1,0,37,1,1,1,97,1,1,0,0
649,1,0,1,60,1,0,1,91,1,1,0,0
650,1,1,1,71,1,0,1,105,1,1,0,0
651,1,0,0,31,1,0,1,101,0,1,0,0
652,1,0,1,14,1,0,0,20,0,0,0,1
653,1,0,1,50,1,1,0,103,0,1,0,0
654,1,0,1,1,1,0,0,20,0,1,0,0
655,1,1,0,41,1,0,1,100,1,1,0,0
656,1,1,0,30,1,1,0,50,1,0,0,1
657,1,1,1,64,1,0,0,24,0,0,1,0
658,1,1,0,7,1,0,0,64,0,0,1,0
659,1,0,1,1,1,0,0,75,0,1,0,0
660,1,0,0,51,1,0,0,84,0,1,0,0
661,0,0,1,50,1,0,0,80,0,1,0,0
662,1,0,1,44,1,0,0,20,0,1,0,0
663,0,0,0,65,1,1,0,105,0,0,0,1
664,0,1,0,1,0,0,0,26,1,0,0,1
665,1,0,0,2,1,0,1,45,1,1,0,0
666,0,0,0,48,1,0,1,102,0,1,0,0
667,0,0,0,6,1,0,0,110,1,1,0,0
668,0,0,0,35,1,0,0,62,0,1,0,0
669,0,0,0,22,0,0,0,50,0,0,0,1
670,1,0,1,72,0,0,0,61,0,0,1,0
671,0,1,1,55,1,1,0,76,0,0,0,1
672,1,0,1,69,1,1,1,106,0,1,0,0
673,1,1,0,72,1,1,0,73,0,1,0,0
674,0,1,0,1,1,0,0,91,1,1,0,0
675,0,0,1,26,1,1,1,105,0,0,0,1
676,1,0,1,23,1,1,0,21,0,0,1,0
677,0,0,0,2,1,0,0,20,0,1,0,0
678,1,0,0,2,1,1,1,76,1,1,0,0
679,0,1,0,40,1,1,1,104,0,1,0,0
680,0,0,0,1,1,0,1,95,1,1,0,0
681,0,1,0,27,1,0,0,75,1,0,0,1
682,0,0,1,9,1,0,0,65,1,1,0,0
683,0,1,0,50,1,1,1,88,1,0,1,0
684,1,0,1,46,1,0,1,20,0,1,0,0
685,0,0,0,15,1,0,0,25,0,1,0,0
686,0,0,0,23,1,1,0,79,0,0,1,0
687,0,0,0,2,1,0,0,59,0,1,0,0
688,1,0,0,18,1,0,0,91,1,0,1,0
689,0,1,0,70,1,1,1,76,0,1,0,0
690,0,0,1,9,1,0,0,49,0,1,0,0
691,1,0,1,30,1,1,0,68,0,0,1,0
692,1,0,1,15,1,0,0,75,0,0,1,0
693,1,1,0,39,1,1,1,91,0,1,0,0
694,0,0,0,12,1,0,0,49,0,0,1,0
695,1,0,0,19,1,0,0,90,0,1,0,0
696,1,1,0,24,1,1,0,55,0,0,0,1
697,0,0,0,67,1,0,0,103,1,1,0,0
698,1,0,0,69,0,0,1,60,0,0,1,0
699,0,0,1,55,1,1,0,85,0,0,0,1
700,1,0,0,52,1,1,0,63,0,0,0,1
701,0,0,0,17,1,1,1,94,1,1,0,0
702,0,0,1,19,1,1,1,49,0,1,0,0
703,1,0,0,39,1,0,0,75,1,1,0,0
704,1,0,0,40,1,0,0,62,0,1,0,0
705,1,0,0,26,1,0,1,21,0,1,0,0
706,0,0,0,1,1,0,0,20,0,0,0,1
707,1,1,0,18,1,1,1,79,1,0,1,0
708,0,1,0,15,1,0,1,75,1,1,0,0
709,0,0,0,2,1,1,0,20,0,1,0,0
710,0,0,0,1,1,0,0,79,1,1,0,0
711,1,0,0,23,1,0,1,95,0,1,0,0
712,0,0,1,72,1,1,0,67,0,0,0,1
713,0,0,0,2,1,1,1,20,0,1,0,0
714,1,1,0,70,1,1,0,89,0,0,0,1
715,0,0,1,46,1,1,1,20,0,1,0,0
716,0,0,0,36,1,0,0,20,0,0,0,1
717,0,0,0,72,1,1,1,110,0,1,0,0
718,0,0,1,6,1,0,0,49,0,1,0,0
719,0,0,1,4,1,1,1,20,0,1,0,0
720,0,0,0,1,1,0,0,85,1,0,1,0
721,0,0,0,1,1,0,0,83,0,0,0,1
722,0,0,0,13,1,1,1,100,1,1,0,0
723,0,0,0,64,0,0,0,48,1,1,0,0
724,1,0,1,8,0,1,1,45,0,1,0,0
725,1,0,1,72,1,0,0,112,0,1,0,0
726,1,0,0,1,1,1,0,75,1,0,0,1
727,0,0,0,4,1,0,1,101,0,1,0,0
728,1,0,1,1,1,1,1,50,0,1,0,0
729,1,0,1,62,1,1,0,24,0,0,0,1
730,0,1,0,34,1,1,1,96,0,1,0,0
731,1,0,1,1,1,0,0,44,1,1,0,0
732,1,0,0,24,1,0,1,101,1,1,0,0
733,1,0,1,72,1,1,1,105,0,0,0,1
734,0,0,0,1,1,1,1,20,0,1,0,0
735,0,1,0,63,1,0,0,104,0,1,0,0
736,0,0,1,66,1,1,1,109,0,0,1,0
737,1,0,0,61,1,0,1,80,0,0,0,1
738,1,0,0,67,1,1,1,20,0,1,0,0
739,0,0,0,12,1,1,0,96,1,0,0,1
740,1,0,1,19,0,1,0,35,0,0,0,1
741,1,0,0,67,1,0,1,20,0,1,0,0
742,0,0,0,13,1,1,1,80,0,1,0,0
743,0,0,0,1,1,1,0,45,0,0,0,1
744,0,0,1,3,1,0,0,85,1,1,0,0
745,1,0,1,3,1,1,1,20,0,0,0,1
746,0,0,1,17,1,1,1,104,1,0,0,1
747,1,0,0,52,1,0,1,54,0,1,0,0
748,1,0,1,51,1,0,0,19,0,0,0,1
749,0,1,0,5,1,0,1,85,1,0,1,0
750,0,1,1,29,0,0,0,36,0,1,0,0
751,0,0,1,1,1,0,0,20,1,0,0,1
752,0,0,0,1,1,0,0,20,1,1,0,0
753,0,0,1,42,1,0,0,94,0,0,0,1
754,1,0,0,1,1,0,1,20,0,1,0,0
755,0,0,0,16,1,1,1,88,1,1,0,0
756,1,0,0,11,1,0,0,45,0,0,0,1
757,0,1,0,26,1,0,0,94,1,1,0,0
758,1,0,1,54,1,0,1,61,0,1,0,0
759,1,0,0,30,1,1,1,94,1,0,0,1
760,1,1,1,66,1,0,0,79,1,1,0,0
761,0,0,1,72,1,0,1,109,0,1,0,0
762,1,0,1,12,1,0,1,24,0,1,0,0
763,0,0,0,19,1,1,0,107,1,0,0,1
764,1,0,0,9,1,0,0,69,0,0,0,1
765,0,0,1,0,1,0,0,73,0,1,0,0
766,1,0,0,66,1,1,1,25,0,1,0,0
767,1,1,1,10,0,0,0,35,0,0,1,0
768,0,0,1,56,1,0,1,24,0,1,0,0
769,0,0,1,67,1,0,0,19,0,0,1,0
770,1,0,1,64,0,0,0,60,0,1,0,0
771,0,0,0,64,1,1,1,81,0,1,0,0
772,1,1,0,13,1,0,0,70,0,1,0,0
773,1,0,0,5,1,0,1,96,1,1,0,0
774,0,0,0,4,0,0,1,35,0,0,1,0
775,0,0,1,45,1,1,1,20,0,0,0,1
776,1,0,0,18,1,0,0,95,0,1,0,0
777,0,0,0,3,1,1,1,58,0,1,0,0
778,1,0,0,1,1,1,1,21,1,0,1,0
779,1,0,0,29,0,0,0,46,0,1,0,0
780,0,0,0,69,1,0,0,25,0,0,0,1
781,0,0,0,21,1,0,0,100,0,1,0,0
782,0,0,0,20,1,0,0,44,0,1,0,0
783,1,0,1,72,1,0,0,110,0,1,0,0
784,1,0,0,7,0,0,0,24,0,0,1,0
785,1,0,0,5,1,1,1,20,0,0,1,0
786,0,0,0,6,1,1,0,50,0,0,0,1
787,1,0,1,13,1,1,0,66,0,1,0,0
788,0,0,1,1,1,1,0,20,0,0,1,0
789,0,0,0,3,1,1,0,79,1,0,0,1
790,1,0,0,7,1,0,0,96,0,0,0,1
791,1,0,0,6,1,1,0,85,1,0,1,0
792,1,0,0,1,1,0,0,20,1,0,0,1
793,0,0,0,11,1,0,0,20,0,0,0,1
794,0,0,0,63,1,0,0,100,1,1,0,0
795,0,1,0,3,1,0,0,75,0,1,0,0
796,1,0,0,6,1,1,1,19,0,0,1,0
797,0,0,1,70,1,1,0,69,0,1,0,0
798,1,0,0,37,1,0,0,90,0,1,0,0
799,0,1,0,38,1,1,1,20,0,0,1,0
800,0,1,0,29,1,1,1,59,0,0,0,1
801,1,0,0,9,1,1,1,20,0,1,0,0
802,1,1,0,23,1,1,0,21,0,0,0,1
803,0,1,0,20,1,0,0,91,1,0,0,1
804,0,0,1,70,1,0,1,24,0,1,0,0
805,1,0,0,70,1,1,0,101,0,0,0,1
806,0,1,0,5,1,0,0,85,0,1,0,0
807,1,0,1,72,1,1,1,81,0,0,0,1
808,0,0,1,72,0,1,1,56,0,1,0,0
809,1,0,0,4,1,0,1,95,0,1,0,0
810,0,0,0,7,1,1,1,20,1,0,1,0
811,0,0,1,23,1,1,1,82,0,0,0,1
812,0,0,0,11,1,1,0,65,0,0,0,1
813,1,0,1,23,1,0,0,20,0,0,1,0
814,0,0,0,12,1,0,0,54,0,1,0,0
815,1,0,1,49,1,1,1,94,0,1,0,0
816,1,0,0,14,1,0,1,85,1,1,0,0
817,1,0,1,56,0,0,1,36,0,0,1,0
818,0,0,0,3,1,1,1,20,0,1,0,0
819,0,0,0,69,1,1,1,110,0,0,0,1
820,1,1,0,6,1,1,1,81,0,1,0,0
821,0,0,0,49,1,0,0,21,0,0,0,1
822,1,0,0,18,1,1,1,95,1,0,1,0
823,1,1,0,1,1,0,0,70,1,1,0,0
824,0,0,0,3,0,1,0,35,1,0,0,1
825,1,0,0,2,1,0,1,86,1,1,0,0
826,1,0,0,54,1,1,1,20,0,1,0,0
827,1,0,0,24,1,1,0,51,0,1,0,0
828,0,0,1,54,1,0,1,60,0,0,1,0
829,1,0,0,15,1,0,0,20,0,1,0,0
830,0,0,0,45,1,1,1,82,0,0,1,0
831,1,0,0,46,0,1,0,38,0,0,0,1
832,0,0,0,12,1,0,0,54,0,0,1,0
833,0,0,1,71,1,1,1,76,0,1,0,0
834,0,0,0,13,0,0,1,32,0,1,0,0
835,0,1,0,1,1,1,1,73,1,1,0,0
836,0,0,1,58,1,0,0,92,0,0,1,0
837,0,0,0,7,1,0,0,75,1,1,0,0
838,1,0,1,48,1,0,0,24,0,1,0,0
839,1,0,0,71,1,0,0,98,0,0,0,1
840,1,0,1,9,1,1,1,20,0,0,1,0
841,0,0,1,18,1,1,1,56,0,0,0,1
842,1,0,0,1,1,0,0,20,0,0,1,0
843,0,1,0,67,1,0,0,20,0,1,0,0
844,1,0,0,1,1,0,1,85,0,1,0,0
845,0,0,0,56,1,0,0,98,0,0,1,0
846,1,0,0,54,0,0,0,46,0,0,0,1
847,0,0,1,14,1,0,0,20,0,0,1,0
848,0,1,0,14,0,1,0,46,0,0,0,1
849,1,0,0,54,1,1,0,70,0,0,0,1
850,1,0,0,72,1,1,1,68,0,0,0,1
851,1,0,0,17,1,1,0,56,0,0,0,1
852,0,0,1,1,1,1,0,20,0,1,0,0
853,0,0,0,30,1,0,0,85,1,1,0,0
854,0,0,1,50,1,0,0,20,0,0,0,1
855,1,0,1,3,1,1,1,20,0,0,1,0
856,1,0,0,12,1,1,0,74,0,0,0,1
857,0,0,0,13,1,0,0,81,1,1,0,0
858,0,1,0,25,1,1,1,69,0,0,1,0
859,0,0,0,2,1,0,0,90,1,0,0,1
860,0,0,0,36,1,0,0,71,0,0,1,0
861,1,0,0,3,1,1,1,50,0,0,0,1
862,1,0,0,66,1,0,1,64,0,1,0,0
863,1,0,0,15,1,0,1,101,1,1,0,0
864,0,0,1,61,1,1,1,74,0,1,0,0
865,1,0,0,70,1,0,1,115,0,1,0,0
866,0,1,0,35,0,0,0,40,0,0,0,1
867,0,0,0,1,1,0,0,49,1,1,0,0
868,0,0,1,48,1,1,1,21,0,0,1,0
869,1,0,0,70,0,1,0,40,0,0,0,1
870,0,0,1,12,1,1,1,105,0,0,0,1
871,1,0,0,61,1,0,1,114,0,0,1,0
872,0,0,0,38,1,0,0,84,1,0,0,1
873,1,0,0,1,1,0,0,71,1,1,0,0
874,0,0,1,56,1,1,1,65,0,0,0,1
875,0,0,0,5,1,0,0,85,1,1,0,0
876,1,0,0,11,1,0,1,46,0,1,0,0
877,0,0,1,59,1,0,0,106,0,0,1,0
878,0,0,0,1,1,1,0,45,0,0,1,0
879,1,1,0,72,1,1,0,104,1,1,0,0
880,1,0,1,22,1,0,1,20,0,1,0,0
881,1,0,1,17,1,0,0,45,0,0,1,0
882,1,0,0,50,0,0,1,44,0,1,0,0
883,1,0,0,8,1,1,1,67,0,0,1,0
884,1,0,1,56,1,0,0,60,0,0,1,0
885,0,0,1,3,1,0,0,80,1,1,0,0
886,1,0,1,40,1,0,1,20,0,1,0,0
887,1,1,0,67,1,1,1,101,0,0,1,0
888,0,0,0,4,1,0,1,92,1,0,1,0
889,0,0,0,67,1,1,1,21,0,1,0,0
890,0,0,1,4,1,1,1,50,0,1,0,0
891,0,0,1,61,1,1,1,24,0,1,0,0
892,0,0,0,69,1,1,1,26,0,1,0,0
893,0,0,0,49,1,0,0,20,0,1,0,0
894,1,0,0,49,1,1,1,85,0,0,1,0
895,0,0,0,35,1,1,1,113,0,1,0,0
896,1,0,1,69,1,1,1,24,0,0,0,1
897,0,0,0,60,1,1,1,60,0,0,0,1
898,0,0,1,1,0,0,1,40,1,1,0,0
899,0,0,1,17,1,1,1,56,1,1,0,0
900,0,0,0,1,1,0,0,45,0,1,0,0
901,1,0,1,5,1,1,1,21,0,1,0,0
902,0,0,0,13,1,0,1,20,0,1,0,0
903,1,0,0,4,1,0,1,74,1,0,1,0
904,1,0,1,53,1,0,0,79,0,0,0,1
905,0,0,1,72,0,1,1,64,0,1,0,0
906,1,0,0,24,1,0,0,21,0,1,0,0
907,0,0,0,19,1,0,0,25,0,0,1,0
908,1,0,1,1,1,0,0,20,0,1,0,0
909,0,0,0,5,1,1,1,76,0,0,0,1
910,1,1,1,71,1,0,1,87,0,1,0,0
911,1,0,0,72,1,1,1,89,0,1,0,0
912,0,0,0,42,1,1,1,60,0,0,1,0
913,1,0,0,14,1,0,0,56,0,0,1,0
914,1,0,0,1,1,1,0,51,0,0,0,1
915,0,1,0,2,1,1,1,71,1,1,0,0
916,0,1,1,72,1,0,1,92,1,1,0,0
917,0,0,1,13,1,0,0,88,1,0,0,1
918,0,0,0,18,1,1,1,78,0,1,0,0
919,0,0,0,45,1,0,1,97,0,0,1,0
920,0,1,0,55,1,1,0,100,0,0,1,0
921,1,0,1,1,1,0,0,50,0,1,0,0
922,1,0,0,1,1,1,1,21,0,1,0,0
923,1,0,0,65,1,1,0,25,0,0,1,0
924,0,0,0,46,1,0,1,69,0,1,0,0
925,0,0,1,21,1,0,0,21,0,1,0,0
926,1,1,0,24,1,1,1,101,1,1,0,0
927,0,0,1,34,0,0,1,61,0,1,0,0
928,0,0,0,13,1,1,1,75,0,0,0,1
929,0,0,1,48,1,0,1,70,0,0,1,0
930,0,0,0,56,1,0,1,107,0,1,0,0
931,0,0,1,42,1,0,1,100,0,0,0,1
932,0,0,0,4,1,0,0,55,0,0,0,1
933,0,0,0,65,1,1,1,55,0,1,0,0
934,1,0,0,3,0,0,0,25,0,0,1,0
935,0,0,1,70,1,1,1,81,0,1,0,0
936,1,1,0,1,1,0,0,89,1,0,0,1
937,1,0,0,66,1,1,1,55,0,1,0,0
938,1,0,0,19,1,1,1,55,1,0,1,0
939,1,0,0,70,1,0,0,24,0,1,0,0
940,1,0,0,41,1,0,0,100,0,0,1,0
941,1,0,1,45,1,0,0,110,0,1,0,0
942,0,0,0,49,1,0,1,20,0,1,0,0
943,1,1,0,22,1,0,0,90,1,0,0,1
944,0,0,1,56,1,1,1,100,0,1,0,0
945,0,0,0,15,1,1,1,56,1,1,0,0
946,0,0,1,67,1,0,0,100,0,1,0,0
947,1,0,1,1,1,1,1,20,0,1,0,0
948,1,1,1,38,1,1,1,101,0,1,0,0
949,0,0,0,52,1,0,0,74,0,0,0,1
950,0,0,1,34,1,0,0,20,0,1,0,0
951,1,0,1,69,1,0,1,20,0,1,0,0
952,1,0,1,4,1,0,0,102,1,1,0,0
953,0,0,0,63,1,0,0,59,0,1,0,0
954,1,0,0,24,1,1,1,20,0,1,0,0
955,1,0,0,62,1,0,0,91,0,1,0,0
956,0,0,0,36,1,1,0,19,0,0,0,1
957,0,0,0,38,1,0,0,68,0,1,0,0
958,0,1,0,47,1,1,0,80,1,1,0,0
959,1,0,0,38,1,0,1,79,1,1,0,0
960,0,0,1,42,1,0,0,92,0,1,0,0
961,0,0,0,42,1,0,0,25,0,0,1,0
962,0,0,0,3,1,0,0,75,0,1,0,0
963,1,1,0,8,1,1,0,100,1,0,0,1
964,1,1,0,9,1,0,0,84,1,1,0,0
965,0,0,0,58,1,0,1,68,0,1,0,0
966,1,1,0,21,1,0,0,60,1,1,0,0
967,0,0,0,10,1,0,0,21,0,1,0,0
968,0,0,0,70,1,0,0,99,0,0,0,1
969,1,0,0,26,1,1,1,75,0,1,0,0
970,1,1,0,36,1,0,1,96,1,1,0,0
971,1,0,0,72,1,1,1,68,0,1,0,0
972,0,0,0,9,1,0,0,74,1,0,0,1
973,0,0,0,15,1,0,0,100,0,1,0,0
974,0,1,0,63,1,0,0,83,0,0,0,1
975,1,0,0,4,1,1,1,64,0,0,0,1
976,1,0,0,25,1,0,1,21,0,1,0,0
977,1,0,0,46,1,1,1,20,0,1,0,0
978,0,1,0,44,1,1,1,104,0,0,1,0
979,1,0,0,12,1,0,0,20,0,0,1,0
980,1,0,0,1,1,0,0,45,0,1,0,0
981,1,0,0,1,1,0,0,49,1,0,0,1
982,0,1,0,20,1,0,0,62,1,0,1,0
983,0,0,1,72,1,1,1,118,0,1,0,0
984,1,0,0,53,0,1,0,60,1,0,0,1
985,1,0,1,52,1,1,1,19,0,1,0,0
986,1,1,0,2,1,0,0,74,0,1,0,0
987,1,0,0,50,1,0,0,94,0,1,0,0
988,1,0,1,17,1,0,0,69,1,1,0,0
989,1,1,0,51,0,0,0,29,0,0,1,0
990,1,1,0,16,1,0,1,79,0,0,0,1
991,0,0,0,18,1,1,0,95,0,0,0,1
992,1,0,1,71,1,1,0,85,0,0,0,1
993,1,0,1,68,0,1,0,45,0,0,0,1
994,1,1,0,1,1,0,0,75,0,0,0,1
995,0,0,1,25,1,1,1,19,0,1,0,0
996,1,1,0,24,1,0,1,93,1,1,0,0
997,1,0,0,14,0,1,1,51,1,1,0,0
998,1,0,0,55,1,0,0,59,0,0,0,1
999,0,0,0,25,0,0,0,61,0,1,0,0
1000,1,0,1,10,1,0,1,60,0,1,0,0
1001,1,0,1,61,1,1,1,104,0,1,0,0
1002,1,0,0,6,1,0,1,59,0,1,0,0
1003,1,0,0,13,1,0,0,20,0,0,0,1
1004,0,0,0,2,1,0,0,19,0,1,0,0
1005,0,0,0,1,1,1,1,45,0,0,1,0
1006,0,0,0,2,1,1,1,70,0,1,0,0
1007,1,1,0,49,1,0,1,96,1,1,0,0
1008,0,0,0,1,1,1,1,45,1,1,0,0
1009,1,0,0,37,1,0,0,94,0,0,1,0
1010,0,0,1,40,1,0,0,20,0,1,0,0
1011,0,1,0,23,1,0,0,95,1,0,0,1
1012,0,1,0,66,1,0,1,108,0,1,0,0
1013,1,0,1,17,1,0,0,93,1,1,0,0
1014,1,1,0,9,1,0,0,85,1,1,0,0
1015,0,1,0,39,1,0,0,101,0,0,1,0
1016,1,0,1,23,0,1,0,40,0,0,0,1
1017,1,0,0,50,1,1,0,20,0,0,1,0
1018,0,0,0,3,1,0,0,98,1,1,0,0
1019,0,0,0,61,1,0,0,19,0,1,0,0
1020,0,0,0,24,1,0,0,89,0,1,0,0
1021,0,0,1,14,1,0,0,85,0,0,1,0
1022,1,0,1,52,1,0,1,26,0,1,0,0
1023,0,0,0,15,1,0,1,84,1,1,0,0
1024,0,0,0,33,1,0,1,59,0,1,0,0
1025,1,1,0,69,1,0,1,95,0,0,0,1
1026,0,0,1,61,1,1,1,88,0,1,0,0
1027,1,0,1,71,1,1,1,116,0,0,1,0
1028,0,0,0,53,1,1,1,91,0,1,0,0
1029,0,1,0,42,1,0,1,56,0,1,0,0
1030,1,0,0,36,1,0,1,79,0,1,0,0
1031,1,0,0,25,1,1,0,106,0,1,0,0
1032,0,0,0,8,1,0,1,21,0,1,0,0
1033,0,0,0,16,1,1,0,96,1,0,0,1
1034,0,0,0,12,1,0,0,90,1,0,0,1
1035,0,0,0,28,1,1,0,105,1,0,0,1
1036,1,0,0,7,1,1,1,94,0,0,0,1
1037,1,1,0,32,1,0,0,105,1,1,0,0
1038,0,0,1,1,1,0,1,79,1,0,1,0
1039,1,0,0,8,0,0,1,30,1,1,0,0
1040,1,0,0,63,1,0,1,103,1,1,0,0
1041,0,0,0,1,0,0,0,35,1,0,1,0
1042,1,0,0,60,1,0,1,102,0,1,0,0
1043,0,0,0,16,1,0,1,86,0,1,0,0
1044,1,1,0,71,1,0,0,92,0,0,1,0
1045,1,0,1,40,1,1,1,85,0,1,0,0
1046,0,1,0,18,1,1,0,100,1,0,1,0
1047,1,0,0,5,1,0,0,79,0,1,0,0
1048,1,0,0,33,1,0,0,79,0,0,1,0
1049,0,0,1,13,1,0,0,20,0,1,0,0
1050,0,0,0,40,1,0,0,50,0,1,0,0
1051,1,1,0,67,1,0,0,116,0,1,0,0
1052,0,0,0,16,1,1,0,50,1,0,1,0
1053,1,0,0,59,1,0,0,66,0,1,0,0
1054,1,1,0,8,1,1,1,70,0,1,0,0
1055,1,0,1,24,1,0,0,24,0,0,1,0
1056,1,0,1,7,1,0,1,20,0,1,0,0
1057,1,0,1,72,1,0,1,24,0,1,0,0
1058,0,0,0,44,1,0,1,88,0,1,0,0
1059,0,1,0,38,1,1,1,75,1,1,0,0
1060,1,0,0,4,1,0,0,56,0,0,1,0
1061,1,0,0,2,1,1,1,53,0,0,0,1
1062,0,0,0,70,0,0,0,50,0,1,0,0
1063,0,0,0,33,1,0,0,91,0,1,0,0
1064,0,0,0,1,0,0,0,25,0,0,1,0
1065,1,0,0,39,0,1,1,36,0,1,0,0
1066,1,1,0,55,1,0,0,116,0,0,0,1
1067,1,0,1,52,1,0,1,69,0,1,0,0
1068,0,0,1,30,0,1,1,51,1,1,0,0
1069,1,1,0,60,1,0,0,99,0,0,1,0
1070,1,0,1,50,1,0,1,55,0,1,0,0
1071,0,0,0,32,1,0,0,110,0,1,0,0
1072,1,0,0,51,1,0,0,107,0,0,0,1
1073,1,0,0,1,1,1,1,74,0,1,0,0
1074,0,0,1,69,1,0,0,26,0,1,0,0
1075,0,0,1,42,1,1,1,94,1,1,0,0
1076,1,0,0,14,0,1,0,46,1,0,1,0
1077,1,0,1,52,1,1,1,26,0,1,0,0
1078,1,0,0,62,1,1,1,108,0,0,0,1
1079,0,0,1,72,1,0,1,20,0,1,0,0
1080,1,0,0,32,1,0,0,96,1,0,0,1
1081,0,1,0,1,1,1,1,70,1,1,0,0
1082,0,1,0,72,1,1,0,78,0,0,0,1
1083,0,1,0,1,1,0,1,45,1,1,0,0
1084,0,0,0,1,1,0,0,26,0,0,1,0
1085,1,0,0,5,1,0,1,104,1,1,0,0
1086,1,0,0,63,1,0,1,105,0,1,0,0
1087,1,0,1,67,1,1,1,81,0,1,0,0
1088,0,0,1,40,1,1,1,96,0,1,0,0
1089,1,0,0,65,1,1,1,94,0,1,0,0
1090,0,0,1,16,1,1,1,20,0,0,1,0
1091,0,1,0,46,1,0,0,69,0,0,1,0
1092,1,0,0,11,0,0,0,36,0,0,0,1
1093,0,0,0,49,1,1,1,99,0,0,0,1
1094,0,0,0,68,0,1,0,54,0,0,1,0
1095,0,0,0,10,1,0,1,19,0,1,0,0
1096,0,1,0,2,1,0,0,84,0,1,0,0
1097,0,0,0,5,1,0,1,69,0,0,1,0
1098,1,0,1,53,1,1,1,63,0,0,1,0
1099,1,1,0,54,1,1,0,110,0,1,0,0
1100,0,0,0,4,1,1,0,45,1,1,0,0
1101,1,1,0,15,1,0,0,76,1,1,0,0
1102,1,0,0,10,1,0,0,20,0,1,0,0
1103,0,0,0,3,1,1,1,55,1,0,1,0
1104,0,0,0,71,1,0,0,25,0,0,1,0
1105,1,0,0,8,1,0,1,55,0,1,0,0
1106,1,1,0,1,1,1,1,94,1,0,0,1
1107,0,0,1,64,1,1,0,110,0,0,0,1
1108,1,0,0,57,1,1,0,19,0,0,0,1
1109,0,1,0,1,1,0,0,101,1,1,0,0
1110,0,1,0,20,1,0,0,60,0,0,0,1
1111,0,1,0,26,1,0,1,66,0,1,0,0
1112,0,1,0,2,1,1,0,80,1,0,0,1
1113,1,0,1,32,1,1,1,95,0,1,0,0
1114,0,0,0,5,1,1,1,25,0,1,0,0
1115,0,0,0,70,1,1,0,111,0,0,0,1
1116,1,0,0,31,1,1,0,55,1,0,1,0
1117,0,0,0,7,1,1,1,60,1,0,0,1
1118,1,0,0,1,0,1,1,25,0,1,0,0
1119,1,1,0,20,1,0,0,99,1,0,0,1
1120,1,0,0,35,1,0,1,61,0,1,0,0
1121,1,0,0,6,1,1,0,61,0,0,1,0
1122,0,0,1,72,1,0,0,75,0,0,1,0
1123,0,0,0,13,1,0,0,20,0,0,1,0
1124,0,1,0,4,1,0,0,49,0,1,0,0
1125,1,0,1,63,1,1,1,19,0,1,0,0
1126,1,0,0,69,1,0,1,85,0,1,0,0
1127,0,0,0,3,0,0,0,34,1,0,1,0
1128,0,1,0,71,1,0,0,81,0,1,0,0
1129,1,0,0,15,1,1,1,19,0,1,0,0
1130,0,0,1,30,1,0,0,20,0,0,0,1
1131,0,0,0,23,1,1,0,83,0,1,0,0
1132,1,1,0,9,1,1,1,20,0,1,0,0
1133,1,0,0,35,1,0,0,19,0,1,0,0
1134,0,0,1,6,1,0,1,55,0,1,0,0
1135,0,0,0,1,1,1,1,75,1,0,0,1
1136,0,0,1,72,1,0,0,25,0,0,0,1
1137,1,0,1,45,1,0,0,84,0,0,0,1
1138,1,0,1,7,1,1,0,90,1,1,0,0
1139,1,0,0,70,0,0,0,48,0,0,1,0
1140,1,0,0,53,1,1,0,20,0,0,0,1
1141,1,0,0,4,1,0,0,52,1,1,0,0
1142,0,0,0,72,1,1,1,92,0,1,0,0
1143,1,0,1,72,0,1,0,45,0,1,0,0
1144,1,1,0,17,1,0,0,95,0,1,0,0
1145,0,0,0,7,1,0,1,70,0,1,0,0
1146,0,0,1,11,1,0,0,20,1,0,1,0
1147,0,0,0,2,1,1,0,75,1,1,0,0
1148,0,0,0,72,1,1,1,110,0,1,0,0
1149,1,0,1,11,1,0,1,78,0,1,0,0
1150,1,1,0,5,1,0,0,91,1,1,0,0
1151,1,1,0,4,1,0,0,75,1,1,0,0
1152,1,0,0,30,1,0,0,50,0,1,0,0
1153,0,0,1,11,1,0,0,21,0,0,1,0
1154,1,0,0,17,0,1,0,50,0,0,0,1
1155,0,1,0,34,0,1,0,56,0,0,0,1
1156,0,1,0,2,0,0,0,30,1,0,0,1
1157,1,0,1,55,1,1,1,19,0,0,1,0
1158,0,1,0,5,1,1,1,60,0,1,0,0
1159,0,0,1,11,1,0,1,20,0,1,0,0
1160,0,0,1,1,1,0,1,80,1,1,0,0
1161,0,0,0,70,1,0,0,19,0,1,0,0
1162,1,1,0,2,1,0,0,75,1,0,1,0
1163,0,0,0,7,1,1,1,74,1,1,0,0
1164,1,0,0,35,1,1,0,20,0,0,0,1
1165,0,0,0,58,1,0,0,71,0,0,1,0
1166,0,0,1,72,1,1,0,109,0,1,0,0
1167,1,0,1,68,1,1,0,63,0,0,1,0
1168,1,0,0,26,1,0,0,59,0,0,1,0
1169,0,0,0,12,1,0,0,45,0,0,1,0
1170,1,0,1,25,1,1,1,60,0,0,0,1
1171,1,1,1,72,1,0,1,115,0,0,1,0
1172,1,0,1,70,1,1,1,115,0,1,0,0
1173,1,1,1,1,1,0,0,50,1,1,0,0
1174,1,0,0,26,1,1,0,87,0,0,1,0
1175,0,0,1,2,1,1,1,66,1,1,0,0
1176,0,0,1,28,1,1,1,20,0,1,0,0
1177,0,0,1,6,1,1,0,20,0,0,0,1
1178,0,0,1,58,0,0,1,60,0,1,0,0
1179,0,1,0,29,0,1,1,45,0,1,0,0
1180,1,0,0,16,1,0,0,71,0,0,0,1
1181,1,1,0,43,1,0,0,101,1,1,0,0
1182,1,0,0,52,1,0,0,75,0,1,0,0
1183,0,0,1,72,1,0,1,119,0,0,1,0
1184,1,0,1,71,1,0,1,19,0,1,0,0
1185,1,0,0,65,1,1,0,20,0,1,0,0
1186,0,0,0,49,1,1,0,84,0,0,1,0
1187,1,0,0,52,1,1,1,84,0,0,0,1
1188,1,0,0,2,1,0,1,20,1,0,1,0
1189,1,0,1,71,1,0,1,109,0,1,0,0
1190,1,0,0,54,1,1,1,89,0,0,1,0
1191,0,0,1,15,1,1,0,76,0,0,0,1
1192,1,0,0,9,0,1,1,25,0,1,0,0
1193,1,1,0,50,1,0,0,105,0,0,0,1
1194,1,0,1,19,1,0,0,84,1,1,0,0
1195,0,1,0,70,1,0,0,104,0,1,0,0
1196,0,1,0,72,1,1,0,107,0,0,0,1
1197,1,1,0,52,1,0,0,105,0,1,0,0
1198,0,0,1,15,1,0,0,46,0,0,0,1
1199,0,0,1,72,1,1,1,77,0,1,0,0
1200,1,1,0,3,1,1,1,81,1,0,1,0
1201,1,0,0,58,1,0,0,99,0,1,0,0
1202,0,0,0,1,1,0,1,20,0,0,1,0
1203,1,0,0,35,1,1,0,90,0,0,0,1
1204,0,0,1,50,1,0,0,84,1,1,0,0
1205,1,0,0,41,1,1,1,20,0,1,0,0
1206,1,0,1,72,1,0,1,64,0,1,0,0
1207,0,0,0,30,1,0,0,69,0,1,0,0
1208,0,0,1,2,0,0,1,24,1,1,0,0
1209,1,0,0,15,0,1,1,30,1,0,1,0
1210,1,0,1,37,1,0,1,59,0,1,0,0
1211,1,0,1,72,1,1,0,75,0,1,0,0
1212,1,0,1,72,1,0,1,25,0,1,0,0
1213,1,0,0,70,1,0,0,114,0,0,0,1
1214,0,0,0,1,1,1,1,20,1,1,0,0
1215,1,0,0,23,1,0,1,84,0,1,0,0
1216,0,0,0,8,1,0,0,75,0,0,0,1
1217,1,0,0,2,1,1,0,46,1,0,1,0
1218,0,0,1,26,0,1,1,39,0,1,0,0
1219,1,0,1,52,1,1,0,20,0,1,0,0
1220,0,0,1,23,0,1,0,35,0,1,0,0
1221,0,0,0,15,1,0,0,99,1,1,0,0
1222,1,0,0,40,1,0,0,50,0,0,0,1
1223,1,0,0,27,1,1,1,59,0,1,0,0
1224,0,0,0,37,1,0,0,20,0,1,0,0
1225,1,0,0,45,1,0,0,112,0,1,0,0
1226,0,0,0,5,1,1,0,70,1,0,0,1
1227,0,0,0,71,1,1,1,24,0,0,1,0
1228,1,0,0,4,1,1,1,54,1,1,0,0
1229,0,0,1,38,1,1,0,20,0,0,0,1
1230,1,0,1,3,1,1,1,56,0,1,0,0
1231,1,0,0,17,1,0,0,19,0,1,0,0
1232,1,0,1,70,1,0,1,90,0,1,0,0
1233,1,0,0,1,1,1,0,45,0,0,0,1
1234,0,0,1,71,1,0,1,100,0,0,1,0
1235,1,0,0,37,1,1,1,91,0,0,1,0
1236,1,0,0,64,1,1,1,70,0,1,0,0
1237,0,1,0,37,1,0,0,90,0,0,1,0
1238,1,0,1,65,1,1,1,109,1,1,0,0
1239,0,0,1,23,1,0,0,49,0,1,0,0
1240,0,0,0,22,1,0,0,79,1,1,0,0
1241,0,1,0,26,1,1,0,61,0,1,0,0
1242,0,0,0,25,1,0,0,80,1,1,0,0
1243,0,0,0,60,1,0,0,97,0,1,0,0
1244,0,0,0,1,1,0,0,96,1,1,0,0
1245,0,0,0,71,1,0,1,89,0,1,0,0
1246,0,1,0,27,1,1,1,85,1,1,0,0
1247,0,0,0,3,1,1,1,89,1,0,1,0
1248,1,0,1,58,1,1,1,95,0,1,0,0
1249,0,0,0,14,1,0,0,75,1,1,0,0
1250,1,0,1,71,1,1,1,71,0,0,0,1
1251,0,0,1,2,0,0,1,29,0,1,0,0
1252,0,0,0,40,1,0,0,21,0,1,0,0
1253,1,0,1,68,1,0,1,25,0,1,0,0
1254,0,1,0,57,1,0,1,101,0,0,0,1
1255,0,0,0,45,1,0,0,87,1,1,0,0
1256,1,0,1,70,1,1,0,117,0,0,0,1
1257,1,0,0,68,1,0,0,108,0,0,1,0
1258,0,0,0,52,1,0,0,103,0,0,0,1
1259,0,0,0,72,1,0,1,115,0,0,1,0
1260,1,1,0,24,1,0,0,76,1,1,0,0
1261,1,0,1,67,1,0,1,60,0,1,0,0
1262,0,0,0,68,0,0,0,64,0,1,0,0
1263,1,0,1,23,1,1,1,20,0,1,0,0
1264,1,0,0,71,0,0,1,49,1,0,0,1
1265,0,0,0,1,0,0,1,24,0,0,1,0
1266,0,0,1,71,1,1,1,20,0,1,0,0
1267,1,1,0,69,1,1,0,111,0,0,0,1
1268,0,1,0,40,1,1,1,99,1,0,1,0
1269,0,1,0,18,1,1,1,85,0,0,0,1
1270,1,0,0,22,1,1,0,95,1,0,0,1
1271,1,0,1,69,0,0,0,39,0,0,1,0
1272,0,1,0,62,1,0,0,84,0,1,0,0
1273,0,0,0,56,1,1,1,20,0,1,0,0
1274,0,0,0,7,1,1,1,20,0,0,0,1
1275,1,0,0,1,1,0,0,19,0,0,0,1
1276,1,0,1,6,1,0,1,20,0,0,0,1
1277,1,0,0,2,1,0,0,86,1,0,0,1
1278,1,1,0,16,1,0,0,55,0,0,1,0
1279,1,0,0,2,1,0,0,20,0,0,1,0
1280,0,0,0,72,1,1,1,86,0,0,0,1
1281,0,0,1,7,0,0,0,35,0,0,1,0
1282,0,0,1,19,0,0,0,25,0,1,0,0
1283,0,0,0,14,1,1,1,78,0,0,0,1
1284,1,0,0,64,1,0,0,106,1,0,0,1
1285,0,0,0,25,1,0,1,78,0,1,0,0
1286,1,0,1,70,1,0,0,86,0,0,1,0
1287,1,0,0,66,1,1,1,19,0,1,0,0
1288,1,0,1,1,1,0,0,72,1,0,0,1
1289,0,0,0,53,1,1,0,91,0,0,1,0
1290,0,0,0,6,1,1,0,56,1,0,0,1
1291,0,0,0,59,1,0,1,96,0,1,0,0
1292,1,0,0,31,1,1,0,78,1,0,0,1
1293,1,0,0,3,1,1,1,74,1,0,0,1
1294,0,0,1,15,1,0,0,69,1,1,0,0
1295,1,0,0,48,1,1,0,106,1,0,0,1
1296,1,0,1,2,1,0,1,57,1,1,0,0
1297,1,1,0,70,1,1,1,103,1,1,0,0
1298,0,0,0,2,1,0,0,91,1,0,1,0
1299,1,0,0,47,1,0,0,111,1,1,0,0
1300,0,0,1,24,1,1,1,21,0,0,0,1
1301,1,0,0,31,1,0,0,94,0,0,0,1
1302,0,0,0,54,1,0,0,111,1,0,0,1
1303,1,0,0,1,1,0,0,55,0,0,0,1
1304,0,0,1,12,0,1,1,33,0,1,0,0
1305,0,0,0,2,1,0,0,19,0,1,0,0
1306,1,0,0,48,1,1,1,71,0,0,1,0
1307,0,1,0,1,1,0,0,74,1,0,1,0
1308,1,0,0,71,1,1,1,65,0,1,0,0
1309,1,0,0,1,1,1,1,20,1,1,0,0
1310,1,0,1,56,1,1,1,25,0,1,0,0
1311,1,0,0,2,1,0,0,20,0,0,1,0
1312,0,1,0,66,1,1,0,81,1,0,1,0
1313,1,0,1,50,1,1,1,20,0,1,0,0
1314,0,1,0,63,1,1,1,90,0,0,1,0
1315,1,0,0,1,1,0,0,45,1,0,0,1
1316,0,0,0,6,0,0,0,49,0,1,0,0
1317,0,0,0,5,1,1,0,51,0,1,0,0
1318,0,0,1,35,1,0,0,72,1,1,0,0
1319,0,0,0,71,1,0,0,119,0,1,0,0
1320,0,0,0,42,1,0,1,66,0,0,1,0
1321,0,0,0,64,1,0,0,19,0,0,1,0
1322,1,0,0,1,1,0,0,50,0,1,0,0
1323,1,0,0,1,1,1,0,70,1,0,0,1
1324,1,0,0,69,1,0,0,107,0,1,0,0
1325,1,0,0,33,1,0,1,93,0,1,0,0
1326,0,0,1,20,1,0,0,20,0,0,1,0
1327,1,0,1,13,1,1,1,24,0,0,1,0
1328,0,0,0,28,1,0,0,56,0,1,0,0
1329,0,0,1,72,1,0,0,81,0,0,0,1
1330,1,0,0,9,1,0,0,70,0,0,1,0
1331,0,0,0,72,1,0,0,108,0,1,0,0
1332,0,1,0,52,1,1,0,60,0,0,0,1
1333,0,0,0,34,1,0,0,61,0,0,1,0
1334,1,0,1,71,1,0,0,100,0,1,0,0
1335,0,0,0,6,1,0,0,20,0,1,0,0
1336,0,0,0,31,1,0,1,64,0,1,0,0
1337,0,1,0,1,1,0,0,91,1,0,0,1
1338,0,0,1,49,1,0,0,25,0,1,0,0
1339,0,0,0,27,1,1,1,20,0,1,0,0
1340,0,0,0,53,1,0,0,93,0,0,0,1
1341,0,1,0,35,1,0,0,100,1,1,0,0
1342,1,0,0,2,1,0,0,96,1,0,0,1
1343,0,0,0,46,0,0,0,44,0,0,1,0
1344,0,0,0,35,1,0,0,19,0,1,0,0
1345,1,0,0,9,1,1,1,74,0,0,1,0
1346,1,0,0,64,1,1,1,104,0,1,0,0
1347,0,0,0,13,1,0,0,79,1,0,0,1
1348,0,0,0,55,1,0,1,82,0,1,0,0
1349,0,0,1,51,1,0,0,94,0,1,0,0
1350,0,0,1,5,1,1,0,24,0,0,0,1
1351,1,0,1,20,1,0,0,70,1,1,0,0
1352,0,0,1,23,1,0,0,26,0,0,0,1
1353,1,1,1,61,1,0,0,99,0,0,1,0
1354,0,0,1,54,1,1,1,70,0,1,0,0
1355,1,0,0,15,1,0,0,76,1,1,0,0
1356,0,0,1,64,1,1,1,25,0,1,0,0
1357,0,0,1,18,1,1,1,65,0,1,0,0
1358,1,0,0,52,1,0,1,103,0,1,0,0
1359,1,0,0,17,1,1,1,20,0,1,0,0
1360,0,0,1,27,1,1,1,20,0,1,0,0
1361,0,0,0,58,1,1,1,111,0,1,0,0
1362,0,0,1,68,1,0,1,109,0,1,0,0
1363,1,0,0,1,1,1,0,19,0,0,0,1
1364,0,0,0,55,1,0,0,66,0,0,0,1
1365,0,0,0,1,1,0,0,45,0,1,0,0
1366,0,0,0,72,1,1,1,84,0,1,0,0
1367,0,0,0,6,0,1,1,45,0,1,0,0
1368,0,0,0,60,1,0,1,100,0,0,1,0
1369,1,0,1,61,1,1,0,106,1,1,0,0
1370,0,0,0,2,1,0,0,21,1,0,0,1
1371,1,0,0,63,1,0,1,72,0,1,0,0
1372,0,0,0,17,1,0,1,84,0,1,0,0
1373,1,1,0,58,1,0,0,99,1,1,0,0
1374,0,0,1,26,1,0,0,50,0,0,0,1
1375,0,0,1,53,0,0,0,49,0,0,0,1
1376,0,0,0,25,1,0,0,19,0,0,1,0
1377,0,0,0,1,1,1,0,82,1,0,0,1
1378,0,0,1,24,1,1,0,21,0,1,0,0
1379,0,0,0,2,1,0,0,69,0,0,0,1
1380,1,0,0,1,1,0,1,20,1,0,1,0
1381,0,0,0,67,1,0,1,75,0,1,0,0
1382,1,0,0,17,0,1,0,55,0,0,1,0
1383,1,0,0,11,1,1,0,70,0,1,0,0
1384,1,0,0,51,1,0,1,25,0,1,0,0
1385,0,0,0,3,1,0,1,70,0,0,0,1
1386,0,1,0,1,1,1,0,79,1,0,0,1
1387,0,0,1,1,1,1,0,70,1,0,0,1
1388,0,1,0,72,1,0,0,84,0,1,0,0
1389,1,0,0,19,1,1,1,65,0,1,0,0
1390,1,0,0,65,1,0,0,26,0,0,0,1
1391,0,0,0,45,1,1,1,100,0,1,0,0
1392,1,0,0,5,1,0,0,89,0,0,1,0
1393,0,0,0,56,0,0,0,45,0,1,0,0
1394,0,1,0,4,1,1,1,74,0,0,1,0
1395,0,0,0,64,1,1,0,86,0,0,1,0
1396,0,0,1,41,1,1,1,20,0,0,1,0
1397,0,0,0,35,1,0,1,61,0,1,0,0
1398,0,0,0,1,0,1,1,25,1,1,0,0
1399,0,1,0,3,1,0,0,79,1,0,1,0
1400,1,1,0,61,1,0,0,25,0,1,0,0
1401,1,1,0,1,1,0,1,74,1,1,0,0
1402,0,0,1,35,1,0,0,56,0,1,0,0
1403,0,0,1,69,1,0,0,113,0,1,0,0
1404,0,0,0,64,1,1,0,68,0,0,0,1
1405,1,0,1,51,1,1,1,110,0,1,0,0
1406,1,0,1,17,1,1,0,20,0,0,0,1
1407,0,0,1,69,0,0,0,44,0,0,0,1
1408,1,0,1,1,0,1,1,31,1,0,1,0
1409,0,0,1,21,1,1,1,65,0,1,0,0
1410,0,0,0,54,1,1,1,97,0,1,0,0
1411,1,0,0,1,0,0,1,23,1,1,0,0
1412,1,0,0,4,1,0,1,70,1,1,0,0
1413,1,0,1,0,1,1,1,62,0,0,0,1
1414,1,0,0,7,1,1,1,70,0,1,0,0
1415,1,0,1,32,1,0,1,19,0,0,1,0
1416,1,0,1,72,1,0,0,20,0,0,0,1
1417,1,0,0,19,0,0,0,40,1,1,0,0
1418,1,0,1,10,1,1,1,20,0,1,0,0
1419,1,1,0,21,1,0,0,69,1,0,0,1
1420,0,1,0,45,1,1,1,70,0,1,0,0
1421,1,1,0,32,1,1,1,20,0,1,0,0
1422,0,0,0,40,1,1,1,106,0,0,0,1
1423,0,0,0,47,0,1,1,42,0,1,0,0
1424,0,0,0,36,0,0,0,53,0,0,1,0
1425,0,0,1,69,1,0,0,105,0,1,0,0
1426,0,0,0,71,1,1,1,81,0,0,1,0
1427,0,0,0,71,1,0,1,25,0,1,0,0
1428,1,0,0,35,0,1,0,53,0,1,0,0
1429,1,0,0,3,1,1,0,55,0,0,0,1
1430,1,1,0,72,1,1,0,110,0,0,1,0
1431,1,0,1,72,1,1,0,91,0,0,1,0
1432,0,0,1,68,1,0,0,73,0,1,0,0
1433,0,0,0,42,0,0,0,55,0,1,0,0
1434,1,1,0,21,1,1,1,20,0,1,0,0
1435,0,1,0,8,1,1,1,92,1,1,0,0
1436,1,1,0,10,1,1,1,75,0,1,0,0
1437,0,0,0,71,1,1,0,107,0,1,0,0
1438,0,1,0,46,1,0,0,91,0,0,1,0
1439,0,0,1,3,1,0,1,80,0,1,0,0
1440,0,1,0,12,1,0,0,91,1,0,1,0
1441,0,0,0,26,0,1,1,48,0,0,1,0
1442,1,0,0,3,1,0,1,50,0,0,1,0
1443,0,0,0,49,1,0,0,74,0,1,0,0
1444,1,0,0,33,1,0,1,81,0,0,0,1
1445,1,0,0,42,1,1,1,94,0,1,0,0
1446,1,0,1,31,1,1,0,75,0,1,0,0
1447,1,1,1,68,1,1,1,107,0,1,0,0
1448,1,1,1,66,1,0,0,116,0,1,0,0
1449,1,0,1,58,1,0,0,20,0,1,0,0
1450,1,0,1,35,1,0,0,20,0,1,0,0
1451,1,0,0,1,1,1,0,20,0,1,0,0
1452,0,0,0,40,1,0,0,75,0,1,0,0
1453,0,0,0,13,1,0,1,76,0,1,0,0
1454,1,0,0,57,1,0,0,56,0,1,0,0
1455,0,0,0,1,1,1,1,75,1,0,0,1
1456,1,0,0,1,1,1,1,46,1,1,0,0
1457,0,0,0,46,1,1,1,54,1,0,1,0
1458,0,1,1,40,1,0,0,95,1,1,0,0
1459,1,0,1,21,1,0,1,78,1,0,0,1
1460,0,0,0,6,1,1,1,98,1,1,0,0
1461,1,0,1,59,1,1,1,111,0,1,0,0
1462,1,0,0,15,1,0,0,59,1,0,1,0
1463,0,0,0,27,1,0,1,95,1,1,0,0
1464,1,0,0,71,1,0,0,116,0,1,0,0
1465,0,0,0,45,1,0,1,89,0,1,0,0
1466,1,0,0,4,1,0,0,21,0,1,0,0
1467,0,0,0,1,1,1,0,20,1,0,1,0
1468,1,0,1,47,1,1,1,99,1,0,1,0
1469,1,0,0,34,1,1,1,50,0,1,0,0
1470,0,0,1,18,1,0,0,54,0,1,0,0
1471,0,0,0,8,1,1,1,54,0,1,0,0
1472,1,0,0,7,0,1,1,36,0,1,0,0
1473,1,0,1,5,1,1,1,84,1,1,0,0
1474,0,0,0,39,1,1,1,59,0,1,0,0
1475,1,0,1,29,1,1,1,21,0,0,0,1
1476,0,0,0,1,1,0,0,55,1,1,0,0
1477,1,0,1,31,0,1,1,25,0,0,1,0
1478,1,0,0,2,0,1,1,24,0,1,0,0
1479,1,0,0,63,1,0,0,71,0,0,1,0
1480,1,0,0,20,1,0,0,79,0,0,1,0
1481,0,0,0,71,1,0,0,83,0,0,0,1
1482,0,0,0,66,1,0,1,61,0,1,0,0
1483,1,0,0,8,1,0,0,45,1,0,1,0
1484,0,0,0,2,1,0,1,96,1,0,0,1
1485,1,0,0,3,0,1,1,35,0,1,0,0
1486,0,0,0,47,1,0,0,20,0,1,0,0
1487,1,0,0,2,0,1,1,49,1,0,1,0
1488,1,0,0,1,1,0,0,74,0,1,0,0
1489,0,0,0,7,1,0,0,20,0,0,1,0
1490,1,0,1,69,1,1,0,105,0,0,1,0
1491,1,0,0,5,1,0,0,105,0,1,0,0
1492,0,0,0,71,1,1,1,20,0,1,0,0
1493,0,0,0,1,1,0,1,74,1,1,0,0
1494,0,0,1,14,1,0,0,90,1,0,1,0
1495,0,0,0,29,1,1,1,19,0,1,0,0
1496,1,0,0,56,1,0,0,82,0,1,0,0
1497,1,1,0,6,1,0,1,96,1,1,0,0
1498,1,1,0,1,0,1,1,40,1,1,0,0
1499,0,0,1,46,1,1,1,91,0,1,0,0
1500,1,0,0,20,1,0,0,108,0,1,0,0
1501,0,1,0,20,1,0,0,86,1,0,0,1
1502,0,1,0,37,1,1,0,76,1,0,1,0
1503,0,0,1,24,1,1,1,20,0,0,1,0
1504,1,0,1,29,1,0,1,95,1,1,0,0
1505,0,0,0,21,1,1,1,104,1,1,0,0
1506,1,0,1,19,1,0,0,103,1,0,0,1
1507,0,0,0,54,1,0,0,81,0,0,0,1
1508,1,0,0,2,1,0,1,19,1,1,0,0
1509,0,1,0,27,1,0,1,104,1,1,0,0
1510,1,0,0,46,0,1,0,61,0,0,0,1
1511,0,0,0,18,1,0,0,20,0,0,0,1
1512,0,0,1,52,1,1,1,20,0,1,0,0
1513,0,0,1,43,1,0,0,56,1,1,0,0
1514,0,0,0,3,1,0,0,20,0,0,0,1
1515,1,0,0,4,1,1,0,45,0,0,1,0
1516,1,0,1,6,1,1,1,84,1,1,0,0
1517,1,1,0,35,1,1,1,101,0,0,1,0
1518,0,0,1,68,0,0,0,60,0,1,0,0
1519,0,0,0,5,1,0,0,96,1,1,0,0
1520,0,0,0,3,1,0,0,45,0,1,0,0
1521,0,1,0,4,1,1,0,73,0,0,1,0
1522,0,0,0,4,1,0,0,25,0,1,0,0
1523,0,0,0,2,1,0,0,80,1,1,0,0
1524,1,0,1,40,1,1,1,110,0,1,0,0
1525,1,0,0,10,1,0,0,95,0,1,0,0
1526,1,1,0,24,1,0,1,80,0,1,0,0
1527,0,1,0,72,1,0,0,107,0,0,0,1
1528,0,0,0,24,1,0,0,99,1,1,0,0
1529,0,0,0,72,1,0,0,87,0,0,0,1
1530,0,0,0,1,1,0,1,52,1,1,0,0
1531,0,0,0,18,1,1,0,88,1,1,0,0
1532,1,0,0,4,0,0,0,40,0,1,0,0
1533,1,1,0,36,1,0,1,91,1,1,0,0
1534,0,0,0,11,1,0,0,75,0,0,0,1
1535,1,0,0,1,1,1,0,70,1,1,0,0
1536,1,0,0,42,1,0,0,80,0,0,0,1
1537,0,1,0,16,1,1,0,85,1,0,0,1
1538,1,0,0,50,1,1,1,114,0,1,0,0
1539,0,0,0,1,0,0,0,25,1,1,0,0
1540,0,0,1,38,1,0,1,20,0,1,0,0
1541,1,1,1,24,1,0,0,80,0,0,0,1
1542,1,0,1,31,1,0,0,60,0,0,0,1
1543,1,0,1,8,1,0,1,19,0,1,0,0
1544,0,1,0,43,1,0,0,108,1,1,0,0
1545,0,0,0,57,1,1,1,70,0,0,0,1
1546,0,0,1,13,1,0,0,21,0,0,0,1
1547,1,0,0,40,1,1,1,90,0,0,1,0
1548,1,0,1,23,1,0,1,20,0,1,0,0
1549,0,0,1,72,1,0,0,84,0,1,0,0
1550,0,0,0,55,1,1,1,84,0,1,0,0
1551,1,0,0,48,1,1,0,111,0,0,0,1
1552,1,0,0,1,1,1,0,75,1,0,0,1
1553,0,0,1,36,1,0,1,97,1,1,0,0
1554,1,0,0,11,1,0,0,69,0,1,0,0
1555,0,0,0,1,1,0,1,85,0,0,1,0
1556,0,0,0,53,1,0,1,98,1,1,0,0
1557,1,0,0,70,0,1,0,51,0,1,0,0
1558,1,0,0,12,1,1,1,96,0,1,0,0
1559,1,0,0,22,1,0,0,95,1,1,0,0
1560,0,0,1,55,1,0,0,69,0,0,1,0
1561,0,1,0,28,1,1,1,64,0,1,0,0
1562,0,0,1,58,1,0,0,20,0,1,0,0
1563,1,0,0,19,1,0,1,20,0,1,0,0
1564,0,0,0,19,1,1,1,95,1,1,0,0
1565,1,0,0,31,1,0,1,72,0,1,0,0
1566,0,0,0,13,1,0,0,89,1,0,0,1
1567,1,0,0,1,1,0,0,20,1,1,0,0
1568,1,0,1,1,1,1,1,71,1,1,0,0
1569,0,1,0,18,1,0,0,74,0,1,0,0
1570,1,0,0,13,1,0,0,20,0,0,0,1
1571,0,0,1,2,1,0,0,20,0,1,0,0
1572,1,0,0,70,1,0,0,65,0,1,0,0
1573,1,1,0,44,1,0,1,19,0,0,1,0
1574,0,0,1,4,1,0,0,21,0,0,1,0
1575,1,0,0,65,1,0,1,76,0,1,0,0
1576,0,1,0,71,1,0,0,100,0,0,1,0
1577,0,0,1,64,1,0,1,54,0,0,1,0
1578,0,0,0,28,1,0,0,92,1,1,0,0
1579,0,1,0,16,1,0,1,96,1,1,0,0
1580,0,0,1,70,1,1,0,114,1,0,1,0
1581,0,0,1,39,1,0,0,82,0,1,0,0
1582,1,0,0,19,1,1,0,45,0,0,1,0
1583,0,0,0,60,1,1,0,105,0,1,0,0
1584,1,0,0,51,1,0,0,90,0,0,0,1
1585,0,1,0,56,1,1,0,110,0,0,1,0
1586,1,0,0,66,1,1,1,105,1,0,0,1
1587,0,0,1,58,0,1,0,56,0,0,0,1
1588,0,0,1,69,1,1,1,59,0,0,1,0
1589,0,0,0,27,1,0,0,56,0,1,0,0
1590,0,0,0,1,1,0,0,49,0,0,0,1
1591,0,0,0,6,1,0,0,20,0,1,0,0
1592,0,0,0,7,0,0,1,25,0,1,0,0
1593,1,1,0,8,1,0,0,70,1,1,0,0
1594,1,0,1,15,1,1,0,70,0,0,0,1
1595,1,0,0,9,1,0,1,20,0,1,0,0
1596,1,0,0,12,1,0,1,67,0,1,0,0
1597,0,0,0,25,1,1,1,71,0,0,0,1
1598,0,0,1,28,1,0,0,81,1,0,0,1
1599,0,0,0,49,1,0,0,101,0,0,0,1
1600,1,1,0,57,0,1,1,45,1,1,0,0
1601,1,0,0,11,1,1,1,21,0,0,1,0
1602,0,0,1,37,1,0,1,95,0,1,0,0
1603,1,0,0,40,1,1,0,101,1,1,0,0
1604,1,0,0,54,0,1,1,45,0,0,1,0
1605,1,0,0,12,1,0,0,85,0,0,0,1
1606,1,0,0,4,1,0,1,55,0,0,0,1
1607,1,0,1,66,1,0,1,103,0,1,0,0
1608,1,0,1,70,0,0,0,60,0,0,1,0
1609,0,0,0,1,1,1,1,75,1,0,1,0
1610,1,0,0,58,1,0,0,103,1,0,0,1
1611,1,1,0,47,1,1,0,86,0,0,0,1
1612,0,1,0,4,1,1,1,79,1,0,1,0
1613,0,0,1,57,1,0,0,59,0,1,0,0
1614,0,0,0,15,1,0,0,94,0,0,0,1
1615,0,0,0,24,1,0,0,90,0,0,1,0
1616,0,0,0,20,1,0,0,19,0,0,0,1
1617,1,1,0,61,1,1,0,98,0,1,0,0
1618,0,0,0,16,0,0,1,50,1,1,0,0
1619,0,0,0,72,1,1,0,98,0,0,0,1
1620,0,1,0,14,0,0,0,40,0,1,0,0
1621,1,0,0,2,1,1,1,46,1,1,0,0
1622,1,0,1,64,1,0,0,92,0,0,1,0
1623,1,0,0,30,1,1,1,20,0,0,0,1
1624,1,0,0,64,1,1,1,89,0,0,1,0
1625,1,0,0,61,1,0,1,112,1,1,0,0
1626,0,0,1,50,1,1,0,84,0,1,0,0
1627,0,0,0,47,1,0,1,95,0,1,0,0
1628,1,0,0,51,1,1,1,60,0,1,0,0
1629,0,0,0,37,1,0,0,91,0,0,0,1
1630,0,1,0,64,1,1,1,97,0,1,0,0
1631,1,0,0,60,0,1,1,60,0,1,0,0
1632,1,0,0,1,1,1,1,20,0,0,1,0
1633,1,0,0,14,1,0,0,82,0,1,0,0
1634,0,0,0,1,1,0,0,76,1,0,0,1
1635,0,0,1,17,1,0,0,88,1,0,1,0
1636,1,0,0,63,1,1,0,104,0,0,1,0
1637,0,0,1,72,1,0,0,26,0,0,1,0
1638,1,0,1,29,1,1,1,101,0,0,0,1
1639,0,0,1,18,1,0,0,62,0,1,0,0
1640,1,1,0,38,1,0,0,70,1,0,1,0
1641,1,1,0,26,1,1,0,19,0,0,0,1
1642,1,1,0,70,1,0,0,105,0,1,0,0
1643,0,0,0,7,1,0,1,79,1,1,0,0
1644,0,0,0,22,1,1,1,21,0,1,0,0
1645,0,0,1,25,1,1,1,55,0,1,0,0
1646,1,0,0,33,0,1,0,39,0,0,1,0
1647,1,1,0,27,1,0,1,96,1,1,0,0
1648,1,0,1,15,1,1,1,75,1,1,0,0
1649,0,0,0,41,1,0,0,25,0,1,0,0
1650,1,0,0,38,1,1,1,95,0,1,0,0
1651,1,1,0,44,1,0,1,89,0,1,0,0
1652,1,0,1,66,1,0,0,20,0,1,0,0
1653,1,0,1,19,1,0,0,21,0,0,0,1
1654,1,0,0,17,1,0,0,90,1,0,1,0
1655,1,0,0,7,1,0,0,75,0,1,0,0
1656,0,1,0,21,1,1,1,72,0,1,0,0
1657,1,0,0,61,1,1,0,94,1,1,0,0
1658,0,0,0,4,1,1,1,51,0,1,0,0
1659,1,0,1,58,1,1,0,75,0,0,0,1
1660,0,0,1,21,0,1,0,56,1,1,0,0
1661,1,0,1,60,1,1,1,20,0,1,0,0
1662,0,0,0,43,1,0,1,26,0,1,0,0
1663,1,1,0,36,1,1,1,85,1,1,0,0
1664,0,1,0,57,0,1,1,55,0,1,0,0
1665,1,0,0,24,1,1,1,55,0,1,0,0
1666,1,0,1,68,1,0,0,105,0,0,0,1
1667,1,0,0,72,1,1,0,95,0,0,1,0
1668,1,0,0,9,0,1,1,40,0,1,0,0
1669,1,0,1,66,1,1,1,80,0,1,0,0
1670,0,0,0,8,1,0,0,74,0,1,0,0
1671,0,0,1,50,1,0,1,103,0,0,1,0
1672,0,0,0,10,1,1,0,76,0,0,0,1
1673,1,0,0,54,0,1,1,30,0,1,0,0
1674,0,0,0,1,1,1,0,80,1,0,0,1
1675,1,0,0,71,1,0,1,109,0,1,0,0
1676,1,0,1,4,1,1,1,101,1,1,0,0
1677,1,0,0,33,1,1,0,55,0,0,0,1
1678,1,1,0,10,1,1,1,87,1,0,1,0
1679,0,0,0,72,0,0,0,49,0,1,0,0
1680,0,1,0,1,1,1,0,21,1,0,1,0
1681,0,0,0,67,1,1,0,26,0,0,0,1
1682,0,0,0,22,1,1,0,80,0,0,0,1
1683,1,0,0,62,1,0,0,97,1,0,0,1
1684,0,1,0,21,0,1,0,42,1,1,0,0
1685,0,0,1,68,1,0,1,112,0,1,0,0
1686,1,0,0,7,1,1,0,98,1,1,0,0
1687,0,0,0,58,1,1,0,80,0,0,1,0
1688,0,0,1,23,1,0,0,84,0,0,0,1
1689,1,1,0,71,1,0,0,24,0,1,0,0
1690,0,0,0,41,1,1,1,86,0,1,0,0
1691,0,0,1,0,0,0,0,56,0,0,0,1
1692,1,0,0,61,0,0,0,62,0,0,1,0
1693,0,0,1,46,1,1,1,100,0,0,0,1
1694,0,0,0,6,1,0,0,21,0,1,0,0
1695,1,0,0,7,1,1,0,94,1,0,1,0
1696,1,0,0,21,1,1,1,74,0,1,0,0
1697,0,1,0,13,1,0,0,95,1,0,0,1
1698,0,0,1,22,1,1,1,83,1,0,0,1
1699,0,0,0,26,1,0,0,69,0,0,1,0
1700,1,0,0,4,0,0,0,42,0,0,0,1
1701,0,0,1,63,1,1,1,20,0,0,1,0
1702,1,1,0,5,1,1,1,80,1,1,0,0
1703,0,0,0,6,1,0,0,20,0,1,0,0
1704,0,0,0,55,1,1,1,94,0,1,0,0
1705,1,0,1,51,1,1,1,76,0,1,0,0
1706,0,0,1,56,1,1,1,69,0,0,0,1
1707,1,0,0,18,1,0,1,20,0,1,0,0
1708,1,0,0,72,1,0,0,106,0,1,0,0
1709,0,0,1,19,1,1,0,50,0,0,0,1
1710,1,1,0,22,1,1,1,97,1,1,0,0
1711,0,0,0,41,0,1,0,35,0,0,0,1
1712,1,0,1,5,1,1,0,19,0,0,1,0
1713,0,0,0,57,1,1,0,74,0,1,0,0
1714,1,1,0,29,1,1,0,101,0,0,1,0
1715,0,0,1,33,1,0,0,94,1,0,0,1
1716,0,0,0,72,1,0,0,98,0,1,0,0
1717,1,0,0,31,1,0,0,89,0,0,0,1
1718,1,1,0,52,1,0,0,104,0,0,1,0
1719,1,0,1,35,1,0,1,20,0,1,0,0
1720,0,0,1,7,1,0,1,20,0,1,0,0
1721,0,0,0,22,1,0,1,55,0,1,0,0
1722,1,0,0,6,1,0,0,75,1,0,1,0
1723,0,0,0,60,0,0,0,38,0,0,0,1
1724,1,0,1,24,1,1,1,20,0,1,0,0
1725,0,1,0,31,1,1,1,74,0,1,0,0
1726,1,0,0,26,1,1,0,86,0,1,0,0
1727,1,0,1,1,1,1,0,70,1,1,0,0
1728,1,0,1,40,1,0,0,20,0,0,0,1
1729,1,0,1,10,1,1,1,20,0,0,1,0
1730,0,0,1,70,1,1,0,19,0,1,0,0
1731,1,0,0,3,1,0,1,55,1,1,0,0
1732,1,1,0,46,1,1,1,85,1,0,1,0
1733,1,0,0,59,1,0,0,110,1,1,0,0
1734,0,1,0,48,1,0,0,71,0,1,0,0
1735,1,0,0,59,1,1,1,19,1,0,0,1
1736,0,0,0,29,0,0,0,31,1,1,0,0
1737,0,1,0,8,1,0,0,20,1,1,0,0
1738,0,0,1,9,1,1,1,20,0,0,1,0
1739,0,0,0,8,1,0,1,58,0,1,0,0
1740,0,0,0,28,1,0,0,90,1,1,0,0
1741,0,0,1,20,1,1,0,76,0,1,0,0
1742,0,1,0,56,1,0,1,105,1,1,0,0
1743,0,0,0,49,0,1,0,41,0,0,0,1
1744,0,0,0,5,1,0,1,89,1,0,1,0
1745,0,0,0,18,1,0,0,90,1,0,0,1
1746,1,0,1,71,1,1,1,90,0,0,0,1
1747,1,0,0,20,1,1,1,89,1,1,0,0
1748,1,0,0,40,0,0,0,42,1,0,0,1
1749,0,0,0,18,1,1,1,61,0,1,0,0
1750,0,0,1,38,1,0,1,20,0,0,0,1
1751,0,1,0,67,1,1,1,106,0,1,0,0
1752,0,0,1,17,1,0,0,55,0,0,1,0
1753,1,0,0,1,0,1,1,35,1,0,0,1
1754,1,0,0,68,1,0,0,25,0,0,1,0
1755,1,0,0,35,1,0,0,83,0,1,0,0
1756,0,0,0,3,1,0,0,76,1,0,1,0
1757,0,0,0,8,1,0,1,90,0,0,0,1
1758,1,0,0,29,1,0,0,71,0,0,0,1
1759,0,0,0,2,0,0,0,35,1,1,0,0
1760,0,1,0,53,1,1,0,74,0,0,1,0
1761,1,0,1,1,0,1,0,25,1,0,0,1
1762,0,0,0,7,1,1,1,75,0,1,0,0
1763,0,0,1,4,1,0,0,20,0,1,0,0
1764,0,0,0,29,1,1,0,76,0,0,0,1
1765,0,0,0,3,1,1,1,75,1,0,1,0
1766,0,1,0,1,0,0,0,26,1,0,1,0
1767,1,0,0,7,0,1,1,35,0,0,0,1
1768,0,0,0,52,1,0,0,111,1,0,1,0
1769,1,0,1,72,1,1,1,92,0,1,0,0
1770,1,0,0,55,1,1,1,97,1,1,0,0
1771,1,0,0,1,1,0,1,20,0,1,0,0
1772,0,0,0,6,1,0,1,20,0,1,0,0
1773,0,0,1,29,1,0,0,20,0,0,0,1
1774,1,0,1,42,0,0,0,48,0,1,0,0
1775,0,0,0,30,0,1,1,40,0,0,0,1
1776,1,0,0,1,1,1,0,51,1,0,0,1
1777,1,0,0,72,1,1,0,86,0,1,0,0
1778,0,0,0,4,1,1,0,51,1,0,0,1
1779,1,0,1,1,0,0,1,25,0,1,0,0
1780,0,0,0,1,1,0,0,69,1,0,1,0
1781,1,0,0,1,1,1,1,74,1,0,1,0
1782,1,0,0,62,1,1,0,80,0,1,0,0
1783,0,0,0,15,1,0,1,101,1,1,0,0
1784,1,0,1,1,1,0,0,19,0,1,0,0
1785,0,0,0,68,1,1,0,20,0,0,0,1
1786,0,0,0,7,1,0,1,75,0,1,0,0
1787,0,0,0,72,1,1,1,88,0,0,1,0
1788,1,0,0,72,1,0,0,87,0,0,0,1
1789,0,0,0,30,1,0,0,94,1,1,0,0
1790,1,0,0,1,1,0,1,84,1,1,0,0
1791,0,0,0,39,0,0,0,41,0,0,1,0
1792,1,0,0,62,1,1,0,92,0,1,0,0
1793,0,0,0,53,1,1,0,109,0,0,0,1
1794,1,0,0,66,1,1,0,104,1,0,0,1
1795,0,1,1,59,1,1,1,89,0,1,0,0
1796,1,0,0,15,1,1,0,96,0,1,0,0
1797,1,0,0,9,1,0,0,96,1,0,0,1
1798,0,0,0,32,0,1,0,30,0,0,1,0
1799,0,0,1,17,1,1,1,65,1,1,0,0
1800,1,0,1,55,1,0,0,55,0,1,0,0
1801,1,0,0,17,0,0,1,26,0,1,0,0
1802,0,1,0,69,1,0,0,87,0,0,0,1
1803,1,0,0,66,1,0,0,75,0,0,0,1
1804,1,1,0,16,1,0,0,74,0,1,0,0
1805,1,0,1,70,1,1,0,80,0,0,0,1
1806,0,0,0,50,1,1,0,19,0,0,0,1
1807,0,0,0,3,1,0,1,20,0,1,0,0
1808,1,0,0,17,1,1,1,66,0,1,0,0
1809,1,0,1,20,1,1,1,97,0,1,0,0
1810,1,0,1,71,1,1,1,20,0,0,1,0
1811,0,0,0,34,1,1,1,105,0,1,0,0
1812,0,0,1,43,1,0,1,25,0,0,1,0
1813,1,1,0,50,1,0,0,102,0,1,0,0
1814,0,0,1,41,1,0,0,102,0,0,0,1
1815,1,0,0,54,1,0,0,80,0,0,0,1
1816,0,0,0,64,1,0,0,19,0,1,0,0
1817,1,0,1,31,1,1,1,54,0,0,0,1
1818,1,1,0,11,1,1,1,78,0,1,0,0
1819,0,0,0,4,1,0,0,86,1,0,0,1
1820,0,0,1,21,0,0,0,53,0,1,0,0
1821,0,0,1,35,1,1,1,24,0,1,0,0
1822,0,0,1,58,1,1,1,99,0,1,0,0
1823,1,0,1,20,1,0,1,20,0,1,0,0
1824,0,0,0,60,1,0,0,25,0,0,0,1
1825,0,0,1,41,1,1,0,20,0,1,0,0
1826,0,0,0,15,1,1,1,51,0,1,0,0
1827,1,0,0,1,1,0,0,44,0,1,0,0
1828,1,0,0,66,1,1,0,100,1,0,1,0
1829,0,1,1,1,1,1,1,69,1,1,0,0
1830,1,0,1,2,1,0,0,44,0,0,0,1
1831,0,0,0,32,1,1,0,84,1,1,0,0
1832,0,1,0,72,1,0,0,78,0,1,0,0
1833,1,0,0,62,1,0,0,96,0,1,0,0
1834,1,1,0,9,1,0,0,80,0,1,0,0
1835,1,0,0,4,1,0,0,86,0,1,0,0
1836,1,0,1,30,1,0,1,82,0,1,0,0
1837,1,0,0,40,1,0,0,104,1,1,0,0
1838,1,0,1,33,1,1,1,20,0,1,0,0
1839,1,0,0,63,1,1,0,80,0,0,0,1
1840,0,0,1,64,1,1,1,20,0,0,0,1
1841,1,0,0,5,1,1,0,97,0,0,1,0
1842,0,0,0,7,1,0,0,20,1,1,0,0
1843,1,0,0,10,1,0,0,80,0,0,0,1
1844,0,0,1,63,1,0,0,101,1,0,1,0
1845,1,0,1,20,0,0,0,39,0,0,1,0
1846,0,0,0,38,1,0,0,84,0,0,1,0
1847,0,1,0,66,1,0,0,108,0,0,0,1
1848,1,0,0,13,1,0,0,91,1,0,1,0
1849,0,0,0,24,1,0,0,66,0,1,0,0
1850,1,1,0,23,1,1,0,104,0,1,0,0
1851,0,1,1,32,1,0,0,91,0,1,0,0
1852,0,0,1,51,0,0,0,60,0,1,0,0
1853,0,0,0,40,1,0,0,19,0,1,0,0
1854,0,0,0,22,1,0,0,59,0,1,0,0
1855,1,0,1,1,1,0,0,70,0,0,0,1
1856,0,1,0,6,1,0,0,89,0,1,0,0
1857,1,0,0,1,1,0,0,20,1,0,0,1
1858,0,0,0,4,1,0,1,20,0,1,0,0
1859,0,0,0,60,1,0,1,106,1,1,0,0
1860,1,1,0,72,0,0,0,65,0,0,0,1
1861,0,0,0,42,1,0,0,60,0,1,0,0
1862,0,0,0,2,1,0,0,62,0,1,0,0
1863,1,0,0,69,0,1,0,60,0,0,1,0
1864,1,0,0,2,1,0,0,86,1,0,1,0
1865,0,1,0,1,0,1,1,36,1,0,1,0
1866,1,0,0,31,1,1,1,66,0,0,1,0
1867,1,0,1,16,1,0,1,20,0,1,0,0
1868,0,0,0,15,1,0,0,20,0,1,0,0
1869,0,0,1,2,1,1,0,94,1,0,0,1
1870,0,1,0,17,1,0,0,93,0,1,0,0
1871,1,0,1,6,1,1,1,94,1,1,0,0
1872,0,0,1,61,1,0,0,60,0,0,0,1
1873,0,0,0,1,1,0,0,19,0,0,0,1
1874,1,0,0,19,1,1,0,88,0,0,0,1
1875,1,0,1,44,0,1,1,54,0,0,0,1
1876,0,0,0,70,1,1,1,112,0,0,1,0
1877,1,0,1,63,1,1,0,25,0,0,0,1
1878,0,0,1,58,1,0,0,44,0,1,0,0
1879,0,0,0,53,1,0,1,74,0,1,0,0
1880,1,0,0,59,0,1,1,44,0,1,0,0
1881,1,0,0,69,1,0,0,104,1,1,0,0
1882,1,0,0,26,1,0,0,49,0,1,0,0
1883,1,0,1,23,1,1,1,57,0,1,0,0
1884,0,0,0,42,1,0,0,55,0,0,1,0
1885,0,1,0,1,1,0,0,51,1,1,0,0
1886,0,0,0,6,0,0,0,48,1,0,0,1
1887,1,0,0,58,1,1,1,21,0,1,0,0
1888,1,0,0,3,1,0,0,102,1,0,1,0
1889,0,0,0,41,1,0,0,20,0,1,0,0
1890,0,0,0,58,1,0,0,61,0,1,0,0
1891,1,1,0,51,1,0,0,94,1,1,0,0
1892,0,0,0,64,1,0,0,111,0,1,0,0
1893,0,0,1,19,1,1,0,26,0,1,0,0
1894,1,0,1,60,1,0,0,79,0,1,0,0
1895,1,0,1,69,1,1,0,114,0,0,0,1
1896,0,0,1,3,1,1,0,81,0,1,0,0
1897,1,0,0,7,1,0,0,95,1,1,0,0
1898,0,0,0,19,1,0,1,73,1,1,0,0
1899,0,0,0,1,1,0,1,77,1,1,0,0
1900,0,0,0,62,1,0,0,24,0,0,0,1
1901,0,0,0,1,1,0,0,50,1,0,1,0
1902,1,1,0,1,1,1,0,74,1,0,0,1
1903,0,0,0,28,1,0,1,60,0,1,0,0
1904,1,0,0,69,1,1,1,92,0,1,0,0
1905,1,1,0,30,1,1,0,80,1,0,1,0
1906,0,1,0,40,0,0,0,39,1,0,1,0
1907,0,0,0,1,1,0,0,20,0,1,0,0
1908,1,0,0,45,1,0,0,101,1,0,0,1
1909,1,0,1,22,1,0,0,79,0,0,1,0
1910,0,0,1,47,1,0,0,20,0,1,0,0
1911,0,0,0,2,1,1,1,20,0,0,0,1
1912,0,0,0,13,0,0,0,35,1,0,1,0
1913,0,0,0,20,1,1,1,19,0,0,1,0
1914,1,0,0,48,1,1,0,19,0,1,0,0
1915,1,0,0,67,1,0,0,101,0,1,0,0
1916,1,0,0,70,1,1,1,99,0,1,0,0
1917,0,0,0,64,1,1,0,99,0,0,0,1
1918,0,0,0,34,1,0,0,98,1,1,0,0
1919,0,0,0,72,1,0,0,91,0,1,0,0
1920,0,0,1,23,1,0,0,70,0,1,0,0
1921,0,1,0,15,1,1,0,89,0,0,0,1
1922,1,0,0,22,1,1,0,101,1,1,0,0
1923,1,0,1,41,1,0,0,70,0,0,0,1
1924,0,0,0,68,1,1,1,82,0,1,0,0
1925,0,0,1,70,1,1,0,106,0,0,0,1
1926,1,0,1,71,1,1,1,87,0,1,0,0
1927,1,0,1,71,1,1,1,85,0,1,0,0
1928,1,0,0,1,1,0,0,44,0,1,0,0
1929,1,0,0,1,1,0,1,55,1,1,0,0
1930,1,0,1,3,1,0,0,21,0,1,0,0
1931,0,0,0,40,1,1,1,93,0,0,1,0
1932,0,0,0,3,0,0,0,51,1,1,0,0
1933,0,0,0,67,1,0,0,26,0,0,1,0
1934,0,0,0,18,1,0,1,75,0,1,0,0
1935,0,0,1,20,1,0,0,20,0,0,1,0
1936,0,0,0,3,1,0,0,74,1,0,1,0
1937,1,0,0,71,1,0,0,116,0,0,0,1
1938,0,0,0,25,0,0,0,34,1,1,0,0
1939,0,1,0,32,1,0,0,91,0,1,0,0
1940,1,0,1,46,1,1,0,20,0,0,1,0
1941,0,0,1,68,1,0,0,19,0,1,0,0
1942,0,0,1,48,1,0,0,80,0,0,0,1
1943,0,0,1,2,1,1,0,70,1,1,0,0
1944,1,0,0,56,1,0,0,93,0,1,0,0
1945,1,0,0,5,1,0,0,79,1,0,0,1
1946,0,0,0,3,1,1,1,75,0,1,0,0
1947,0,0,1,64,1,1,1,93,0,0,1,0
1948,1,0,1,47,1,0,1,90,0,1,0,0
1949,1,0,0,63,1,1,1,67,0,0,0,1
1950,1,0,0,27,1,1,1,19,0,1,0,0
1951,0,1,1,47,1,0,0,71,1,1,0,0
1952,0,0,0,59,1,1,1,24,0,1,0,0
1953,1,0,1,4,1,0,1,19,0,1,0,0
1954,0,0,0,72,1,1,1,115,0,1,0,0
1955,0,0,0,13,1,1,1,55,0,1,0,0
1956,1,1,1,66,1,1,1,108,0,0,0,1
1957,0,0,0,42,1,1,0,21,0,1,0,0
1958,0,0,0,10,1,1,1,20,0,1,0,0
1959,0,1,0,15,1,0,0,74,1,1,0,0
1960,0,0,0,45,1,1,1,95,0,1,0,0
1961,0,0,0,48,1,1,0,74,0,0,1,0
1962,0,0,0,1,0,0,1,25,0,0,1,0
1963,0,0,0,27,1,0,1,76,0,1,0,0
1964,1,0,0,5,1,0,0,19,1,0,1,0
1965,1,0,1,23,1,0,0,87,0,1,0,0
1966,1,1,1,11,1,1,0,75,0,1,0,0
1967,0,1,0,35,1,1,0,102,0,0,1,0
1968,1,0,0,67,1,0,1,89,0,0,1,0
1969,1,0,1,33,1,0,0,75,0,0,0,1
1970,1,0,1,72,1,0,1,114,0,1,0,0
1971,0,0,0,67,1,0,0,110,0,0,1,0
1972,0,0,0,33,1,1,1,20,0,1,0,0
1973,0,0,0,47,1,0,0,59,0,0,0,1
1974,1,1,0,13,1,1,1,98,1,1,0,0
1975,1,0,1,18,1,0,0,83,0,0,0,1
1976,0,0,0,72,1,1,1,112,0,1,0,0
1977,0,1,0,11,1,1,1,90,1,1,0,0
1978,1,1,0,7,0,0,0,44,0,0,0,1
1979,0,0,0,59,1,0,0,99,0,0,0,1
1980,0,1,1,32,1,1,1,100,0,1,0,0
1981,0,0,0,67,1,1,1,25,0,1,0,0
1982,0,0,0,51,1,0,0,88,0,1,0,0
1983,0,1,0,59,1,1,0,94,0,0,1,0
1984,0,0,1,48,0,1,1,39,0,1,0,0
1985,0,1,0,1,1,0,0,71,1,1,0,0
1986,1,0,0,23,1,1,1,19,0,0,0,1
1987,1,0,1,38,1,0,1,95,1,1,0,0
1988,1,0,1,19,1,1,1,20,0,0,1,0
1989,1,1,0,3,1,0,0,76,1,0,0,1
1990,1,1,0,58,1,1,1,99,0,1,0,0
1991,1,0,0,2,1,1,0,50,0,0,1,0
1992,1,0,0,5,1,0,1,75,0,1,0,0
1993,0,0,0,72,1,0,0,101,0,1,0,0
1994,0,1,0,44,1,0,0,110,0,0,1,0
1995,1,0,0,16,1,0,1,20,1,1,0,0
1996,1,0,0,12,0,0,0,51,0,0,0,1
1997,0,0,0,6,1,1,1,90,1,0,0,1
1998,0,1,0,72,1,0,0,108,0,1,0,0
1999,0,0,0,23,1,1,1,25,0,1,0,0
2000,1,0,0,38,1,0,1,70,1,1,0,0
2001,1,0,0,47,1,0,0,95,0,1,0,0
2002,0,0,0,54,1,0,0,20,0,0,0,1
2003,1,0,0,15,1,0,1,69,0,0,0,1
2004,0,1,0,20,1,1,1,94,1,1,0,0
2005,0,0,1,16,1,1,1,73,0,0,1,0
2006,1,0,0,1,1,1,0,69,1,1,0,0
2007,1,0,0,1,0,0,1,25,1,1,0,0
2008,1,0,0,46,1,1,1,20,0,1,0,0
2009,1,0,0,69,1,1,0,98,0,0,0,1
2010,1,0,1,49,1,1,1,84,1,1,0,0
2011,1,0,0,53,0,1,0,55,0,1,0,0
2012,1,0,1,7,1,1,1,19,0,1,0,0
2013,0,0,0,42,1,0,0,50,1,0,1,0
2014,1,0,1,17,1,0,0,50,0,1,0,0
2015,0,1,0,2,1,1,0,82,0,1,0,0
2016,0,0,1,72,1,1,1,104,0,1,0,0
2017,0,0,0,28,1,0,0,20,0,0,0,1
2018,1,0,0,1,0,0,0,50,1,1,0,0
2019,0,0,0,15,1,1,1,86,1,0,1,0
2020,0,1,0,67,1,0,0,107,0,0,1,0
2021,0,0,0,11,1,0,1,100,1,0,0,1
2022,1,0,1,56,1,0,1,103,0,1,0,0
2023,1,0,0,22,1,1,1,55,0,1,0,0
2024,1,1,0,19,0,0,1,34,0,0,1,0
2025,0,0,1,44,1,1,1,20,0,0,0,1
2026,1,0,0,10,0,1,1,36,0,0,1,0
2027,0,0,0,18,1,0,0,71,0,0,1,0
2028,1,0,0,30,1,0,0,19,0,0,0,1
2029,1,0,0,26,0,0,1,36,0,0,1,0
2030,0,0,0,58,1,1,0,109,1,1,0,0
2031,1,0,0,1,0,0,0,30,1,1,0,0
2032,0,0,0,9,1,0,1,66,1,1,0,0
2033,0,0,0,50,1,0,0,82,0,1,0,0
2034,1,0,0,46,0,0,0,31,0,0,1,0
2035,0,0,0,3,1,0,0,45,0,1,0,0
2036,0,0,0,11,1,1,1,51,0,1,0,0
2037,1,0,0,37,1,0,1,70,0,1,0,0
2038,1,0,0,22,1,0,1,54,1,1,0,0
2039,1,0,0,67,1,1,1,26,0,1,0,0
2040,1,0,0,1,1,1,0,20,0,0,0,1
2041,0,0,0,19,1,0,0,56,0,0,0,1
2042,0,1,0,9,1,1,0,75,1,1,0,0
2043,1,0,0,70,1,0,1,99,0,1,0,0
2044,1,0,0,1,1,0,0,50,0,0,1,0
2045,0,0,0,39,0,1,1,41,0,0,0,1
2046,1,0,0,2,1,0,0,71,1,1,0,0
2047,0,1,0,49,1,0,0,44,0,1,0,0
2048,1,0,0,7,1,0,1,64,0,1,0,0
2049,1,0,1,1,1,1,1,46,1,1,0,0
2050,0,0,0,61,1,0,0,101,0,0,0,1
2051,1,0,0,1,1,0,0,43,1,0,0,1
2052,0,1,0,40,1,1,1,92,0,1,0,0
2053,0,0,0,71,1,1,1,24,0,1,0,0
2054,1,0,0,24,1,1,0,90,1,1,0,0
2055,0,0,0,14,1,1,1,50,0,1,0,0
2056,0,1,0,61,1,1,1,94,0,1,0,0
2057,0,1,0,44,1,1,0,75,0,1,0,0
2058,0,0,0,70,1,1,0,20,0,0,0,1
2059,0,0,0,18,1,1,1,74,0,1,0,0
2060,1,0,1,12,1,1,0,74,1,0,0,1
2061,1,1,0,66,1,0,0,107,0,1,0,0
2062,1,0,1,61,1,1,0,21,0,0,0,1
2063,0,0,0,42,1,0,0,86,0,0,1,0
2064,0,0,0,54,1,0,0,95,0,0,1,0
2065,1,0,0,3,1,1,1,20,0,1,0,0
2066,1,0,0,69,1,1,0,54,0,0,0,1
2067,0,0,0,3,1,1,1,20,0,0,1,0
2068,0,0,0,7,1,1,1,75,1,1,0,0
2069,0,0,0,57,1,0,1,20,0,1,0,0
2070,1,1,0,14,1,1,0,75,1,1,0,0
2071,1,0,0,11,0,1,1,42,1,0,0,1
2072,1,0,0,4,1,0,0,20,0,0,1,0
2073,1,0,0,43,1,0,0,94,0,1,0,0
2074,1,0,0,62,1,0,1,74,0,1,0,0
2075,0,0,0,12,1,1,1,96,1,1,0,0
2076,1,0,1,11,1,0,0,20,0,0,1,0
2077,0,0,0,19,1,0,1,60,0,1,0,0
2078,1,0,0,44,1,0,0,106,0,0,1,0
2079,0,1,1,11,1,1,1,78,0,1,0,0
2080,1,0,1,72,1,1,0,81,0,0,0,1
2081,0,0,0,43,1,0,1,105,1,1,0,0
2082,1,0,0,3,1,1,0,20,1,1,0,0
2083,0,1,0,5,1,0,0,81,0,1,0,0
2084,1,0,0,2,0,0,1,30,1,1,0,0
2085,1,0,1,68,1,1,1,86,0,1,0,0
2086,1,1,0,33,1,0,1,94,1,1,0,0
2087,0,0,0,11,0,0,0,36,0,1,0,0
2088,1,1,0,69,1,1,0,90,1,0,1,0
2089,0,0,0,66,1,0,0,105,0,0,0,1
2090,1,0,1,29,1,0,0,76,0,1,0,0
2091,1,0,1,8,1,0,0,45,0,0,0,1
2092,1,1,0,72,0,1,0,64,0,0,0,1
2093,0,0,1,8,1,1,0,45,0,1,0,0
2094,0,0,0,32,1,0,0,104,0,1,0,0
2095,0,0,1,56,1,0,1,20,0,1,0,0
2096,1,0,0,10,1,0,0,81,1,1,0,0
2097,0,0,0,44,1,0,1,62,0,1,0,0
2098,0,0,1,23,1,1,1,84,1,1,0,0
2099,0,0,0,4,0,1,1,48,0,1,0,0
2100,0,0,1,36,1,1,1,51,0,0,1,0
2101,1,0,0,47,1,1,1,83,1,0,1,0
2102,0,0,1,2,0,1,1,30,0,1,0,0
2103,0,0,1,52,1,0,1,20,0,1,0,0
2104,0,0,0,5,1,1,1,91,1,1,0,0
2105,0,0,1,64,1,1,1,66,0,1,0,0
2106,1,0,0,2,1,0,0,50,0,0,1,0
2107,0,0,0,8,1,1,1,20,0,1,0,0
2108,0,0,0,1,1,0,0,70,1,1,0,0
2109,1,0,0,1,0,1,0,45,1,0,0,1
2110,1,0,1,60,1,0,0,60,0,1,0,0
2111,1,0,0,20,1,0,0,91,0,0,0,1
2112,1,0,1,22,1,1,0,51,0,0,1,0
2113,1,0,1,54,1,1,1,71,0,0,1,0
2114,1,0,0,1,1,0,0,81,0,1,0,0
2115,1,0,0,13,1,1,1,19,0,0,0,1
2116,0,1,1,24,1,1,0,97,0,1,0,0
2117,0,1,0,6,1,0,0,74,0,0,0,1
2118,1,1,0,38,1,0,1,103,0,1,0,0
2119,0,0,0,12,1,0,0,85,0,0,1,0
2120,1,0,0,26,0,0,0,45,0,0,0,1
2121,0,0,1,6,0,0,0,41,0,1,0,0
2122,1,0,1,67,1,1,0,87,1,0,1,0
2123,1,1,0,62,1,1,1,104,1,1,0,0
2124,1,0,1,50,0,0,0,39,0,1,0,0
2125,1,0,1,72,0,1,0,66,0,0,0,1
2126,0,1,1,31,1,0,0,99,1,1,0,0
2127,1,0,0,72,1,0,0,92,0,0,1,0
2128,1,0,0,51,0,1,0,44,0,1,0,0
2129,0,0,0,1,1,1,1,20,0,1,0,0
2130,0,0,1,60,1,1,1,115,0,0,1,0
2131,0,0,1,24,1,0,0,20,0,0,0,1
2132,0,0,0,2,1,0,0,81,1,0,1,0
2133,0,0,0,4,1,0,1,78,1,1,0,0
2134,0,0,0,67,1,0,0,66,0,1,0,0
2135,0,0,0,69,1,1,1,106,0,1,0,0
2136,0,0,0,1,1,1,1,70,1,1,0,0
2137,1,0,0,67,1,1,0,25,0,0,0,1
2138,1,0,0,1,1,0,0,90,1,0,0,1
2139,1,1,0,67,1,0,0,84,0,1,0,0
2140,0,1,0,27,1,1,1,86,0,1,0,0
2141,0,0,0,41,1,0,0,106,0,1,0,0
2142,1,0,1,64,1,0,0,109,0,0,1,0
2143,0,0,0,1,1,1,0,70,1,0,0,1
2144,1,0,0,6,1,0,0,45,1,1,0,0
2145,1,0,1,72,0,0,1,65,0,1,0,0
2146,0,0,1,57,1,1,1,70,1,0,1,0
2147,1,0,0,70,1,0,0,73,0,1,0,0
2148,1,1,0,10,1,0,0,86,1,1,0,0
2149,1,0,0,1,1,1,1,56,1,0,1,0
2150,0,1,0,71,1,1,1,90,0,1,0,0
2151,0,0,1,3,0,1,0,40,0,0,0,1
2152,0,0,0,63,1,1,0,24,0,1,0,0
2153,0,0,0,25,1,0,1,75,0,1,0,0
2154,1,0,1,62,1,0,0,24,0,0,0,1
2155,0,0,0,55,1,1,1,95,0,1,0,0
2156,1,0,1,52,1,0,1,79,0,1,0,0
2157,0,0,1,16,1,1,1,81,1,0,1,0
2158,0,0,1,29,1,1,0,88,0,0,0,1
2159,0,0,0,2,0,1,0,35,1,0,0,1
2160,1,0,0,8,1,0,0,71,0,0,0,1
2161,0,0,0,5,1,0,1,85,0,1,0,0
2162,1,0,0,9,1,1,1,20,0,1,0,0
2163,0,1,0,32,1,1,1,74,1,1,0,0
2164,1,0,1,72,1,0,1,84,0,0,0,1
2165,1,0,1,7,0,0,0,50,0,0,1,0
2166,1,1,0,18,1,1,1,58,0,0,1,0
2167,0,0,0,48,1,1,1,105,0,1,0,0
2168,0,1,0,71,1,1,1,96,0,1,0,0
2169,1,0,0,1,1,0,0,70,1,0,0,1
2170,1,0,0,69,1,0,0,105,0,0,1,0
2171,1,0,0,60,1,0,0,20,0,1,0,0
2172,1,1,0,1,0,0,0,25,1,1,0,0
2173,1,0,0,1,1,0,1,49,0,1,0,0
2174,1,0,0,38,1,0,0,92,0,0,1,0
2175,0,0,0,4,1,0,1,20,0,1,0,0
2176,1,0,0,31,1,0,0,99,0,0,0,1
2177,0,1,0,14,1,1,1,79,0,0,0,1
2178,0,1,0,71,1,0,0,110,0,0,0,1
2179,1,0,0,2,1,0,0,81,1,0,1,0
2180,1,0,1,64,1,0,1,93,0,0,0,1
2181,0,0,0,9,1,1,0,81,0,0,1,0
2182,0,0,0,56,1,1,1,106,0,0,0,1
2183,0,0,0,11,1,0,0,94,0,1,0,0
2184,1,0,1,72,1,1,1,19,0,1,0,0
2185,0,0,0,1,1,1,0,20,0,1,0,0
2186,1,0,0,60,1,0,0,109,0,0,0,1
2187,1,1,0,33,0,1,1,50,0,0,0,1
2188,1,0,1,72,1,0,0,20,0,1,0,0
2189,0,0,0,26,1,1,0,87,0,0,0,1
2190,0,0,0,3,1,1,0,86,1,0,0,1
2191,0,0,1,22,0,0,1,39,0,1,0,0
2192,0,1,0,22,1,0,0,64,0,0,0,1
2193,0,0,0,1,1,0,0,54,1,0,1,0
2194,1,0,1,27,1,0,1,55,0,1,0,0
2195,0,0,0,1,1,1,0,70,1,0,1,0
2196,0,0,0,41,1,0,0,106,1,1,0,0
2197,0,1,0,14,1,1,0,74,1,1,0,0
2198,1,0,0,7,1,1,0,69,1,0,1,0
2199,0,0,0,32,1,1,0,54,0,0,0,1
2200,1,0,1,41,1,0,0,68,0,0,1,0
2201,0,1,1,4,1,0,0,46,1,0,1,0
2202,1,0,0,56,1,0,1,26,0,1,0,0
2203,0,1,0,33,1,1,1,110,1,0,1,0
2204,1,1,0,2,1,1,1,66,1,0,1,0
2205,1,0,0,28,1,0,1,106,1,0,1,0
2206,0,0,1,1,1,1,1,54,0,1,0,0
2207,1,0,1,1,1,0,1,19,0,1,0,0
2208,0,0,0,2,1,1,1,70,1,1,0,0
2209,1,1,0,4,1,0,0,74,1,1,0,0
2210,1,0,0,34,1,1,1,105,0,0,0,1
2211,0,0,0,64,1,1,1,58,0,0,1,0
2212,1,0,0,7,1,0,0,19,0,0,1,0
2213,1,0,1,51,1,1,0,84,0,0,0,1
2214,1,0,0,21,1,0,1,20,0,1,0,0
2215,0,0,0,21,1,0,0,71,0,0,0,1
2216,1,1,0,57,1,1,1,91,0,1,0,0
2217,1,0,0,6,1,1,0,76,1,0,0,1
2218,0,0,0,8,1,0,0,49,0,0,0,1
2219,1,0,1,18,0,0,1,26,0,1,0,0
2220,1,1,0,7,1,0,0,70,1,0,0,1
2221,1,0,0,35,1,0,0,60,0,0,0,1
2222,0,0,0,32,1,1,1,75,0,1,0,0
2223,0,0,0,30,1,1,1,100,0,1,0,0
2224,1,0,1,26,1,0,1,50,0,1,0,0
2225,1,0,0,38,1,0,0,95,0,0,1,0
2226,0,1,0,41,1,0,0,113,1,0,0,1
2227,1,0,1,34,0,0,0,45,0,0,1,0
2228,1,1,0,55,1,1,1,60,0,0,0,1
2229,0,1,0,57,1,0,1,94,0,1,0,0
2230,0,1,0,66,1,0,0,105,0,0,0,1
2231,1,0,0,43,1,0,1,86,0,1,0,0
2232,0,0,1,32,1,0,0,76,0,0,0,1
2233,1,0,0,1,1,0,0,20,0,1,0,0
2234,0,0,0,40,1,1,0,81,0,0,0,1
2235,0,0,0,41,1,1,0,98,0,0,1,0
2236,1,1,0,30,1,0,1,90,0,1,0,0
2237,0,0,0,3,1,0,0,80,1,0,1,0
2238,0,0,1,54,1,0,1,104,0,1,0,0
2239,1,0,0,9,1,0,0,95,1,0,0,1
2240,1,1,0,7,1,1,0,75,0,0,0,1
2241,1,0,0,58,1,1,0,100,0,0,0,1
2242,1,0,0,52,1,1,0,89,0,0,1,0
2243,1,0,1,26,0,1,1,40,0,1,0,0
2244,0,0,0,34,1,1,0,20,0,0,1,0
2245,1,0,0,53,1,1,1,81,0,0,0,1
2246,1,0,0,15,1,1,1,88,0,1,0,0
2247,1,0,1,1,1,0,0,19,1,0,0,1
2248,0,0,0,5,1,1,0,56,0,1,0,0
2249,0,0,1,34,1,0,0,105,0,1,0,0
2250,0,0,0,32,1,0,0,101,0,0,1,0
2251,0,0,1,41,0,0,0,35,0,1,0,0
2252,0,0,0,25,0,0,0,54,0,0,1,0
2253,1,0,1,17,1,0,0,62,0,0,0,1
2254,0,0,0,17,1,1,1,25,0,0,0,1
2255,0,0,0,70,1,0,0,85,0,1,0,0
2256,1,0,1,43,1,0,0,19,0,0,1,0
2257,1,0,1,71,1,1,0,24,0,0,1,0
2258,1,1,0,2,0,0,0,24,1,0,1,0
2259,1,0,0,49,1,0,0,75,0,0,0,1
2260,0,1,0,72,1,0,1,105,0,1,0,0
2261,1,0,0,26,1,1,0,84,0,1,0,0
2262,0,0,0,18,1,0,1,20,0,1,0,0
2263,1,0,1,1,1,0,1,93,1,1,0,0
2264,1,0,0,9,0,1,1,24,1,0,0,1
2265,1,0,0,28,1,1,1,77,0,1,0,0
2266,0,0,1,60,1,0,1,19,0,0,1,0
2267,1,0,0,23,1,1,1,21,0,0,0,1
2268,0,0,0,15,1,0,0,80,1,0,0,1
2269,0,0,0,29,1,0,1,67,0,1,0,0
2270,0,0,1,56,1,0,1,20,0,1,0,0
2271,0,0,0,11,1,0,1,55,0,1,0,0
2272,1,0,0,27,1,0,0,69,0,1,0,0
2273,1,0,0,1,1,0,0,70,1,0,1,0
2274,0,0,0,66,1,0,1,91,0,1,0,0
2275,0,1,0,2,1,1,1,57,0,1,0,0
2276,0,0,1,19,1,1,1,20,0,1,0,0
2277,1,0,1,62,1,1,1,95,0,1,0,0
2278,0,0,0,51,1,0,0,79,0,1,0,0
2279,0,0,0,72,1,1,0,94,0,0,0,1
2280,1,0,0,10,1,1,1,90,1,1,0,0
2281,0,0,0,37,1,1,0,68,0,1,0,0
2282,0,0,1,35,1,1,1,50,0,1,0,0
2283,0,0,0,10,1,0,1,61,0,1,0,0
2284,1,0,0,1,1,0,0,20,1,1,0,0
2285,0,0,1,26,1,1,1,20,0,1,0,0
2286,1,0,0,72,1,0,0,82,0,1,0,0
2287,0,1,0,38,1,1,1,100,1,0,0,1
2288,0,0,0,18,1,0,1,100,1,1,0,0
2289,1,0,0,56,1,1,1,53,0,0,0,1
2290,0,0,0,36,1,0,0,54,0,1,0,0
2291,1,0,1,22,1,1,1,89,0,1,0,0
2292,1,0,1,65,1,1,0,104,0,0,0,1
2293,1,0,0,27,1,1,0,54,0,0,0,1
2294,0,0,0,29,1,1,1,74,0,1,0,0
2295,1,1,0,10,1,0,0,95,1,1,0,0
2296,0,1,0,50,1,0,0,105,0,1,0,0
2297,1,0,0,9,1,1,1,86,0,0,1,0
2298,1,0,1,23,1,1,1,24,0,0,0,1
2299,1,0,1,24,1,0,0,55,1,0,0,1
2300,1,0,0,1,1,1,1,56,0,0,1,0
2301,1,0,0,20,1,1,1,64,0,1,0,0
2302,1,0,0,58,1,1,0,60,1,0,0,1
2303,0,0,0,47,1,0,0,20,0,1,0,0
2304,1,1,0,72,1,0,1,93,0,0,1,0
2305,1,0,0,14,1,1,1,50,0,1,0,0
2306,0,0,1,62,1,0,1,55,0,1,0,0
2307,0,1,0,37,1,0,0,76,1,0,1,0
2308,1,0,0,29,0,0,1,34,0,0,1,0
2309,0,0,0,62,1,1,1,19,0,0,0,1
2310,0,0,1,46,1,0,0,100,0,0,0,1
2311,1,0,0,2,1,0,1,94,1,1,0,0
2312,0,0,0,50,1,0,0,96,0,0,1,0
2313,1,0,0,24,1,1,1,105,1,0,1,0
2314,1,1,0,55,1,1,0,114,0,0,0,1
2315,0,0,0,64,1,1,0,115,0,0,1,0
2316,0,0,0,4,1,0,0,89,1,1,0,0
2317,0,0,0,6,0,1,0,29,0,0,0,1
2318,1,1,0,1,1,1,1,76,1,0,0,1
2319,1,0,1,37,1,0,1,63,0,1,0,0
2320,1,1,0,71,1,1,0,25,0,0,0,1
2321,1,0,1,29,0,1,1,55,0,1,0,0
2322,1,0,0,7,1,0,0,89,1,0,0,1
2323,1,0,0,32,1,1,1,99,0,1,0,0
2324,0,0,0,59,1,1,1,95,0,1,0,0
2325,1,0,1,40,1,0,0,75,0,1,0,0
2326,1,0,0,10,0,1,1,30,1,0,1,0
2327,0,0,0,27,1,0,1,19,0,1,0,0
2328,0,0,0,7,1,1,1,86,1,1,0,0
2329,1,0,1,65,1,1,1,25,0,0,1,0
2330,0,0,0,10,1,1,0,81,1,1,0,0
2331,0,0,1,23,1,1,0,84,0,0,1,0
2332,0,0,1,47,1,0,0,85,0,0,1,0
2333,1,0,0,11,1,1,0,55,0,1,0,0
2334,1,0,0,12,0,1,1,34,0,1,0,0
2335,1,0,1,30,0,0,0,44,0,1,0,0
2336,0,0,0,1,1,0,1,76,1,1,0,0
2337,0,0,0,57,1,1,1,109,0,0,1,0
2338,1,1,0,11,1,0,0,70,0,0,0,1
2339,0,0,0,9,1,1,1,20,0,1,0,0
2340,0,0,0,4,1,0,0,70,1,0,1,0
2341,1,0,0,13,1,1,1,74,0,0,0,1
2342,0,0,0,35,1,1,1,21,0,1,0,0
2343,1,0,0,67,0,0,0,51,0,1,0,0
2344,1,0,1,51,1,0,0,48,0,0,0,1
2345,1,0,0,1,1,0,0,51,1,1,0,0
2346,0,0,1,71,1,1,1,100,0,0,0,1
2347,1,1,0,29,1,1,0,79,0,0,1,0
2348,0,0,0,33,1,0,0,104,1,1,0,0
2349,0,0,1,11,0,1,1,36,0,0,0,1
2350,1,0,1,13,1,1,1,78,0,1,0,0
2351,1,0,1,42,1,0,0,19,0,0,0,1
2352,0,0,0,8,0,0,0,29,0,1,0,0
2353,1,0,0,1,1,0,1,44,1,1,0,0
2354,1,0,0,72,1,0,0,108,0,0,0,1
2355,1,0,1,47,1,0,0,87,0,0,0,1
2356,1,0,1,30,1,0,0,85,0,1,0,0
2357,1,0,0,51,1,1,0,112,0,0,1,0
2358,0,0,0,16,1,0,0,95,0,0,1,0
2359,0,0,0,34,1,1,0,100,0,1,0,0
2360,1,0,0,8,1,0,0,87,1,0,0,1
2361,0,0,0,72,1,0,0,25,0,1,0,0
2362,1,1,0,60,1,0,0,72,0,1,0,0
2363,1,0,0,72,1,0,0,116,0,1,0,0
2364,1,0,1,12,1,1,1,20,0,1,0,0
2365,0,0,1,65,1,1,1,82,0,1,0,0
2366,1,0,1,32,1,0,1,19,0,1,0,0
2367,0,0,1,67,1,0,1,94,1,1,0,0
2368,1,0,0,45,1,1,1,79,0,0,0,1
2369,0,0,1,60,0,1,1,60,0,0,0,1
2370,0,0,0,1,1,1,1,55,0,0,0,1
2371,0,0,0,58,1,1,0,65,0,1,0,0
2372,0,0,0,9,1,1,0,95,1,0,0,1
2373,0,0,0,1,1,0,0,74,0,0,1,0
2374,1,0,1,8,1,0,0,24,0,1,0,0
2375,1,0,0,2,1,0,1,45,1,0,0,1
2376,0,0,1,47,1,0,0,20,0,0,1,0
2377,0,1,0,1,1,0,0,74,1,1,0,0
2378,0,0,0,1,0,0,1,26,0,1,0,0
2379,0,0,0,10,1,1,1,101,1,1,0,0
2380,1,0,0,29,0,1,1,25,0,1,0,0
2381,0,0,1,58,1,0,0,76,0,0,1,0
2382,1,0,0,14,1,0,0,19,0,0,1,0
2383,1,0,0,7,1,0,0,21,0,1,0,0
2384,0,0,1,5,1,1,1,84,1,1,0,0
2385,0,0,1,18,1,0,0,20,1,1,0,0
2386,1,0,1,25,1,0,0,20,0,1,0,0
2387,0,0,0,46,1,1,1,64,0,1,0,0
2388,1,0,0,1,1,0,0,51,1,1,0,0
2389,0,0,0,1,1,1,0,48,0,0,1,0
2390,0,0,0,68,1,0,0,85,0,0,1,0
2391,1,0,0,18,1,1,0,44,0,1,0,0
2392,0,0,0,8,1,1,1,80,0,1,0,0
2393,1,0,0,64,1,1,1,20,0,0,1,0
2394,0,1,0,4,1,1,1,89,1,0,1,0
2395,0,0,0,63,1,1,1,80,0,0,1,0
2396,1,0,1,54,1,1,1,106,0,0,1,0
2397,1,0,0,54,1,0,1,75,0,1,0,0
2398,1,0,1,72,1,0,0,70,0,1,0,0
2399,1,1,0,4,0,0,0,51,0,1,0,0
2400,0,0,0,72,1,0,1,91,0,1,0,0
2401,0,1,0,60,0,0,0,49,0,1,0,0
2402,1,0,1,20,1,0,0,90,1,1,0,0
2403,0,1,0,35,1,0,0,71,0,0,1,0
2404,0,0,0,2,1,1,1,49,1,0,1,0
2405,0,0,0,26,0,0,1,50,0,1,0,0
2406,1,0,0,14,1,0,1,83,0,1,0,0
2407,1,1,0,1,1,0,1,75,1,1,0,0
2408,0,0,1,53,1,0,0,20,0,0,0,1
2409,1,0,0,1,1,0,0,19,0,0,1,0
2410,1,0,0,58,1,1,1,20,0,1,0,0
2411,0,0,1,5,1,1,0,51,0,0,0,1
2412,0,0,0,53,1,0,0,106,0,0,1,0
2413,0,0,0,4,1,0,0,20,0,0,0,1
2414,1,0,0,49,1,0,0,99,0,0,1,0
2415,1,0,1,2,1,1,1,90,1,1,0,0
2416,1,0,0,2,1,1,1,68,1,0,1,0
2417,0,0,0,3,1,0,0,75,1,1,0,0
2418,1,0,0,7,1,1,1,94,1,1,0,0
2419,1,0,0,14,1,0,0,45,0,0,1,0
2420,1,0,0,18,1,0,0,99,1,1,0,0
2421,1,0,0,27,1,0,0,81,0,1,0,0
2422,0,0,1,66,1,0,1,60,0,1,0,0
2423,0,0,0,43,1,0,0,86,0,0,1,0
2424,1,0,0,69,1,1,1,113,0,0,0,1
2425,1,0,0,71,1,0,0,93,0,1,0,0
2426,0,1,0,50,1,0,0,83,0,1,0,0
2427,1,0,0,51,1,0,0,19,0,1,0,0
2428,1,0,0,27,1,1,1,81,0,1,0,0
2429,1,0,1,70,1,0,1,20,0,0,1,0
2430,0,1,0,2,1,0,0,80,1,0,0,1
2431,0,0,0,6,1,0,0,50,1,1,0,0
2432,0,0,0,59,1,1,0,101,1,0,1,0
2433,1,1,0,10,1,0,0,92,1,0,1,0
2434,1,1,0,29,1,0,0,98,1,1,0,0
2435,1,0,0,5,1,0,0,20,0,1,0,0
2436,0,1,0,21,1,0,1,94,1,1,0,0
2437,0,0,0,62,1,0,0,104,0,1,0,0
2438,1,0,1,36,1,1,1,19,0,1,0,0
2439,1,0,0,3,1,0,0,20,1,0,1,0
2440,0,0,0,69,1,0,0,116,0,1,0,0
2441,0,0,0,2,0,0,1,31,1,1,0,0
2442,0,0,0,8,1,1,1,85,1,1,0,0
2443,0,1,0,3,0,1,1,31,0,0,0,1
2444,1,0,0,1,1,1,1,46,1,1,0,0
2445,0,0,0,12,1,0,1,99,1,1,0,0
2446,1,0,0,18,1,1,1,76,0,1,0,0
2447,0,0,0,20,0,0,1,25,0,1,0,0
2448,1,0,0,22,1,1,1,59,1,1,0,0
2449,0,0,1,5,1,0,0,46,1,1,0,0
2450,0,0,0,24,1,1,1,25,0,0,0,1
2451,1,0,1,64,1,1,1,69,0,0,1,0
2452,1,0,0,26,1,1,1,99,0,1,0,0
2453,1,1,0,68,1,1,1,105,1,1,0,0
2454,0,0,0,60,1,1,0,21,0,0,0,1
2455,1,0,1,25,1,0,1,55,0,1,0,0
2456,0,0,0,51,1,1,0,26,0,0,0,1
2457,0,0,0,7,1,0,1,81,0,0,1,0
2458,1,0,1,39,1,1,1,19,0,0,0,1
2459,0,0,1,72,1,0,0,80,0,1,0,0
2460,0,0,0,27,1,0,0,95,0,0,0,1
2461,1,0,1,56,1,0,0,86,0,0,1,0
2462,0,0,0,57,1,0,0,20,0,1,0,0
2463,1,0,0,17,1,1,1,107,0,1,0,0
2464,0,0,0,1,1,1,1,56,1,1,0,0
2465,1,0,1,35,1,0,0,20,0,1,0,0
2466,1,0,1,13,1,0,0,73,0,0,0,1
2467,0,0,1,69,1,1,1,20,0,0,1,0
2468,0,0,1,1,1,0,0,19,0,1,0,0
2469,1,0,0,7,1,0,0,75,1,0,1,0
2470,0,1,0,72,1,1,0,117,0,0,0,1
2471,1,0,0,3,1,1,1,99,1,1,0,0
2472,1,0,0,53,1,1,0,61,0,0,0,1
2473,1,0,1,38,1,0,0,82,0,1,0,0
2474,0,0,0,4,1,1,1,80,0,1,0,0
2475,0,0,0,62,1,0,1,84,0,0,0,1
2476,1,0,0,1,1,0,0,49,0,0,0,1
2477,0,0,0,46,1,0,1,84,0,1,0,0
2478,1,0,0,19,1,0,0,60,0,1,0,0
2479,0,0,0,72,1,1,0,91,0,0,0,1
2480,1,0,1,38,1,1,1,25,0,1,0,0
2481,1,0,0,71,1,1,0,106,0,0,0,1
2482,0,0,0,16,1,0,0,100,1,1,0,0
2483,0,1,0,66,1,1,1,106,1,1,0,0
2484,0,1,0,11,1,0,0,95,1,1,0,0
2485,1,0,1,66,1,1,1,84,0,1,0,0
2486,1,0,0,28,1,1,1,91,0,0,1,0
2487,0,0,0,1,0,0,0,35,1,1,0,0
2488,0,0,1,72,1,0,0,110,0,1,0,0
2489,0,0,1,18,1,1,0,19,0,0,1,0
2490,0,0,0,49,1,1,1,19,0,0,0,1
2491,0,1,0,41,1,0,0,104,0,1,0,0
2492,1,0,1,1,1,0,0,70,1,1,0,0
2493,1,1,0,27,1,1,1,76,1,1,0,0
2494,1,0,0,5,1,1,1,21,0,1,0,0
2495,1,0,0,43,0,0,0,35,0,0,1,0
2496,1,0,1,47,1,0,0,55,0,0,0,1
2497,0,0,0,1,1,0,0,50,0,1,0,0
2498,0,0,0,15,1,0,0,59,1,1,0,0
2499,0,0,1,7,1,0,0,71,0,0,1,0
2500,1,0,0,14,1,0,0,20,0,0,1,0
2501,0,0,0,43,1,0,0,80,0,0,0,1
2502,1,0,0,29,1,1,0,84,1,0,1,0
2503,0,0,0,46,1,0,0,24,0,0,1,0
2504,0,0,0,24,1,0,1,49,0,1,0,0
2505,1,0,1,51,0,0,0,59,1,0,1,0
2506,1,0,1,70,0,1,0,60,0,0,0,1
2507,0,0,0,12,1,1,0,46,0,0,0,1
2508,1,0,0,3,1,1,1,20,0,0,0,1
2509,0,1,0,9,1,1,0,84,1,0,0,1
2510,0,0,0,15,1,1,1,84,0,1,0,0
2511,0,0,1,72,1,0,1,24,0,0,1,0
2512,0,0,1,4,1,0,0,20,0,0,1,0
2513,0,0,0,72,1,0,0,104,0,0,0,1
2514,1,0,0,10,1,1,1,20,0,1,0,0
2515,0,1,0,5,0,1,1,28,1,0,0,1
2516,1,0,0,8,1,1,1,86,0,1,0,0
2517,0,1,0,26,1,0,1,91,1,1,0,0
2518,0,0,0,68,1,1,1,71,0,1,0,0
2519,1,0,1,2,1,1,1,20,0,1,0,0
2520,1,1,0,8,1,0,0,74,1,0,0,1
2521,0,0,0,3,1,1,1,20,0,1,0,0
2522,1,0,0,13,1,1,0,98,1,0,1,0
2523,1,1,0,34,1,0,0,69,0,0,0,1
2524,0,0,1,72,0,0,0,66,0,0,0,1
2525,1,0,0,21,0,1,1,44,0,0,0,1
2526,0,0,1,40,1,0,0,85,1,1,0,0
2527,1,0,0,16,0,1,1,55,0,1,0,0
2528,0,0,0,26,1,0,1,56,0,1,0,0
2529,1,0,0,49,1,0,0,99,1,0,1,0
2530,1,0,0,46,1,0,1,19,0,1,0,0
2531,1,0,1,11,1,1,0,80,1,0,0,1
2532,1,0,0,72,1,0,1,84,0,0,1,0
2533,1,0,0,47,1,0,0,20,0,0,0,1
2534,1,0,1,1,1,1,1,19,1,0,1,0
2535,0,1,0,59,1,1,0,90,0,0,0,1
2536,0,0,0,71,1,1,0,88,0,0,1,0
2537,0,0,1,25,1,1,1,20,0,0,0,1
2538,1,0,1,72,1,0,0,108,0,0,0,1
2539,1,0,0,2,1,1,0,20,0,0,0,1
2540,0,0,0,35,1,1,1,62,0,0,0,1
2541,1,0,1,71,1,0,0,105,0,0,0,1
2542,0,1,0,15,1,0,0,95,0,0,1,0
2543,0,0,0,2,1,1,1,20,0,1,0,0
2544,0,0,0,26,1,1,0,79,0,0,1,0
2545,0,1,1,3,1,0,0,88,1,0,1,0
2546,1,1,0,49,1,0,0,50,0,1,0,0
2547,1,0,1,27,1,0,0,76,0,0,0,1
2548,1,0,0,3,1,0,1,50,0,1,0,0
2549,0,0,1,45,0,0,0,51,0,1,0,0
2550,1,0,0,37,1,0,0,104,0,0,0,1
2551,0,0,1,72,1,0,0,117,0,1,0,0
2552,0,0,0,62,1,1,0,92,0,0,1,0
2553,0,0,1,54,1,0,0,60,0,1,0,0
2554,1,0,1,15,1,0,0,102,0,1,0,0
2555,1,0,0,1,1,0,0,20,1,1,0,0
2556,0,1,0,1,0,1,1,25,1,1,0,0
2557,1,0,0,72,0,0,0,61,0,1,0,0
2558,0,0,0,30,1,0,0,79,0,0,1,0
2559,0,0,0,40,1,1,1,79,0,0,0,1
2560,0,0,1,71,1,1,1,71,0,1,0,0
2561,1,0,0,18,0,1,1,34,1,0,0,1
2562,1,0,0,17,0,0,0,25,0,0,0,1
2563,0,0,0,40,1,1,1,20,0,1,0,0
2564,0,1,0,72,1,1,0,111,0,0,1,0
2565,1,0,0,2,1,1,0,20,0,0,0,1
2566,1,0,0,53,1,1,0,24,0,0,0,1
2567,1,0,0,71,1,1,1,116,0,1,0,0
2568,0,0,0,20,1,0,0,97,0,0,0,1
2569,1,0,0,7,1,1,0,55,0,0,0,1
2570,0,0,0,15,1,1,1,84,0,1,0,0
2571,0,0,1,72,1,0,1,24,0,0,0,1
2572,1,0,1,39,1,1,0,24,0,0,0,1
2573,0,0,0,45,1,0,0,26,0,1,0,0
2574,0,0,0,5,1,1,1,84,0,1,0,0
2575,0,0,0,47,0,0,0,40,0,1,0,0
2576,1,0,0,4,1,0,1,20,0,1,0,0
2577,1,0,0,47,1,1,1,101,0,1,0,0
2578,1,0,1,33,1,0,1,95,0,1,0,0
2579,0,0,1,15,1,0,0,25,0,0,0,1
2580,1,0,0,66,1,1,1,89,0,1,0,0
2581,0,0,0,6,1,0,0,90,1,1,0,0
2582,0,0,0,17,1,1,1,20,0,1,0,0
2583,0,0,1,41,1,0,0,95,0,0,0,1
2584,0,0,1,56,1,0,0,100,0,1,0,0
2585,0,0,0,28,1,0,0,55,0,0,0,1
2586,0,0,1,72,0,0,0,54,0,1,0,0
2587,1,0,0,1,1,0,0,50,0,0,1,0
2588,0,0,0,56,1,0,0,107,0,1,0,0
2589,1,0,0,70,1,1,1,79,0,1,0,0
2590,1,0,0,44,1,0,1,91,0,1,0,0
2591,1,0,0,2,1,1,1,44,1,1,0,0
2592,1,0,1,58,1,0,0,72,0,1,0,0
2593,0,0,0,48,1,0,0,83,0,0,0,1
2594,1,0,0,11,1,1,1,85,0,0,0,1
2595,1,0,0,72,1,1,0,116,0,0,0,1
2596,1,0,0,72,0,0,0,42,0,0,1,0
2597,0,0,0,26,1,1,1,86,0,0,1,0
2598,1,0,0,52,0,0,1,40,0,1,0,0
2599,0,0,1,52,1,0,0,20,0,0,0,1
2600,1,0,0,27,1,0,1,53,0,1,0,0
2601,1,0,0,1,1,1,1,79,1,0,0,1
2602,1,0,0,45,1,1,1,81,0,0,1,0
2603,0,0,0,61,1,1,1,89,0,0,0,1
2604,0,0,0,2,1,1,1,80,0,1,0,0
2605,0,0,1,11,1,0,0,66,1,0,0,1
2606,0,0,0,21,1,1,1,60,0,1,0,0
2607,0,1,0,1,1,0,1,71,1,1,0,0
2608,0,1,0,6,1,0,0,98,1,1,0,0
2609,1,0,0,71,1,1,1,74,0,1,0,0
2610,0,0,1,72,1,0,0,71,0,1,0,0
2611,1,1,0,67,1,0,1,61,0,1,0,0
2612,0,0,1,21,1,1,0,59,0,1,0,0
2613,1,0,0,72,1,1,1,20,0,1,0,0
2614,1,0,1,33,1,1,1,20,0,0,1,0
2615,0,0,0,3,1,1,0,95,1,0,0,1
2616,1,0,0,31,1,0,0,94,1,1,0,0
2617,1,1,0,55,0,0,0,50,0,1,0,0
2618,1,0,1,1,1,0,0,74,1,0,1,0
2619,0,0,0,10,1,1,1,19,0,1,0,0
2620,1,0,0,1,1,0,0,20,0,1,0,0
2621,1,1,0,14,1,0,0,96,0,0,0,1
2622,0,0,1,66,1,1,0,74,0,0,1,0
2623,0,0,1,72,1,1,1,106,0,1,0,0
2624,0,0,1,11,0,1,0,30,0,1,0,0
2625,1,0,0,32,1,1,1,93,0,1,0,0
2626,1,1,0,7,1,0,0,102,1,0,1,0
2627,1,0,1,31,0,1,0,60,0,0,0,1
2628,0,0,0,61,0,0,1,44,0,1,0,0
2629,0,1,0,1,1,0,1,70,1,1,0,0
2630,0,1,0,71,1,1,1,104,0,0,0,1
2631,1,0,0,1,1,1,1,71,1,1,0,0
2632,1,0,0,3,1,0,0,91,0,0,0,1
2633,1,0,0,4,1,1,1,78,1,0,1,0
2634,1,1,0,27,1,0,1,86,0,1,0,0
2635,0,0,0,3,1,1,0,95,0,0,0,1
2636,1,0,0,1,1,1,1,20,0,0,0,1
2637,1,0,1,72,1,0,0,90,0,0,0,1
2638,0,0,1,61,0,0,1,51,0,0,1,0
2639,1,0,1,68,1,1,0,110,0,1,0,0
2640,0,0,0,2,1,0,1,21,0,1,0,0
2641,0,0,0,9,1,0,0,20,0,1,0,0
2642,1,0,0,31,1,0,1,20,0,1,0,0
2643,0,0,0,3,1,1,1,74,1,1,0,0
2644,1,0,1,35,1,0,0,110,0,1,0,0
2645,0,0,0,15,1,0,0,20,0,1,0,0
2646,0,1,0,1,1,0,0,89,1,0,0,1
2647,1,0,0,42,1,0,0,106,1,1,0,0
2648,0,0,0,1,1,1,0,45,1,1,0,0
2649,0,0,1,71,1,1,0,96,0,0,0,1
2650,0,0,1,50,1,1,1,20,0,1,0,0
2651,0,0,1,55,1,0,1,26,0,1,0,0
2652,0,0,0,47,1,0,0,74,0,1,0,0
2653,1,0,0,27,1,0,0,20,0,0,0,1
2654,0,0,0,25,1,0,1,20,0,1,0,0
2655,0,0,0,36,1,1,1,99,1,1,0,0
2656,1,0,1,9,1,0,0,90,0,0,1,0
2657,0,1,0,45,1,1,0,102,0,1,0,0
2658,1,0,0,63,1,0,0,80,0,0,0,1
2659,0,0,1,8,1,1,0,69,0,0,0,1
2660,1,0,0,72,0,0,0,66,0,1,0,0
2661,1,0,1,17,1,0,0,81,1,0,0,1
2662,0,1,0,51,1,0,0,78,1,1,0,0
2663,0,0,0,8,1,1,1,21,0,0,1,0
2664,0,0,0,3,1,1,1,20,1,0,1,0
2665,0,0,1,71,1,0,1,24,0,0,1,0
2666,1,1,0,65,1,0,0,93,0,0,0,1
2667,1,0,1,72,1,1,1,108,0,0,0,1
2668,1,0,1,72,0,0,0,65,0,1,0,0
2669,1,0,0,69,1,1,1,110,0,1,0,0
2670,1,0,0,62,0,1,1,44,0,0,1,0
2671,0,1,0,54,1,1,1,116,0,1,0,0
2672,0,0,1,3,1,0,0,19,0,0,1,0
2673,1,0,0,23,1,1,1,60,0,1,0,0
2674,1,0,0,35,1,0,0,21,0,1,0,0
2675,0,0,0,52,1,0,0,50,0,0,0,1
2676,0,0,0,2,1,0,0,91,0,0,1,0
2677,1,0,1,64,1,0,1,20,0,1,0,0
2678,1,0,0,1,0,0,0,24,0,0,1,0
2679,1,0,1,60,1,1,1,74,0,1,0,0
2680,1,0,0,3,0,0,0,35,1,0,0,1
2681,0,0,0,72,1,0,0,105,0,0,0,1
2682,1,0,0,3,1,1,0,86,0,1,0,0
2683,0,0,0,34,1,1,1,25,0,1,0,0
2684,1,0,0,43,1,1,1,75,0,0,1,0
2685,0,1,0,66,1,1,1,103,0,0,0,1
2686,1,0,1,10,1,1,1,25,0,1,0,0
2687,1,0,0,35,1,0,1,102,1,1,0,0
2688,0,0,0,1,1,1,1,20,0,1,0,0
2689,1,0,0,29,1,1,1,49,0,0,0,1
2690,0,0,1,50,1,0,1,70,0,1,0,0
2691,0,0,0,1,1,0,0,75,1,0,1,0
2692,1,0,0,23,1,0,0,65,0,1,0,0
2693,1,0,1,13,1,0,0,74,1,0,0,1
2694,0,0,0,68,1,0,0,54,0,1,0,0
2695,0,0,0,15,1,1,0,20,0,0,1,0
2696,1,0,0,44,1,0,0,71,0,0,0,1
2697,0,0,0,40,1,1,0,84,0,0,0,1
2698,0,0,0,48,1,0,0,24,0,1,0,0
2699,1,0,0,1,1,1,1,76,0,1,0,0
2700,0,0,0,53,0,0,0,54,0,1,0,0
2701,0,0,0,19,1,0,0,45,0,0,1,0
2702,0,0,0,1,1,0,0,44,0,1,0,0
2703,1,0,0,39,1,1,0,82,0,1,0,0
2704,1,0,1,43,1,0,0,104,0,0,1,0
2705,0,0,1,4,1,1,0,87,1,0,0,1
2706,1,0,0,71,1,0,1,81,0,1,0,0
2707,0,0,0,47,1,0,1,85,1,1,0,0
2708,1,0,1,29,1,1,1,71,1,1,0,0
2709,0,0,0,58,0,0,0,45,0,1,0,0
2710,0,0,0,15,1,0,0,49,1,0,1,0
2711,0,0,0,72,1,0,1,84,0,0,1,0
2712,0,1,0,43,0,0,0,56,1,1,0,0
2713,0,1,0,25,1,0,0,98,1,1,0,0
2714,0,0,0,2,1,1,1,20,0,0,0,1
2715,0,0,0,5,1,1,0,44,0,1,0,0
2716,1,0,1,15,1,0,0,60,0,1,0,0
2717,1,0,1,11,1,1,0,20,0,0,0,1
2718,0,0,1,37,1,0,0,26,0,0,0,1
2719,0,0,0,11,1,0,0,101,1,0,0,1
2720,0,0,1,17,1,1,0,75,0,1,0,0
2721,0,1,0,62,1,0,1,98,0,1,0,0
2722,1,0,0,27,1,0,0,49,0,0,0,1
2723,0,0,0,25,1,0,0,20,0,1,0,0
2724,1,0,0,50,1,0,0,20,0,0,1,0
2725,1,0,1,69,1,0,0,99,1,1,0,0
2726,0,0,0,28,1,0,0,26,0,0,0,1
2727,1,0,1,35,1,1,1,20,0,1,0,0
2728,1,0,0,29,1,0,0,19,0,0,1,0
2729,1,1,0,65,1,1,1,103,0,1,0,0
2730,1,0,1,35,1,1,1,20,0,0,1,0
2731,1,0,1,51,1,1,1,20,0,1,0,0
2732,0,0,0,4,1,0,0,46,1,1,0,0
2733,1,0,1,65,1,0,0,84,0,1,0,0
2734,1,0,0,23,1,0,0,100,0,1,0,0
2735,1,1,1,38,1,1,1,80,0,1,0,0
2736,1,1,0,43,1,1,1,85,0,1,0,0
2737,0,0,1,12,1,1,1,25,0,0,1,0
2738,0,0,0,65,1,0,0,100,0,0,0,1
2739,0,1,1,14,1,1,1,96,0,0,1,0
2740,1,0,0,20,1,0,0,85,1,1,0,0
2741,0,0,1,56,1,0,1,61,0,1,0,0
2742,1,0,0,42,0,1,0,25,0,0,0,1
2743,1,0,0,11,1,0,1,73,0,0,0,1
2744,1,0,0,2,1,0,1,82,1,0,0,1
2745,0,0,1,3,1,1,1,20,0,1,0,0
2746,1,0,0,1,1,0,0,69,1,0,0,1
2747,1,0,0,11,1,0,0,20,0,1,0,0
2748,1,0,0,3,1,0,0,65,0,1,0,0
2749,0,0,0,1,1,1,0,20,0,0,1,0
2750,1,0,1,68,1,0,0,20,0,0,1,0
2751,1,0,1,53,1,0,0,20,0,1,0,0
2752,0,1,0,60,1,0,0,101,0,1,0,0
2753,0,0,0,66,1,1,1,89,0,1,0,0
2754,0,0,0,28,1,0,0,59,0,1,0,0
2755,0,1,0,5,1,0,0,70,0,1,0,0
2756,1,1,0,24,0,0,0,39,1,1,0,0
2757,0,0,1,45,1,1,1,54,1,0,1,0
2758,0,0,1,6,1,0,0,94,0,1,0,0
2759,1,1,0,64,1,0,0,80,0,1,0,0
2760,1,0,1,58,1,0,0,93,0,0,1,0
2761,0,1,0,5,1,0,0,83,1,1,0,0
2762,1,0,0,31,1,0,1,59,0,0,0,1
2763,0,0,0,35,1,0,1,100,1,1,0,0
2764,1,0,1,5,1,1,0,20,0,1,0,0
2765,1,0,0,16,1,0,1,70,0,1,0,0
2766,0,1,0,72,1,1,1,106,0,0,1,0
2767,0,0,1,60,1,1,1,94,0,1,0,0
2768,1,0,1,67,1,0,0,26,0,0,1,0
2769,0,0,1,72,1,0,0,90,0,1,0,0
2770,0,0,0,50,1,1,1,20,0,1,0,0
2771,1,0,0,10,1,0,0,24,0,1,0,0
2772,0,0,1,4,1,1,0,98,1,0,0,1
2773,0,1,0,4,1,0,0,75,1,1,0,0
2774,1,1,0,23,1,0,0,87,0,1,0,0
2775,1,1,0,6,1,1,0,80,0,0,1,0
2776,1,0,0,12,1,0,1,75,0,1,0,0
2777,0,0,0,10,1,0,0,21,0,1,0,0
2778,1,0,0,12,1,0,1,85,0,0,1,0
2779,1,0,1,22,1,1,1,68,1,1,0,0
2780,0,0,0,47,1,0,0,75,0,0,1,0
2781,0,0,0,24,1,0,0,99,1,1,0,0
2782,0,0,0,34,1,1,0,64,1,0,0,1
2783,1,1,0,9,1,1,1,21,0,1,0,0
2784,1,0,1,28,1,0,1,75,1,1,0,0
2785,0,0,1,69,1,1,1,64,0,0,0,1
2786,0,0,0,39,0,0,0,51,0,0,1,0
2787,0,1,0,27,1,1,0,110,0,0,0,1
2788,0,0,1,2,1,1,1,20,0,0,1,0
2789,0,0,0,1,1,1,1,19,0,1,0,0
2790,1,0,0,65,1,1,1,90,1,0,0,1
2791,0,0,0,28,1,0,0,54,0,0,0,1
2792,1,0,0,12,1,0,0,84,1,1,0,0
2793,0,1,0,1,1,1,1,70,1,1,0,0
2794,1,0,1,27,1,0,0,80,1,1,0,0
2795,1,0,1,66,1,1,1,25,0,1,0,0
2796,0,0,0,72,1,1,1,60,0,1,0,0
2797,1,1,1,58,1,1,1,90,0,1,0,0
2798,1,0,0,7,1,0,1,100,1,1,0,0
2799,0,0,1,17,1,0,0,94,1,0,1,0
2800,0,0,1,70,1,0,0,25,0,1,0,0
2801,1,0,0,1,1,1,1,46,0,0,1,0
2802,0,0,0,64,1,1,1,25,0,1,0,0
2803,0,0,0,55,1,0,0,78,0,0,0,1
2804,1,1,0,51,1,0,0,80,0,0,1,0
2805,0,0,0,5,1,0,0,85,1,0,0,1
2806,0,0,0,43,1,1,0,115,0,0,0,1
2807,1,1,0,53,1,0,0,102,1,0,1,0
2808,1,0,1,63,1,0,1,20,0,1,0,0
2809,1,0,0,27,1,0,0,20,0,1,0,0
2810,0,1,0,22,1,1,1,70,0,0,1,0
2811,1,1,0,6,1,0,0,85,1,0,0,1
2812,1,0,1,31,1,1,1,89,0,0,1,0
2813,1,0,1,64,1,1,0,81,0,0,0,1
2814,1,0,0,71,1,0,0,21,0,0,0,1
2815,1,0,0,68,0,0,1,54,0,1,0,0
2816,0,0,0,1,1,1,1,54,0,0,0,1
2817,1,1,0,64,1,0,0,104,0,0,0,1
2818,1,0,0,2,1,0,1,70,0,1,0,0
2819,1,0,1,1,1,0,0,44,0,1,0,0
2820,1,0,1,28,1,1,0,64,0,0,1,0
2821,1,0,0,2,1,1,1,20,0,1,0,0
2822,0,1,1,72,1,1,0,90,0,1,0,0
2823,1,0,0,28,1,0,0,91,0,0,0,1
2824,0,0,1,55,1,0,0,101,0,0,0,1
2825,0,0,0,65,1,1,0,71,0,1,0,0
2826,1,1,1,34,1,0,0,109,0,0,1,0
2827,1,1,0,53,1,0,0,60,1,1,0,0
2828,1,0,1,37,1,0,0,20,0,0,0,1
2829,0,0,1,15,1,0,1,86,1,1,0,0
2830,1,0,0,71,1,0,0,83,0,0,0,1
2831,1,0,0,7,1,1,1,74,0,1,0,0
2832,1,0,1,67,1,1,0,111,0,0,1,0
2833,1,0,0,52,1,0,0,96,0,0,0,1
2834,0,0,1,69,1,0,0,109,0,0,1,0
2835,1,0,1,24,1,1,0,75,0,0,1,0
2836,0,0,0,7,1,1,1,78,0,1,0,0
2837,1,0,1,39,1,0,0,25,0,1,0,0
2838,1,0,0,50,1,0,0,21,0,0,0,1
2839,1,0,0,71,1,0,0,99,0,0,0,1
2840,0,0,1,13,1,0,1,20,0,1,0,0
2841,0,0,0,1,1,0,0,19,0,1,0,0
2842,1,0,0,29,1,0,0,94,0,1,0,0
2843,0,1,0,27,1,0,0,84,0,0,0,1
2844,1,0,1,48,1,1,1,56,0,1,0,0
2845,1,0,0,6,1,0,1,91,1,1,0,0
2846,1,0,1,59,1,0,0,77,0,1,0,0
2847,1,1,0,30,1,1,1,106,0,1,0,0
2848,0,0,0,32,1,0,0,21,0,0,1,0
2849,1,0,0,3,1,0,0,92,0,1,0,0
2850,1,0,1,5,1,1,1,56,0,1,0,0
2851,0,0,1,70,1,1,0,89,0,0,0,1
2852,1,0,0,1,1,0,0,70,0,0,0,1
2853,0,0,1,54,1,1,1,91,0,0,1,0
2854,1,0,1,72,1,1,0,106,0,0,1,0
2855,1,0,1,66,1,0,0,66,0,0,0,1
2856,0,0,0,9,0,1,0,58,1,1,0,0
2857,0,0,1,41,1,0,0,78,0,0,0,1
2858,0,1,0,71,1,0,0,83,0,1,0,0
2859,1,0,0,72,1,1,0,111,0,0,0,1
2860,0,0,0,72,1,1,1,110,0,1,0,0
2861,1,1,0,12,1,0,1,84,1,1,0,0
2862,1,0,0,55,1,0,1,64,0,1,0,0
2863,1,0,0,72,1,0,0,104,0,1,0,0
2864,0,1,0,65,1,0,0,109,0,1,0,0
2865,0,0,1,6,1,1,1,80,1,0,0,1
2866,0,0,0,4,1,0,1,71,1,1,0,0
2867,1,0,0,62,1,0,0,102,1,0,1,0
2868,1,0,1,67,1,0,1,25,0,1,0,0
2869,1,0,0,8,1,0,1,94,1,1,0,0
2870,1,0,0,72,1,1,1,21,0,0,0,1
2871,0,1,0,66,0,1,1,46,0,1,0,0
2872,1,0,0,10,1,1,0,72,1,0,0,1
2873,0,1,0,43,1,1,1,110,1,1,0,0
2874,0,0,1,22,1,0,0,61,1,0,0,1
2875,1,0,0,12,1,1,1,81,0,1,0,0
2876,1,0,0,10,1,0,0,46,0,0,1,0
2877,1,0,0,27,1,1,1,49,0,1,0,0
2878,0,0,1,8,1,0,1,20,0,1,0,0
2879,0,0,1,12,1,1,1,20,0,1,0,0
2880,1,0,0,71,0,0,1,54,0,1,0,0
2881,1,0,1,50,1,0,0,106,1,0,1,0
2882,0,0,1,70,1,0,0,108,0,1,0,0
2883,1,0,1,7,1,1,0,45,0,0,0,1
2884,1,1,1,46,1,1,0,101,1,0,0,1
2885,0,0,1,6,1,1,1,49,0,0,0,1
2886,0,0,0,6,1,0,1,89,0,1,0,0
2887,0,0,0,47,1,0,0,27,0,1,0,0
2888,1,0,0,36,1,0,1,94,0,1,0,0
2889,1,0,0,8,1,0,0,95,1,0,1,0
2890,1,0,1,40,0,0,1,60,0,1,0,0
2891,1,0,0,61,1,0,1,104,0,1,0,0
2892,1,0,0,72,1,0,0,98,0,1,0,0
2893,0,1,0,39,1,1,0,99,0,1,0,0
2894,1,0,0,8,1,0,0,20,0,0,1,0
2895,1,0,0,1,1,0,0,89,1,0,1,0
2896,0,0,0,33,0,0,0,60,0,0,1,0
2897,0,0,1,31,1,1,0,87,1,0,0,1
2898,0,0,0,9,1,0,0,89,1,0,0,1
2899,0,0,0,70,1,0,0,20,0,0,0,1
2900,1,0,1,55,1,0,1,20,0,1,0,0
2901,1,0,0,4,1,1,1,19,0,0,0,1
2902,1,0,1,48,1,0,1,79,0,1,0,0
2903,1,0,1,61,1,0,0,20,0,1,0,0
2904,0,1,0,2,1,0,1,69,0,1,0,0
2905,0,0,0,6,1,0,1,51,1,0,1,0
2906,1,0,0,3,0,0,0,30,1,1,0,0
2907,1,0,0,22,0,0,1,44,1,1,0,0
2908,0,0,0,33,1,1,1,80,0,1,0,0
2909,1,0,0,12,1,0,0,100,1,0,1,0
2910,0,1,0,72,1,1,0,115,0,0,0,1
2911,0,0,0,58,1,0,1,65,0,1,0,0
2912,1,0,0,59,1,1,1,86,1,1,0,0
2913,1,0,1,34,1,0,0,77,0,0,0,1
2914,1,0,1,52,1,0,0,25,0,0,1,0
2915,1,0,0,10,1,0,0,46,1,0,0,1
2916,0,1,0,16,1,0,0,59,1,1,0,0
2917,1,1,0,58,1,0,0,109,1,0,0,1
2918,1,0,0,10,1,0,0,95,1,1,0,0
2919,1,0,0,3,1,0,0,90,0,0,0,1
2920,0,0,1,69,1,0,0,20,0,0,0,1
2921,0,0,0,13,0,1,1,31,0,1,0,0
2922,0,0,1,25,1,0,1,89,1,1,0,0
2923,1,1,0,1,1,0,1,20,1,1,0,0
2924,1,0,0,1,1,0,1,62,1,1,0,0
2925,1,0,0,68,1,0,1,102,0,0,1,0
2926,1,0,0,1,1,1,1,91,1,0,0,1
2927,1,0,0,8,1,0,1,101,1,1,0,0
2928,0,0,0,1,0,0,1,25,0,0,0,1
2929,0,0,0,46,1,0,0,53,0,0,1,0
2930,1,0,0,45,1,1,0,104,0,0,0,1
2931,0,0,0,8,1,1,1,103,1,1,0,0
2932,1,0,0,5,1,1,1,95,1,0,0,1
2933,1,0,0,22,1,1,0,93,0,0,0,1
2934,0,0,0,58,1,0,0,95,0,1,0,0
2935,0,0,0,51,0,0,0,50,0,0,0,1
2936,1,0,0,39,0,1,1,49,1,1,0,0
2937,0,0,0,26,1,1,1,26,0,0,1,0
2938,1,0,0,53,1,1,1,85,1,0,1,0
2939,1,0,1,1,1,0,1,80,1,1,0,0
2940,0,0,0,1,0,0,0,30,1,1,0,0
2941,1,0,1,18,1,1,1,86,0,0,0,1
2942,1,0,0,46,1,0,0,20,0,0,0,1
2943,1,0,0,3,1,1,0,79,1,0,0,1
2944,0,0,1,12,1,0,0,45,1,1,0,0
2945,1,0,0,14,0,0,1,55,0,1,0,0
2946,1,1,0,5,1,1,1,70,1,1,0,0
2947,1,0,1,28,1,0,1,100,0,1,0,0
2948,1,1,0,59,1,1,1,94,1,1,0,0
2949,1,0,0,10,1,0,0,45,1,0,1,0
2950,0,0,0,21,1,0,0,81,0,1,0,0
2951,0,1,0,5,0,0,0,46,1,0,1,0
2952,0,0,1,10,1,0,0,26,0,1,0,0
2953,1,1,0,5,1,1,1,71,0,1,0,0
2954,1,0,0,9,1,1,1,80,1,1,0,0
2955,0,0,0,11,1,1,1,98,1,1,0,0
2956,1,0,0,47,1,0,1,74,0,1,0,0
2957,1,0,0,3,0,1,1,41,0,1,0,0
2958,1,0,0,1,1,0,0,76,1,1,0,0
2959,1,0,1,23,0,1,1,41,0,1,0,0
2960,0,1,0,16,1,1,1,94,1,1,0,0
2961,1,0,0,27,1,0,0,82,0,1,0,0
2962,1,0,1,68,1,0,0,26,0,1,0,0
2963,0,0,0,2,0,1,0,51,0,0,1,0
2964,1,0,1,5,1,1,0,20,0,0,1,0
2965,1,1,0,67,1,1,1,76,0,1,0,0
2966,0,0,0,52,1,0,0,58,0,1,0,0
2967,1,0,0,29,1,1,1,86,0,0,0,1
2968,0,0,0,1,1,0,1,70,0,1,0,0
2969,0,0,0,4,1,1,1,70,1,0,0,1
2970,0,0,0,69,1,0,1,85,0,1,0,0
2971,0,0,0,16,0,1,0,39,0,0,0,1
2972,1,0,0,24,1,0,0,93,0,0,0,1
2973,0,0,0,42,1,0,1,104,0,1,0,0
2974,0,0,0,60,0,1,1,51,1,1,0,0
2975,1,0,1,10,1,0,0,95,1,1,0,0
2976,0,0,0,9,1,1,0,60,0,1,0,0
2977,0,0,0,24,1,0,0,69,0,1,0,0
2978,1,0,0,18,1,0,1,20,0,1,0,0
2979,0,0,1,72,1,0,0,116,0,0,1,0
2980,0,0,1,64,1,1,0,87,0,0,0,1
2981,1,0,0,2,1,0,0,19,0,0,0,1
2982,1,0,0,68,1,0,0,91,0,0,1,0
2983,0,0,1,1,1,1,0,102,1,0,0,1
2984,0,0,0,59,1,1,0,20,0,0,1,0
2985,1,0,0,50,1,1,1,98,0,0,0,1
2986,0,0,1,72,1,0,1,110,0,0,0,1
2987,0,0,0,57,1,0,0,95,0,0,0,1
2988,0,1,0,18,1,1,1,20,0,0,0,1
2989,0,0,0,62,1,0,0,115,0,1,0,0
2990,1,0,0,24,1,0,0,20,0,1,0,0
2991,1,0,1,37,0,0,1,40,1,1,0,0
2992,0,0,1,5,1,0,0,86,1,1,0,0
2993,0,0,0,3,1,0,0,70,1,0,1,0
2994,1,0,0,29,1,0,0,75,0,0,0,1
2995,0,0,0,31,1,0,0,49,0,1,0,0
2996,1,0,1,24,1,1,0,21,0,1,0,0
2997,0,0,0,18,1,1,1,75,0,1,0,0
2998,0,0,1,17,1,0,1,92,1,1,0,0
2999,0,0,0,69,1,0,0,67,0,1,0,0
3000,0,0,1,48,1,1,1,20,0,1,0,0
3001,1,0,1,54,1,0,0,20,0,1,0,0
3002,0,0,0,13,1,0,0,79,0,0,1,0
3003,0,1,1,22,1,1,1,85,0,1,0,0
3004,1,0,0,18,0,0,1,25,0,1,0,0
3005,0,0,0,16,1,0,0,91,0,1,0,0
3006,1,0,0,5,1,1,1,81,1,1,0,0
3007,0,0,0,53,1,0,1,20,0,1,0,0
3008,1,1,0,44,1,0,0,74,0,0,1,0
3009,1,0,0,44,1,1,0,101,1,1,0,0
3010,0,0,0,70,1,1,1,90,0,1,0,0
3011,0,0,0,6,1,0,0,105,1,0,0,1
3012,0,0,0,33,1,1,0,51,0,0,0,1
3013,0,0,0,11,1,1,0,20,0,0,1,0
3014,0,0,1,72,1,1,1,24,0,1,0,0
3015,0,0,0,9,1,0,0,80,0,0,0,1
3016,1,1,0,63,0,0,0,36,0,1,0,0
3017,0,0,1,3,1,0,0,21,0,0,1,0
3018,1,0,0,66,1,1,0,106,0,0,0,1
3019,0,0,0,66,0,0,0,62,0,1,0,0
3020,0,0,0,1,1,0,0,71,0,0,1,0
3021,0,0,0,30,1,0,0,94,0,1,0,0
3022,1,0,0,13,1,0,0,70,0,1,0,0
3023,0,0,1,72,1,1,0,80,0,0,0,1
3024,0,0,1,8,1,0,0,56,0,1,0,0
3025,1,0,1,28,1,1,0,106,1,0,0,1
3026,0,0,0,65,1,1,1,105,0,1,0,0
3027,0,1,0,11,1,0,0,83,0,1,0,0
3028,0,0,0,26,1,0,0,19,0,1,0,0
3029,1,1,0,59,0,1,0,50,0,0,1,0
3030,1,0,1,67,1,0,1,19,0,1,0,0
3031,0,0,0,71,1,0,1,20,0,1,0,0
3032,1,1,0,57,1,0,0,71,0,0,0,1
3033,0,0,0,71,0,1,1,47,0,0,0,1
3034,1,0,0,57,1,1,1,21,0,1,0,0
3035,1,0,1,72,1,0,1,26,0,1,0,0
3036,1,0,0,1,1,0,0,75,0,0,1,0
3037,1,1,0,15,1,0,0,96,0,0,1,0
3038,0,0,0,4,1,1,1,80,0,0,1,0
3039,0,0,0,23,0,0,0,45,0,0,0,1
3040,1,1,0,71,1,1,1,107,0,0,0,1
3041,0,0,1,45,1,0,0,81,0,1,0,0
3042,1,0,0,64,1,0,0,108,0,1,0,0
3043,1,0,0,20,1,0,0,59,0,1,0,0
3044,0,0,0,31,1,0,0,80,1,1,0,0
3045,1,1,0,3,1,0,0,95,0,0,1,0
3046,1,0,0,20,1,1,1,21,0,0,1,0
3047,1,0,1,57,1,0,1,98,0,1,0,0
3048,1,1,0,8,0,0,0,29,1,1,0,0
3049,1,0,1,33,1,0,0,19,0,1,0,0
3050,0,0,1,67,0,0,1,54,0,1,0,0
3051,0,0,1,71,1,1,0,82,0,0,0,1
3052,1,0,0,59,1,1,0,65,0,1,0,0
3053,1,0,0,1,1,1,1,20,0,0,0,1
3054,0,0,0,57,1,1,1,75,0,0,1,0
3055,0,0,1,1,1,1,1,59,1,1,0,0
3056,1,0,0,9,1,1,0,99,0,0,0,1
3057,0,0,0,4,1,0,0,20,0,0,1,0
3058,1,0,0,72,1,1,0,89,0,0,1,0
3059,0,0,1,62,1,1,0,106,0,0,0,1
3060,0,0,0,5,1,0,0,80,0,0,1,0
3061,1,0,0,22,1,1,1,95,0,1,0,0
3062,1,0,1,35,1,0,0,25,0,1,0,0
3063,1,0,0,12,1,1,1,80,0,1,0,0
3064,0,0,1,28,1,0,1,20,0,1,0,0
3065,1,0,0,1,1,0,0,20,0,1,0,0
3066,1,0,0,67,1,1,1,104,1,1,0,0
3067,1,0,1,72,1,0,1,98,0,1,0,0
3068,1,0,0,38,1,1,1,111,0,0,1,0
3069,1,0,0,14,1,0,0,49,0,1,0,0
3070,1,0,0,47,1,0,0,87,0,1,0,0
3071,1,0,1,63,1,1,0,25,0,0,0,1
3072,0,0,0,37,0,1,0,29,1,0,1,0
3073,0,1,0,1,1,0,0,74,1,0,0,1
3074,0,0,0,37,1,1,0,20,0,1,0,0
3075,1,0,0,9,0,1,1,41,1,0,1,0
3076,1,0,0,60,1,0,0,60,0,1,0,0
3077,0,0,0,57,1,0,0,88,0,0,0,1
3078,0,0,1,41,1,1,1,45,0,1,0,0
3079,0,0,1,50,1,0,0,71,0,1,0,0
3080,1,0,0,4,1,0,0,51,0,1,0,0
3081,1,0,1,9,1,0,1,79,1,1,0,0
3082,1,0,0,36,1,1,0,95,0,0,1,0
3083,0,1,0,2,0,1,0,24,1,0,1,0
3084,1,0,1,65,1,0,0,95,0,0,1,0
3085,0,0,0,36,1,1,1,86,0,1,0,0
3086,0,0,0,5,1,1,1,20,0,1,0,0
3087,1,1,0,71,1,1,1,108,0,1,0,0
3088,1,0,1,3,1,0,0,26,0,0,0,1
3089,0,0,0,55,1,0,0,20,0,0,0,1
3090,1,0,0,5,1,0,0,47,1,1,0,0
3091,1,0,0,1,1,0,0,54,1,0,1,0
3092,1,0,1,68,1,0,0,80,0,1,0,0
3093,0,0,0,38,1,0,0,84,1,0,1,0
3094,0,1,0,16,1,0,0,54,0,0,1,0
3095,0,0,0,67,1,0,1,72,0,1,0,0
3096,1,0,0,72,1,0,0,117,0,0,0,1
3097,0,0,0,21,1,0,0,69,0,1,0,0
3098,1,0,0,4,1,0,1,19,0,1,0,0
3099,0,0,0,3,0,0,0,29,0,0,1,0
3100,1,0,1,69,1,1,1,99,0,1,0,0
3101,1,1,0,2,1,1,1,94,1,1,0,0
3102,1,0,1,70,1,0,0,98,1,1,0,0
3103,0,0,1,1,1,0,0,21,1,1,0,0
3104,1,0,0,2,1,1,1,20,0,1,0,0
3105,1,0,1,11,1,0,0,91,0,1,0,0
3106,0,0,0,13,1,0,0,97,1,0,0,1
3107,1,0,1,60,1,1,1,20,0,0,0,1
3108,1,1,0,20,1,0,1,74,1,0,1,0
3109,1,0,0,37,0,1,0,36,0,0,0,1
3110,1,0,0,30,1,0,0,21,0,1,0,0
3111,1,0,1,60,1,1,1,104,0,0,0,1
3112,0,0,0,35,1,1,1,70,1,0,0,1
3113,1,1,0,50,1,1,1,96,1,1,0,0
3114,0,0,0,71,1,0,0,96,0,1,0,0
3115,0,1,0,8,1,1,1,74,0,1,0,0
3116,0,0,0,38,1,0,1,24,0,0,1,0
3117,1,0,0,72,1,1,1,20,0,0,1,0
3118,0,1,0,42,1,0,0,96,0,0,1,0
3119,0,0,1,57,1,1,1,95,0,1,0,0
3120,0,0,0,60,1,1,0,111,0,0,0,1
3121,1,0,1,71,1,0,0,25,0,1,0,0
3122,1,0,0,11,1,0,0,23,1,0,1,0
3123,1,0,0,40,1,0,1,51,0,1,0,0
3124,0,0,0,42,1,0,0,84,0,0,0,1
3125,0,0,0,1,1,0,0,44,1,1,0,0
3126,1,0,1,47,1,0,0,90,0,1,0,0
3127,1,0,1,50,1,0,0,76,0,1,0,0
3128,1,0,1,10,0,0,0,54,0,1,0,0
3129,1,0,0,72,1,1,1,85,0,0,1,0
3130,1,0,0,72,1,0,0,99,0,0,1,0
3131,1,0,0,60,1,1,0,90,0,0,0,1
3132,0,0,0,3,1,0,1,75,1,1,0,0
3133,1,0,0,2,1,0,0,80,1,0,1,0
3134,0,0,1,1,1,0,0,80,1,1,0,0
3135,0,0,0,11,1,1,1,89,0,1,0,0
3136,0,0,1,49,1,0,1,98,0,1,0,0
3137,0,1,0,70,1,1,1,114,0,0,1,0
3138,0,1,0,2,1,0,0,71,1,1,0,0
3139,1,1,0,16,1,0,0,99,1,1,0,0
3140,1,0,0,10,1,0,1,100,1,1,0,0
3141,0,0,1,56,1,0,1,69,0,1,0,0
3142,0,0,0,48,1,0,0,104,0,1,0,0
3143,1,1,0,72,1,1,0,25,0,1,0,0
3144,0,0,0,1,1,0,0,21,1,1,0,0
3145,0,0,0,29,1,0,1,20,0,1,0,0
3146,1,0,0,25,1,0,1,25,1,1,0,0
3147,0,0,0,68,1,0,1,54,0,1,0,0
3148,1,0,0,2,1,0,1,70,0,1,0,0
3149,0,0,1,42,1,0,0,78,1,1,0,0
3150,0,0,1,6,1,0,0,20,0,1,0,0
3151,1,0,0,18,1,0,1,101,0,1,0,0
3152,1,0,0,10,1,0,1,70,1,0,1,0
3153,1,0,0,72,1,1,0,104,0,1,0,0
3154,1,0,1,63,1,0,1,105,0,1,0,0
3155,0,0,0,27,1,0,0,78,0,0,1,0
3156,0,0,1,35,1,0,0,25,0,1,0,0
3157,0,0,0,18,1,0,0,90,1,1,0,0
3158,1,0,0,11,1,0,0,74,1,1,0,0
3159,1,0,1,44,1,1,1,21,0,1,0,0
3160,0,0,1,19,1,0,0,61,0,0,0,1
3161,0,0,1,72,1,0,0,93,0,0,1,0
3162,0,0,0,18,1,1,0,50,0,1,0,0
3163,0,1,0,18,1,1,1,50,0,1,0,0
3164,0,0,0,71,0,0,1,61,0,1,0,0
3165,0,0,0,30,1,0,0,55,0,0,1,0
3166,1,0,1,28,0,0,0,60,0,1,0,0
3167,0,0,0,37,1,0,0,79,1,0,0,1
3168,1,0,1,18,1,0,0,20,0,0,1,0
3169,0,0,1,31,1,0,0,81,0,0,1,0
3170,1,0,0,5,1,1,1,56,0,0,1,0
3171,1,1,0,30,1,0,0,78,0,0,0,1
3172,0,0,0,49,1,0,1,72,0,1,0,0
3173,1,0,0,12,1,0,0,45,1,0,1,0
3174,0,0,0,1,1,0,0,78,1,0,1,0
3175,0,0,1,4,1,0,1,90,1,1,0,0
3176,1,0,0,3,1,1,0,21,1,0,0,1
3177,0,0,0,3,1,0,0,79,1,0,0,1
3178,1,0,0,37,1,0,1,66,0,1,0,0
3179,0,0,1,23,1,0,0,66,0,0,0,1
3180,0,0,0,23,1,0,0,79,0,1,0,0
3181,0,1,0,45,1,1,0,100,0,0,0,1
3182,1,0,1,22,1,0,1,20,0,0,0,1
3183,1,0,0,24,1,0,0,100,0,1,0,0
3184,1,0,0,48,1,1,0,20,0,0,0,1
3185,1,0,1,3,1,0,0,56,1,1,0,0
3186,0,1,0,8,1,0,0,87,0,0,0,1
3187,1,0,0,44,0,0,1,54,1,1,0,0
3188,0,0,0,56,1,0,0,91,0,1,0,0
3189,1,0,0,1,1,0,0,21,0,1,0,0
3190,1,0,1,53,1,0,0,93,0,0,0,1
3191,1,0,1,59,1,0,0,19,0,1,0,0
3192,0,0,0,15,1,0,0,49,0,0,0,1
3193,0,1,0,49,1,0,0,90,0,0,0,1
3194,0,0,0,39,0,0,0,56,1,1,0,0
3195,0,1,0,44,1,0,1,89,0,1,0,0
3196,1,0,0,3,1,0,0,53,1,0,1,0
3197,1,1,0,16,1,0,0,74,1,0,1,0
3198,1,0,0,5,1,1,1,66,0,0,1,0
3199,0,0,0,37,1,1,0,100,0,0,0,1
3200,0,0,0,9,1,1,1,51,0,1,0,0
3201,0,0,1,35,1,1,0,20,0,0,0,1
3202,0,0,0,7,1,0,0,86,1,1,0,0
3203,0,0,0,1,1,1,0,20,1,0,0,1
3204,0,0,0,29,0,0,0,25,1,0,1,0
3205,0,0,1,51,1,1,1,95,0,0,0,1
3206,1,0,0,58,1,0,0,70,0,1,0,0
3207,0,0,0,72,1,0,0,108,0,1,0,0
3208,1,0,1,4,0,1,0,39,0,0,1,0
3209,0,0,1,64,1,1,1,111,0,1,0,0
3210,1,1,0,68,1,0,0,80,0,0,1,0
3211,0,1,1,62,1,0,0,96,0,0,1,0
3212,1,0,1,37,1,0,1,93,0,1,0,0
3213,0,0,0,43,1,0,0,20,0,0,1,0
3214,0,0,1,65,1,1,1,92,0,0,1,0
3215,1,0,0,1,1,1,1,61,0,1,0,0
3216,0,0,1,27,1,0,0,66,0,1,0,0
3217,0,0,1,57,1,0,0,20,0,1,0,0
3218,0,0,1,1,1,0,1,21,1,0,1,0
3219,1,0,1,43,0,1,0,40,0,0,0,1
3220,1,0,1,48,1,1,0,112,0,0,0,1
3221,1,0,1,41,1,0,0,111,0,1,0,0
3222,0,0,0,68,1,0,0,90,0,1,0,0
3223,0,0,0,15,1,0,0,49,0,1,0,0
3224,0,1,0,8,1,1,0,94,1,1,0,0
3225,0,1,0,3,0,0,0,25,1,1,0,0
3226,0,1,0,55,1,0,0,90,0,1,0,0
3227,0,0,0,1,1,0,0,20,0,1,0,0
3228,1,1,0,16,1,1,1,72,1,0,1,0
3229,1,0,1,39,1,1,1,80,1,1,0,0
3230,0,0,0,10,1,0,0,95,1,0,0,1
3231,0,0,0,46,1,0,0,109,0,1,0,0
3232,1,0,1,12,1,0,0,56,0,0,1,0
3233,0,0,0,41,1,0,0,21,0,1,0,0
3234,1,0,0,65,1,0,0,109,1,0,0,1
3235,0,0,0,21,1,0,0,79,0,0,1,0
3236,0,1,0,4,1,1,0,100,1,1,0,0
3237,0,1,0,72,1,0,0,90,0,0,0,1
3238,1,0,1,47,1,0,0,25,0,0,0,1
3239,1,0,0,43,1,0,0,84,0,1,0,0
3240,0,0,1,72,1,1,1,113,0,0,1,0
3241,0,0,0,67,1,0,0,111,0,1,0,0
3242,0,0,0,6,1,0,0,89,1,0,0,1
3243,0,0,0,60,1,0,0,70,0,1,0,0
3244,1,1,0,40,1,1,0,98,0,1,0,0
3245,0,0,1,66,1,0,1,91,0,1,0,0
3246,1,1,0,52,0,0,0,49,1,1,0,0
3247,0,0,0,1,1,1,1,94,1,0,0,1
3248,0,0,1,58,1,1,1,93,1,1,0,0
3249,0,0,1,72,0,0,0,64,0,1,0,0
3250,1,1,0,35,1,0,0,95,1,0,1,0
3251,0,0,0,72,1,1,1,20,0,1,0,0
3252,0,0,0,51,1,1,0,69,0,0,1,0
3253,1,0,0,69,1,1,1,19,0,1,0,0
3254,1,0,0,69,1,0,1,100,0,1,0,0
3255,0,0,0,11,1,1,1,20,0,0,1,0
3256,1,0,1,1,0,0,0,24,0,0,1,0
3257,1,1,0,3,1,0,1,105,1,1,0,0
3258,0,0,0,37,1,0,0,99,1,1,0,0
3259,1,1,0,4,0,0,1,25,1,1,0,0
3260,1,1,0,67,1,0,1,95,0,1,0,0
3261,1,0,1,25,1,0,0,86,0,0,0,1
3262,1,0,0,72,1,1,1,92,0,1,0,0
3263,1,0,1,8,1,0,1,51,0,1,0,0
3264,0,0,0,10,1,0,1,80,1,1,0,0
3265,1,0,0,6,1,0,1,20,0,1,0,0
3266,1,1,1,52,1,0,0,81,0,0,0,1
3267,1,0,1,70,1,0,0,25,0,0,1,0
3268,0,1,0,70,1,1,0,92,0,0,1,0
3269,1,0,0,58,1,1,0,25,0,0,1,0
3270,1,0,0,70,1,1,1,77,0,1,0,0
3271,0,0,1,72,1,1,1,20,0,1,0,0
3272,0,0,1,66,1,1,1,49,0,1,0,0
3273,0,0,1,16,0,0,1,36,0,1,0,0
3274,0,0,1,35,1,0,1,59,0,1,0,0
3275,0,1,0,65,1,0,0,95,0,0,0,1
3276,0,1,0,2,1,0,1,44,0,1,0,0
3277,0,0,0,30,1,0,0,49,0,0,1,0
3278,1,0,0,14,1,1,0,90,1,0,0,1
3279,1,0,1,7,1,0,0,20,0,0,1,0
3280,1,0,0,2,1,0,0,79,1,0,0,1
3281,1,0,0,66,1,0,1,85,0,0,0,1
3282,1,0,0,3,1,1,1,21,0,0,1,0
3283,1,0,1,1,1,0,0,20,1,0,1,0
3284,0,0,0,68,1,1,1,64,0,1,0,0
3285,0,0,0,10,1,0,0,86,1,0,0,1
3286,0,0,1,49,1,1,1,100,1,1,0,0
3287,0,0,0,23,1,1,1,20,0,0,1,0
3288,0,1,0,13,1,0,0,97,0,0,0,1
3289,1,0,1,65,1,1,1,20,0,1,0,0
3290,0,1,1,28,0,0,0,36,0,1,0,0
3291,0,1,0,2,1,0,0,90,1,1,0,0
3292,1,0,0,9,1,0,0,76,0,1,0,0
3293,1,0,0,54,1,1,0,110,0,1,0,0
3294,1,0,1,25,1,0,1,62,0,1,0,0
3295,0,0,1,19,1,1,0,20,0,0,0,1
3296,1,0,1,71,1,0,0,85,0,1,0,0
3297,1,0,0,36,1,1,0,20,0,0,0,1
3298,1,0,0,16,1,0,0,20,0,1,0,0
3299,0,0,0,25,1,1,1,25,1,0,1,0
3300,0,0,0,59,1,0,0,81,0,0,1,0
3301,1,0,1,71,1,0,1,24,0,1,0,0
3302,0,1,0,46,1,1,1,95,1,0,1,0
3303,0,0,1,16,1,1,1,68,0,1,0,0
3304,0,0,1,49,1,1,1,96,1,0,0,1
3305,1,0,1,24,1,1,1,85,0,1,0,0
3306,0,0,0,2,0,0,1,43,1,1,0,0
3307,0,0,1,58,1,1,0,67,0,0,0,1
3308,1,0,0,1,1,1,0,89,0,0,0,1
3309,0,1,0,45,1,0,0,86,0,0,1,0
3310,1,0,0,1,1,0,1,50,1,1,0,0
3311,1,1,0,8,0,0,0,43,0,1,0,0
3312,0,0,0,22,1,0,0,90,1,1,0,0
3313,1,0,0,66,1,0,0,116,0,1,0,0
3314,1,0,0,8,1,0,1,74,1,0,1,0
3315,1,0,1,72,1,1,1,106,0,0,1,0
3316,0,0,1,47,1,0,0,64,0,0,1,0
3317,1,0,0,4,1,0,0,72,1,0,1,0
3318,0,0,0,29,1,0,0,79,1,1,0,0
3319,0,0,0,72,1,0,0,116,0,1,0,0
3320,0,0,0,16,1,0,0,85,1,1,0,0
3321,1,0,0,2,1,1,0,80,0,0,0,1
3322,0,0,0,1,1,1,1,20,1,1,0,0
3323,1,0,0,68,1,0,0,71,0,1,0,0
3324,1,1,0,33,1,0,1,25,0,1,0,0
3325,0,0,1,61,1,1,1,19,1,1,0,0
3326,0,0,0,23,1,0,0,79,1,0,1,0
3327,1,0,1,19,1,1,1,49,0,0,1,0
3328,1,0,1,13,0,0,1,41,0,1,0,0
3329,0,0,0,21,1,0,0,86,1,1,0,0
3330,0,1,0,62,1,1,1,105,0,1,0,0
3331,0,0,0,29,1,0,0,25,0,0,0,1
3332,1,1,0,70,1,0,0,105,0,1,0,0
3333,1,0,1,38,1,0,0,101,0,0,0,1
3334,0,1,0,31,1,1,1,74,1,1,0,0
3335,1,0,0,1,1,1,0,70,1,1,0,0
3336,0,0,0,1,1,0,0,44,1,0,0,1
3337,1,0,1,71,1,1,1,66,0,1,0,0
3338,1,0,1,4,1,0,1,20,0,1,0,0
3339,0,0,0,2,1,1,0,81,1,0,0,1
3340,0,0,0,4,1,1,1,64,0,1,0,0
3341,0,0,0,69,1,0,0,99,0,1,0,0
3342,1,0,0,64,1,0,0,81,0,0,1,0
3343,1,0,0,60,1,0,0,79,0,0,1,0
3344,0,1,0,1,1,1,1,70,1,1,0,0
3345,1,0,0,63,1,1,1,105,0,0,1,0
3346,1,0,0,35,1,1,1,19,0,1,0,0
3347,1,1,0,17,1,0,0,76,1,0,0,1
3348,0,0,0,63,1,1,1,97,0,0,1,0
3349,1,1,0,19,1,1,1,66,0,1,0,0
3350,1,0,0,21,1,0,0,111,1,1,0,0
3351,0,1,1,57,1,0,0,95,0,1,0,0
3352,1,0,0,8,1,1,1,50,0,1,0,0
3353,1,0,0,6,1,0,1,21,0,1,0,0
3354,0,0,0,66,0,0,0,61,0,0,1,0
3355,0,0,1,63,1,1,1,76,0,0,0,1
3356,1,0,1,28,1,1,0,92,0,1,0,0
3357,0,0,0,23,1,0,0,75,0,1,0,0
3358,0,0,0,29,1,0,0,20,0,1,0,0
3359,1,1,0,18,1,0,0,81,0,1,0,0
3360,1,0,0,53,0,0,1,46,0,1,0,0
3361,0,0,1,10,1,1,0,70,0,1,0,0
3362,1,0,0,39,1,0,0,50,0,1,0,0
3363,0,0,0,17,1,0,0,75,0,0,0,1
3364,1,0,1,37,1,1,1,91,0,1,0,0
3365,0,0,1,33,1,0,0,20,0,0,0,1
3366,0,0,1,19,1,0,1,89,0,0,1,0
3367,0,0,0,7,1,1,0,61,0,0,0,1
3368,0,0,1,9,1,1,1,73,1,0,1,0
3369,1,1,0,59,0,1,0,64,0,1,0,0
3370,0,0,1,55,1,0,0,104,0,1,0,0
3371,0,0,0,4,1,0,0,94,1,1,0,0
3372,1,0,1,57,1,1,1,21,0,1,0,0
3373,0,0,0,68,1,1,1,115,0,1,0,0
3374,0,0,0,64,1,0,0,74,0,1,0,0
3375,0,0,1,72,1,0,0,103,0,0,0,1
3376,0,1,0,8,1,0,0,84,1,1,0,0
3377,1,0,0,72,1,1,0,116,0,0,0,1
3378,1,0,0,1,1,0,0,46,0,0,0,1
3379,1,0,1,69,1,0,0,95,0,1,0,0
3380,0,0,0,56,1,1,1,80,0,1,0,0
3381,1,0,0,9,1,0,0,65,0,0,1,0
3382,1,0,0,1,1,1,0,70,1,0,0,1
3383,0,0,0,59,1,1,1,80,0,1,0,0
3384,0,0,0,12,1,0,1,80,0,1,0,0
3385,1,0,1,4,1,1,1,85,1,1,0,0
3386,0,1,0,3,1,1,0,70,1,0,1,0
3387,1,0,0,1,1,0,0,51,0,1,0,0
3388,1,0,0,29,1,0,0,99,0,1,0,0
3389,0,0,0,71,1,0,1,84,0,1,0,0
3390,0,0,1,23,1,0,0,58,0,0,1,0
3391,1,0,1,6,1,0,0,26,0,1,0,0
3392,0,0,1,37,1,0,0,19,0,0,1,0
3393,1,0,0,24,1,1,1,74,0,0,0,1
3394,0,0,0,49,1,1,0,101,0,0,1,0
3395,0,0,0,11,1,1,1,96,1,1,0,0
3396,1,0,0,44,1,0,1,100,0,0,1,0
3397,0,0,0,11,1,1,0,25,0,0,0,1
3398,1,0,1,43,0,1,1,29,0,0,1,0
3399,0,0,0,1,1,1,0,51,1,0,0,1
3400,0,0,1,23,1,1,1,24,0,1,0,0
3401,0,1,0,25,1,0,0,70,0,0,0,1
3402,1,1,0,14,1,1,1,75,0,1,0,0
3403,0,0,0,10,1,0,0,80,1,1,0,0
3404,1,0,1,27,1,0,0,81,0,0,1,0
3405,1,0,0,3,1,1,1,105,1,1,0,0
3406,1,0,0,10,1,0,0,26,0,0,1,0
3407,1,1,0,5,0,0,0,45,0,0,0,1
3408,1,0,1,48,1,0,0,26,0,1,0,0
3409,0,1,0,7,1,1,1,65,0,0,0,1
3410,0,0,0,44,0,0,0,49,0,1,0,0
3411,0,0,0,2,1,1,1,76,1,1,0,0
3412,0,0,0,4,1,0,0,77,1,0,0,1
3413,1,0,0,37,1,0,1,99,1,1,0,0
3414,0,0,0,13,1,0,0,19,0,0,0,1
3415,0,0,0,39,1,1,1,59,0,0,1,0
3416,1,0,0,42,1,0,0,56,0,1,0,0
3417,0,0,1,46,1,0,0,105,1,1,0,0
3418,1,0,1,16,1,1,1,56,0,1,0,0
3419,1,0,1,54,0,0,1,46,0,0,0,1
3420,1,0,0,33,1,1,0,66,0,1,0,0
3421,0,0,0,22,0,1,1,51,0,0,0,1
3422,1,0,0,35,1,0,0,89,0,0,0,1
3423,0,0,0,4,1,0,0,21,1,1,0,0
3424,1,0,0,1,1,0,1,20,0,1,0,0
3425,1,0,0,36,1,0,1,21,0,0,1,0
3426,1,0,1,25,1,0,1,54,0,1,0,0
3427,0,0,0,3,1,1,1,71,0,1,0,0
3428,1,0,0,22,1,1,1,101,1,1,0,0
3429,0,0,1,16,1,0,0,101,0,0,1,0
3430,0,1,0,50,1,0,1,107,0,0,1,0
3431,0,0,0,10,1,1,1,21,0,1,0,0
3432,0,0,0,25,1,1,0,74,1,0,0,1
3433,1,1,0,32,1,1,1,96,1,0,1,0
3434,0,0,1,63,1,0,0,19,0,0,1,0
3435,1,0,1,5,1,0,1,49,0,1,0,0
3436,1,1,0,44,0,0,0,30,1,0,1,0
3437,0,1,0,16,1,1,0,96,1,0,1,0
3438,1,0,0,20,1,1,1,64,0,1,0,0
3439,0,0,0,30,1,1,1,106,0,0,0,1
3440,0,0,0,55,1,1,0,45,0,0,0,1
3441,0,1,1,61,1,0,0,65,0,0,1,0
3442,1,0,1,1,1,0,1,20,1,1,0,0
3443,0,0,0,54,1,0,1,94,0,0,1,0
3444,1,0,0,10,1,0,0,70,1,0,1,0
3445,1,0,1,40,1,1,1,55,1,0,1,0
3446,0,0,1,51,1,1,1,79,0,0,1,0
3447,1,0,1,72,1,1,1,106,0,0,1,0
3448,1,0,0,64,1,0,0,99,0,1,0,0
3449,1,0,0,72,1,1,1,26,0,0,1,0
3450,0,0,1,53,1,1,1,20,0,0,1,0
3451,1,0,0,3,0,0,1,25,1,0,1,0
3452,1,1,0,1,1,0,0,70,0,1,0,0
3453,1,0,1,13,1,1,1,84,1,0,1,0
3454,0,0,0,39,0,0,0,51,1,1,0,0
3455,0,0,0,9,1,0,1,78,1,1,0,0
3456,1,0,0,22,1,1,0,25,0,0,0,1
3457,1,1,0,54,1,0,0,99,0,1,0,0
3458,1,0,0,29,0,0,1,36,0,1,0,0
3459,1,0,0,72,1,1,0,118,1,0,0,1
3460,1,0,0,72,1,0,1,80,0,1,0,0
3461,1,0,0,47,1,0,0,110,1,1,0,0
3462,0,0,1,28,1,1,1,50,0,1,0,0
3463,1,0,0,3,0,1,1,30,0,1,0,0
3464,1,1,1,50,1,0,1,75,0,1,0,0
3465,1,0,0,1,1,0,0,70,1,1,0,0
3466,1,0,0,2,1,1,0,95,1,0,0,1
3467,1,0,0,2,1,0,1,71,0,1,0,0
3468,0,0,0,70,1,0,0,110,1,1,0,0
3469,1,0,0,51,1,0,1,87,0,1,0,0
3470,1,1,0,65,1,0,0,104,0,1,0,0
3471,1,0,0,1,1,0,0,91,1,0,1,0
3472,0,0,1,13,0,1,1,30,0,1,0,0
3473,0,0,0,10,1,1,1,98,1,1,0,0
3474,0,0,1,55,1,1,1,20,0,1,0,0
3475,0,0,0,7,1,0,0,71,1,0,1,0
3476,1,0,0,3,1,1,1,19,0,0,1,0
3477,1,0,0,46,0,1,1,34,0,1,0,0
3478,1,0,0,56,1,1,0,76,0,0,1,0
3479,0,0,1,61,1,0,0,115,0,1,0,0
3480,1,0,1,52,1,0,0,93,0,0,0,1
3481,0,0,0,41,1,1,0,70,1,1,0,0
3482,0,0,0,68,1,0,0,26,0,1,0,0
3483,0,0,1,41,1,0,1,78,0,1,0,0
3484,1,0,1,50,1,0,1,70,0,1,0,0
3485,0,0,0,71,1,1,1,115,0,1,0,0
3486,1,0,0,22,1,1,1,83,0,0,1,0
3487,1,0,1,59,1,0,0,20,0,0,0,1
3488,1,0,1,6,1,1,0,70,0,1,0,0
3489,0,0,1,33,1,1,0,24,1,0,1,0
3490,0,0,1,17,1,0,0,24,1,1,0,0
3491,1,0,1,49,1,0,0,60,0,0,1,0
3492,1,0,0,72,1,0,0,82,0,1,0,0
3493,1,1,0,17,1,0,0,100,1,1,0,0
3494,1,0,1,15,1,1,1,65,0,1,0,0
3495,1,0,1,8,1,1,1,20,0,1,0,0
3496,1,0,0,22,1,0,1,65,0,1,0,0
3497,1,0,1,51,1,0,1,25,0,1,0,0
3498,0,0,0,43,1,0,1,92,0,1,0,0
3499,1,0,0,3,0,0,0,25,0,1,0,0
3500,0,1,1,48,1,1,1,104,0,0,1,0
3501,0,0,1,34,1,1,0,61,0,0,0,1
3502,1,1,1,41,1,0,0,112,1,0,1,0
3503,0,0,1,67,1,1,1,112,0,0,1,0
3504,0,0,1,19,1,0,0,76,0,0,0,1
3505,0,0,1,63,1,0,0,100,0,1,0,0
3506,0,0,0,18,1,1,1,85,1,1,0,0
3507,0,0,0,1,1,0,0,21,0,1,0,0
3508,0,0,0,11,1,1,1,94,1,0,0,1
3509,1,0,0,30,1,0,0,90,0,1,0,0
3510,1,0,0,23,1,1,1,75,1,1,0,0
3511,0,0,0,52,1,1,0,105,1,0,0,1
3512,1,0,1,13,1,1,0,20,0,0,1,0
3513,1,0,1,54,1,0,0,63,0,1,0,0
3514,1,0,0,1,1,1,1,48,0,0,0,1
3515,0,0,1,68,1,0,0,84,0,1,0,0
3516,1,0,0,3,1,0,0,64,0,1,0,0
3517,1,0,1,1,1,0,1,68,1,0,1,0
3518,0,0,0,34,1,0,0,63,1,1,0,0
3519,1,0,0,49,1,1,1,66,0,1,0,0
3520,0,0,1,23,1,0,0,20,0,1,0,0
3521,1,0,1,71,1,0,0,20,0,0,1,0
3522,0,0,1,46,1,0,0,85,0,0,1,0
3523,1,0,1,50,1,1,1,108,0,0,0,1
3524,1,0,0,1,0,1,1,45,1,1,0,0
3525,1,0,0,24,1,1,1,80,0,1,0,0
3526,1,0,1,68,1,0,0,115,0,1,0,0
3527,0,0,0,31,1,1,1,21,0,1,0,0
3528,0,0,1,64,0,0,0,50,0,1,0,0
3529,0,0,1,14,1,0,1,87,1,1,0,0
3530,1,0,0,59,0,1,0,52,0,1,0,0
3531,1,0,1,72,1,0,0,91,0,0,1,0
3532,0,0,1,4,1,0,0,98,1,1,0,0
3533,0,0,0,32,1,0,0,84,1,0,1,0
3534,1,1,0,48,1,0,1,91,0,0,1,0
3535,1,0,0,72,1,1,1,110,0,0,0,1
3536,1,0,1,3,1,1,1,90,0,1,0,0
3537,0,0,1,72,1,0,0,96,0,0,1,0
3538,1,0,0,18,1,0,1,84,0,0,0,1
3539,1,1,0,72,0,0,0,63,0,1,0,0
3540,0,1,0,32,1,0,1,86,1,0,0,1
3541,0,1,0,13,1,0,0,82,1,1,0,0
3542,0,0,1,7,0,0,0,30,0,0,1,0
3543,0,0,1,6,1,1,1,56,1,0,0,1
3544,0,0,0,4,1,1,1,55,0,1,0,0
3545,0,0,1,13,1,1,1,20,0,1,0,0
3546,1,0,0,64,1,1,0,104,0,0,0,1
3547,0,0,0,17,1,1,0,70,0,0,0,1
3548,0,0,1,40,0,1,1,51,0,0,1,0
3549,0,0,1,11,0,0,0,51,0,0,0,1
3550,1,0,0,5,1,0,1,20,0,1,0,0
3551,0,0,1,23,1,0,1,86,0,1,0,0
3552,1,0,0,68,1,1,1,77,0,0,0,1
3553,0,0,0,1,1,1,0,79,0,0,0,1
3554,1,0,1,72,1,0,1,88,0,1,0,0
3555,0,0,0,57,0,1,1,41,0,1,0,0
3556,0,1,0,60,1,0,0,116,0,0,1,0
3557,1,1,0,6,1,0,0,45,0,1,0,0
3558,1,0,1,55,1,1,1,90,0,0,1,0
3559,0,1,0,72,1,0,0,110,0,0,0,1
3560,1,0,0,70,1,0,0,68,0,1,0,0
3561,1,0,1,17,1,1,1,89,1,1,0,0
3562,1,0,0,9,1,1,1,60,0,1,0,0
3563,1,0,1,51,1,1,1,60,0,1,0,0
3564,0,0,1,67,1,1,1,70,0,0,1,0
3565,0,0,0,1,1,0,0,76,1,1,0,0
3566,0,0,0,3,0,1,0,25,1,0,1,0
3567,0,0,0,6,0,0,1,51,0,1,0,0
3568,0,0,1,10,1,0,1,66,0,1,0,0
3569,0,0,0,21,1,0,0,86,0,0,1,0
3570,0,0,0,13,1,0,0,94,1,0,0,1
3571,1,0,0,51,1,0,0,75,0,1,0,0
3572,1,0,0,25,1,0,1,21,0,1,0,0
3573,0,0,1,71,1,0,0,20,0,1,0,0
3574,0,0,0,3,1,0,0,75,0,1,0,0
3575,1,0,0,1,1,0,0,80,1,1,0,0
3576,1,1,0,65,1,1,0,99,0,0,1,0
3577,1,0,1,65,1,0,0,72,1,0,1,0
3578,0,0,0,64,1,0,0,24,0,1,0,0
3579,1,0,0,38,1,1,1,71,0,1,0,0
3580,0,0,0,56,1,0,0,110,0,1,0,0
3581,0,0,1,72,1,0,0,20,0,0,0,1
3582,0,0,1,9,1,0,1,69,0,1,0,0
3583,0,0,0,38,1,0,0,20,0,0,1,0
3584,1,0,1,44,1,0,1,55,0,1,0,0
3585,1,0,0,71,1,0,1,80,0,0,1,0
3586,0,0,0,57,1,0,0,100,0,1,0,0
3587,0,0,0,43,0,1,1,49,1,1,0,0
3588,0,0,0,17,1,1,0,20,0,1,0,0
3589,1,0,0,7,1,1,0,87,1,1,0,0
3590,0,0,0,2,1,0,0,80,1,0,1,0
3591,1,0,0,50,1,0,1,25,0,1,0,0
3592,0,0,0,72,1,0,0,83,0,1,0,0
3593,0,0,1,13,1,0,1,89,0,1,0,0
3594,1,0,0,19,1,0,0,70,0,1,0,0
3595,1,0,1,30,1,0,1,21,0,1,0,0
3596,0,0,0,58,1,0,0,106,1,1,0,0
3597,1,0,1,7,1,0,1,21,0,1,0,0
3598,1,0,1,55,1,0,0,20,0,1,0,0
3599,1,0,1,15,1,1,0,20,0,1,0,0
3600,1,0,1,68,1,1,1,89,0,1,0,0
3601,0,0,0,54,1,0,0,100,1,1,0,0
3602,0,0,0,25,0,1,0,48,0,1,0,0
3603,0,0,0,1,1,0,0,84,1,1,0,0
3604,1,0,0,72,1,0,0,21,0,1,0,0
3605,1,0,0,63,1,0,0,72,0,1,0,0
3606,1,0,1,42,1,1,1,20,0,0,1,0
3607,1,1,0,37,0,0,0,37,0,0,1,0
3608,0,0,0,4,1,1,1,20,1,1,0,0
3609,1,0,0,13,1,1,1,19,0,0,1,0
3610,0,0,0,3,1,1,1,21,0,1,0,0
3611,0,0,0,1,1,0,1,51,1,0,0,1
3612,0,0,0,68,1,1,1,90,0,1,0,0
3613,1,0,0,10,1,0,0,60,0,0,1,0
3614,1,0,1,62,1,0,0,81,0,0,0,1
3615,1,0,0,49,1,1,1,20,0,1,0,0
3616,1,0,1,46,1,0,1,20,0,0,1,0
3617,1,0,0,52,0,0,0,64,0,1,0,0
3618,0,0,1,26,1,1,0,82,0,1,0,0
3619,0,0,1,8,1,0,0,20,0,0,0,1
3620,0,0,0,2,1,0,0,76,1,1,0,0
3621,0,0,1,69,1,0,0,20,0,1,0,0
3622,0,0,0,4,0,1,0,29,0,0,0,1
3623,1,0,0,11,1,0,1,76,0,1,0,0
3624,1,1,0,9,1,1,1,49,0,1,0,0
3625,0,0,0,29,1,0,0,69,1,0,0,1
3626,1,1,1,60,1,0,0,93,0,1,0,0
3627,1,1,0,27,0,0,0,31,1,0,1,0
3628,1,0,1,57,1,0,0,20,0,1,0,0
3629,0,0,1,1,1,1,0,74,1,0,0,1
3630,0,0,0,1,1,0,0,92,1,1,0,0
3631,0,0,0,37,1,0,0,20,0,1,0,0
3632,1,1,1,72,0,1,1,65,0,1,0,0
3633,0,0,1,31,1,0,1,91,1,1,0,0
3634,0,0,0,52,1,1,1,59,0,0,0,1
3635,0,1,0,48,1,1,0,59,0,0,0,1
3636,0,0,0,22,1,0,0,89,1,1,0,0
3637,0,0,0,13,1,0,0,75,1,1,0,0
3638,1,0,0,6,1,0,0,80,0,1,0,0
3639,0,0,0,7,1,1,1,54,0,0,1,0
3640,0,0,1,71,1,1,1,109,0,1,0,0
3641,1,0,1,3,1,0,0,70,1,0,0,1
3642,1,0,1,48,1,1,1,64,0,1,0,0
3643,1,0,1,9,1,0,0,55,0,0,1,0
3644,1,1,0,7,1,1,0,74,1,0,0,1
3645,0,0,1,18,0,0,0,35,1,1,0,0
3646,1,1,0,11,1,0,1,60,0,0,1,0
3647,0,0,0,9,1,0,1,85,0,1,0,0
3648,1,1,0,10,1,1,1,79,1,0,1,0
3649,1,0,0,1,1,1,0,20,0,0,0,1
3650,0,1,0,26,1,1,0,85,1,0,0,1
3651,1,0,0,7,1,0,0,44,0,0,0,1
3652,0,0,0,46,1,0,0,104,0,1,0,0
3653,1,0,1,27,1,0,0,26,0,0,0,1
3654,1,0,0,1,1,0,1,70,1,1,0,0
3655,0,1,0,40,0,0,0,56,1,1,0,0
3656,1,0,1,49,1,0,0,75,1,0,0,1
3657,1,0,0,68,1,1,0,108,1,0,0,1
3658,0,0,1,18,1,0,0,58,0,1,0,0
3659,0,1,0,28,1,1,1,106,1,0,1,0
3660,0,0,0,72,1,0,0,101,0,0,1,0
3661,0,0,0,62,1,0,1,85,0,0,1,0
3662,0,0,1,34,1,0,0,25,0,1,0,0
3663,0,0,0,46,1,0,1,56,0,1,0,0
3664,1,0,0,31,1,0,0,82,0,1,0,0
3665,1,0,0,27,1,1,1,100,0,0,0,1
3666,1,0,1,30,1,1,1,54,0,1,0,0
3667,1,0,1,11,1,0,1,86,0,0,0,1
3668,0,1,0,46,1,0,0,110,1,0,1,0
3669,0,0,0,44,1,1,1,50,0,1,0,0
3670,0,0,0,42,1,1,0,68,0,1,0,0
3671,1,0,0,18,1,1,1,50,1,1,0,0
3672,0,0,0,50,1,1,0,19,0,0,1,0
3673,0,0,1,7,1,1,1,51,0,1,0,0
3674,0,0,1,66,1,0,0,90,0,1,0,0
3675,0,0,1,26,0,0,0,46,0,1,0,0
3676,1,0,0,1,1,0,0,69,1,0,1,0
3677,1,0,0,67,1,0,0,93,0,1,0,0
3678,0,0,0,26,1,1,0,100,0,1,0,0
3679,0,0,0,52,1,0,0,95,0,1,0,0
3680,0,0,1,12,1,0,0,77,0,1,0,0
3681,1,1,0,10,1,1,1,73,1,1,0,0
3682,0,0,0,1,1,0,1,44,0,1,0,0
3683,0,1,0,47,1,0,0,67,0,0,0,1
3684,1,0,0,57,1,1,1,90,0,1,0,0
3685,0,0,0,1,1,0,0,71,1,0,1,0
3686,1,1,0,72,1,1,1,114,0,1,0,0
3687,0,1,0,45,0,0,1,34,0,0,1,0
3688,0,0,0,38,1,1,1,20,0,1,0,0
3689,1,0,1,1,1,0,1,90,0,1,0,0
3690,1,0,1,17,1,0,0,81,0,1,0,0
3691,0,0,1,59,1,1,0,76,0,0,1,0
3692,1,0,0,15,1,1,0,101,1,1,0,0
3693,1,0,0,32,1,1,0,73,0,0,1,0
3694,1,0,0,43,1,1,1,20,0,0,0,1
3695,1,1,0,71,1,1,1,25,0,1,0,0
3696,0,0,0,54,1,0,0,115,0,1,0,0
3697,0,0,0,5,1,1,1,81,1,1,0,0
3698,0,0,1,14,1,1,1,20,0,1,0,0
3699,0,0,1,62,1,0,0,100,1,0,1,0
3700,0,1,1,72,1,0,0,90,0,1,0,0
3701,1,0,0,42,1,1,0,108,0,0,0,1
3702,0,0,0,2,1,1,1,70,0,1,0,0
3703,0,1,0,72,1,0,0,26,0,0,1,0
3704,0,0,1,30,1,1,0,25,0,0,1,0
3705,1,0,0,40,1,1,0,97,1,0,0,1
3706,0,0,1,25,0,1,1,35,0,1,0,0
3707,1,0,0,65,1,0,0,67,0,0,0,1
3708,0,0,0,14,1,0,0,20,0,0,0,1
3709,0,0,1,35,1,1,0,20,0,1,0,0
3710,0,0,0,30,1,0,0,70,0,0,1,0
3711,0,0,1,30,1,1,0,86,0,0,1,0
3712,1,0,0,64,1,0,0,100,0,0,1,0
3713,1,0,1,71,1,0,1,90,0,1,0,0
3714,1,0,0,3,0,0,0,37,1,0,0,1
3715,1,0,0,8,1,0,1,75,0,1,0,0
3716,1,0,0,13,1,1,1,99,1,1,0,0
3717,0,0,0,48,1,0,0,25,0,1,0,0
3718,1,0,0,26,1,1,1,85,0,1,0,0
3719,0,0,0,36,1,0,0,76,0,0,1,0
3720,0,0,1,50,1,0,0,70,0,1,0,0
3721,1,0,0,49,1,0,0,55,0,1,0,0
3722,1,1,0,43,1,0,0,101,0,0,1,0
3723,1,0,1,8,1,0,0,19,0,1,0,0
3724,0,0,1,2,1,1,0,61,0,0,1,0
3725,1,0,1,53,1,0,1,86,0,1,0,0
3726,0,0,0,64,1,1,1,97,0,1,0,0
3727,1,0,0,17,1,1,1,56,0,1,0,0
3728,1,0,0,53,1,1,0,20,0,0,1,0
3729,1,0,0,1,1,0,0,51,0,0,0,1
3730,0,0,1,48,1,1,1,100,0,1,0,0
3731,0,0,1,8,0,0,1,38,0,1,0,0
3732,0,0,1,10,1,1,0,91,0,0,0,1
3733,1,0,0,40,1,0,0,81,0,0,0,1
3734,0,0,1,32,1,1,1,74,0,0,0,1
3735,1,1,0,41,1,1,1,95,0,1,0,0
3736,0,0,0,25,1,0,0,100,1,0,1,0
3737,1,0,1,22,1,1,0,89,0,1,0,0
3738,0,0,0,72,1,0,0,25,0,1,0,0
3739,1,0,0,24,1,1,0,25,0,0,1,0
3740,1,0,0,24,1,0,1,60,0,1,0,0
3741,0,1,0,64,1,1,1,75,0,0,0,1
3742,1,0,0,3,1,1,1,108,0,1,0,0
3743,1,0,0,1,1,0,0,50,0,1,0,0
3744,1,1,0,63,1,0,1,109,0,0,1,0
3745,0,0,1,13,1,0,1,53,0,1,0,0
3746,1,0,0,20,0,0,1,55,0,1,0,0
3747,0,0,1,54,1,1,0,86,0,1,0,0
3748,0,0,1,38,1,0,0,20,0,0,0,1
3749,1,1,0,1,1,1,1,70,1,1,0,0
3750,1,0,0,67,0,0,0,44,0,0,1,0
3751,1,0,0,55,1,1,1,97,1,1,0,0
3752,1,0,1,53,1,0,0,64,0,0,0,1
3753,0,0,1,29,1,0,0,26,0,1,0,0
3754,0,0,0,14,1,0,0,56,0,1,0,0
3755,0,0,0,48,1,1,1,60,1,1,0,0
3756,0,0,0,48,1,0,0,70,0,1,0,0
3757,1,0,1,1,1,0,0,60,0,0,0,1
3758,1,0,1,44,1,0,0,25,0,1,0,0
3759,1,0,1,45,1,1,1,96,0,1,0,0
3760,0,0,0,56,1,0,1,74,1,1,0,0
3761,1,0,0,14,0,1,0,31,0,0,0,1
3762,1,0,0,2,1,1,0,71,0,1,0,0
3763,1,1,0,36,1,0,1,54,0,1,0,0
3764,0,0,0,5,0,1,0,40,1,0,1,0
3765,0,0,1,69,1,1,0,61,0,1,0,0
3766,1,0,1,62,1,0,0,108,0,1,0,0
3767,0,0,0,1,1,1,1,20,0,0,0,1
3768,0,0,0,34,1,1,1,65,0,1,0,0
3769,1,0,0,16,1,1,0,81,0,1,0,0
3770,0,0,1,14,1,0,0,19,0,0,0,1
3771,1,0,1,49,1,0,1,98,0,1,0,0
3772,1,0,0,2,1,0,1,80,1,1,0,0
3773,1,0,1,26,1,0,0,19,0,1,0,0
3774,1,0,0,22,1,1,0,96,0,0,1,0
3775,1,0,1,33,1,1,1,74,1,1,0,0
3776,1,0,1,4,1,0,0,20,0,0,1,0
3777,1,0,0,19,1,0,0,20,0,0,0,1
3778,1,0,1,57,1,1,0,90,0,1,0,0
3779,1,0,0,51,1,1,0,86,0,0,0,1
3780,1,0,0,1,1,0,0,44,1,0,0,1
3781,1,0,0,3,1,0,0,90,0,0,1,0
3782,1,0,1,1,1,1,1,20,0,1,0,0
3783,0,0,0,15,0,1,1,46,0,1,0,0
3784,1,0,0,52,1,1,1,80,0,1,0,0
3785,1,0,0,56,1,1,1,100,1,1,0,0
3786,1,0,0,3,1,1,1,77,1,1,0,0
3787,0,0,0,26,0,0,1,35,0,1,0,0
3788,0,0,0,68,1,0,1,111,0,0,0,1
3789,0,0,0,4,1,0,0,51,0,1,0,0
3790,1,0,1,72,1,0,0,26,0,0,1,0
3791,0,0,0,40,1,0,1,106,0,1,0,0
3792,1,1,1,66,1,0,1,100,1,1,0,0
3793,1,0,1,1,1,0,0,20,0,1,0,0
3794,0,1,0,19,1,0,0,105,0,1,0,0
3795,1,0,0,42,1,0,1,20,0,1,0,0
3796,1,0,1,34,1,1,0,98,0,1,0,0
3797,0,0,0,1,1,1,0,81,1,0,1,0
3798,1,0,1,72,1,1,1,89,0,1,0,0
3799,0,0,0,51,1,1,0,20,0,1,0,0
3800,0,1,0,55,1,1,1,85,1,0,0,1
3801,0,0,1,66,1,1,1,102,1,1,0,0
3802,0,1,0,30,1,0,0,90,0,1,0,0
3803,1,1,0,34,1,1,1,90,0,0,0,1
3804,0,0,0,55,1,1,1,78,1,1,0,0
3805,0,0,0,54,1,0,1,95,0,1,0,0
3806,1,0,0,57,0,0,1,39,1,1,0,0
3807,1,0,1,11,1,1,1,74,1,1,0,0
3808,1,0,0,2,1,0,0,20,0,1,0,0
3809,1,1,0,4,1,0,0,69,0,0,1,0
3810,0,0,1,72,1,0,0,91,0,1,0,0
3811,1,0,0,48,1,0,0,20,0,1,0,0
3812,1,0,0,26,1,0,0,21,0,0,1,0
3813,0,0,1,15,1,1,1,20,0,0,0,1
3814,0,0,0,15,1,1,0,83,0,0,0,1
3815,1,0,0,64,1,1,1,102,0,1,0,0
3816,0,0,0,71,1,1,0,111,0,0,0,1
3817,1,0,0,63,1,0,0,69,0,0,0,1
3818,1,0,0,1,1,1,1,20,0,0,0,1
3819,0,0,1,64,1,0,0,104,0,0,1,0
3820,1,0,0,45,1,1,1,76,0,1,0,0
3821,0,0,0,4,1,1,1,20,0,1,0,0
3822,0,0,0,31,1,1,1,90,1,1,0,0
3823,1,0,0,68,1,1,0,110,1,0,0,1
3824,1,0,0,25,1,0,0,82,0,1,0,0
3825,1,0,1,72,1,0,0,25,0,0,0,1
3826,0,0,0,36,1,1,0,56,0,0,0,1
3827,1,0,0,1,1,0,0,44,0,0,1,0
3828,1,0,1,0,1,0,0,25,0,0,0,1
3829,0,0,0,25,1,1,1,20,0,1,0,0
3830,0,0,0,8,1,1,1,19,0,1,0,0
3831,0,0,1,37,1,1,1,75,0,0,1,0
3832,1,1,0,4,1,1,0,95,0,0,1,0
3833,0,0,1,28,1,1,0,83,0,1,0,0
3834,0,0,0,37,0,0,0,45,0,0,1,0
3835,1,0,0,8,1,0,0,20,0,0,1,0
3836,1,0,1,1,1,1,0,49,0,0,1,0
3837,0,0,1,25,1,0,1,20,0,0,1,0
3838,1,0,0,26,1,1,1,98,1,1,0,0
3839,0,1,0,9,1,0,0,81,1,1,0,0
3840,0,0,1,21,1,1,0,103,1,0,0,1
3841,1,1,0,19,1,1,1,80,1,1,0,0
3842,1,0,0,18,0,1,1,34,0,1,0,0
3843,1,0,0,32,1,0,1,108,1,1,0,0
3844,1,1,0,23,0,1,0,35,0,0,1,0
3845,0,0,1,55,1,0,1,75,0,1,0,0
3846,1,0,0,43,1,0,0,26,0,1,0,0
3847,1,1,0,2,1,0,0,45,1,1,0,0
3848,0,0,0,5,1,0,0,83,0,1,0,0
3849,1,0,1,14,1,1,1,61,0,0,0,1
3850,1,0,0,4,1,0,0,61,0,0,0,1
3851,1,0,0,4,1,0,0,45,0,0,0,1
3852,0,0,0,12,1,0,0,20,0,1,0,0
3853,0,0,0,68,1,1,1,86,0,1,0,0
3854,1,0,0,10,1,1,1,86,1,1,0,0
3855,0,0,0,53,1,0,0,95,1,1,0,0
3856,0,0,0,66,1,1,1,89,0,1,0,0
3857,1,0,0,27,1,0,0,19,0,1,0,0
3858,0,1,1,34,1,0,0,80,1,0,1,0
3859,0,1,0,11,1,1,1,85,1,0,1,0
3860,0,0,0,64,1,0,0,26,0,1,0,0
3861,0,0,0,13,1,0,1,82,0,0,0,1
3862,1,0,1,3,1,1,0,20,0,0,0,1
3863,1,0,0,24,1,1,1,90,0,1,0,0
3864,0,0,0,69,1,1,1,61,0,1,0,0
3865,0,0,1,20,1,1,0,96,0,1,0,0
3866,0,0,0,48,0,1,0,45,0,0,0,1
3867,1,0,0,13,0,0,0,54,1,0,0,1
3868,1,1,0,5,1,0,1,86,0,1,0,0
3869,0,0,1,5,1,1,1,70,0,0,1,0
3870,1,1,0,1,1,0,0,74,0,0,1,0
3871,1,0,1,30,1,1,1,94,1,1,0,0
3872,1,0,0,13,1,0,1,101,0,1,0,0
3873,0,0,0,61,1,0,0,94,0,0,0,1
3874,0,0,0,4,1,0,0,20,0,1,0,0
3875,0,0,1,10,1,1,1,55,1,0,1,0
3876,0,0,0,40,1,1,1,64,0,1,0,0
3877,1,0,0,43,1,0,0,66,0,0,1,0
3878,0,0,0,1,0,1,1,30,0,0,0,1
3879,1,0,0,9,1,0,0,70,0,1,0,0
3880,0,1,0,1,1,1,0,70,1,0,1,0
3881,0,0,0,19,1,1,0,20,0,0,0,1
3882,0,0,0,9,1,0,0,75,0,1,0,0
3883,1,0,0,9,1,1,1,81,0,1,0,0
3884,1,0,1,18,1,1,1,20,0,1,0,0
3885,0,0,0,67,1,1,1,106,0,1,0,0
3886,0,0,0,13,1,1,1,44,0,0,1,0
3887,1,0,0,5,1,0,1,70,1,1,0,0
3888,1,1,0,33,1,0,1,110,0,1,0,0
3889,0,0,0,62,1,0,0,65,0,0,1,0
3890,1,0,0,72,1,1,1,101,0,0,1,0
3891,1,0,0,8,1,1,0,84,1,0,1,0
3892,0,1,0,1,1,0,0,46,1,1,0,0
3893,0,0,0,44,1,0,0,95,0,1,0,0
3894,1,0,0,17,1,1,1,97,0,0,0,1
3895,0,0,1,30,1,1,0,100,1,0,0,1
3896,1,0,1,69,1,0,0,26,0,0,1,0
3897,0,0,0,23,1,1,1,50,0,0,0,1
3898,0,0,0,2,1,1,0,86,1,0,1,0
3899,0,1,0,3,1,1,1,45,1,1,0,0
3900,0,0,0,30,1,0,0,75,0,0,1,0
3901,1,0,0,1,1,1,1,44,0,0,0,1
3902,0,1,0,8,1,0,0,100,0,1,0,0
3903,1,1,0,59,1,0,1,83,0,1,0,0
3904,0,1,0,7,1,0,0,51,0,1,0,0
3905,0,0,1,37,1,0,0,95,0,1,0,0
3906,1,0,1,49,1,0,1,109,0,1,0,0
3907,0,0,0,26,1,0,1,82,0,1,0,0
3908,0,0,0,1,1,1,1,80,1,0,0,1
3909,0,0,0,62,1,0,0,114,0,0,0,1
3910,0,0,0,17,1,1,1,20,0,1,0,0
3911,1,0,0,36,1,0,0,95,0,1,0,0
3912,1,0,1,32,1,1,1,20,0,0,0,1
3913,1,0,0,2,1,1,0,20,0,0,0,1
3914,0,0,1,30,1,0,0,19,0,0,1,0
3915,1,0,0,21,1,0,1,106,1,0,1,0
3916,1,0,0,66,1,0,1,106,1,1,0,0
3917,1,0,0,32,1,0,1,80,1,1,0,0
3918,0,1,0,3,1,0,1,80,1,1,0,0
3919,0,0,1,69,1,1,1,20,0,1,0,0
3920,1,0,0,10,1,1,1,110,1,0,0,1
3921,0,1,0,1,1,1,0,69,1,1,0,0
3922,1,0,0,69,1,1,1,91,0,1,0,0
3923,0,1,0,4,1,0,1,94,1,1,0,0
3924,1,0,1,66,1,1,1,63,0,0,1,0
3925,0,0,0,35,0,1,0,24,0,0,1,0
3926,1,0,0,22,1,0,0,105,0,1,0,0
3927,0,0,1,55,1,0,0,19,0,1,0,0
3928,1,0,0,9,1,0,1,81,1,1,0,0
3929,0,0,0,55,1,0,0,90,0,0,1,0
3930,0,0,0,36,1,1,1,106,0,0,1,0
3931,1,1,0,27,1,0,0,81,1,1,0,0
3932,0,0,1,67,1,1,1,107,0,1,0,0
3933,0,1,0,54,1,0,0,102,1,1,0,0
3934,1,0,0,62,0,0,0,39,0,0,1,0
3935,1,0,1,56,0,0,0,52,0,0,0,1
3936,0,0,0,34,1,0,0,110,1,1,0,0
3937,0,0,1,33,1,0,0,86,1,1,0,0
3938,0,0,0,5,1,0,0,94,1,1,0,0
3939,0,0,0,16,1,0,1,20,0,1,0,0
3940,1,0,0,34,1,0,0,89,0,1,0,0
3941,0,1,0,58,1,0,0,106,1,1,0,0
3942,0,1,0,66,1,0,0,71,0,1,0,0
3943,1,0,0,37,1,0,0,20,0,1,0,0
3944,0,0,1,6,1,0,0,46,0,0,1,0
3945,1,0,0,65,1,0,0,74,0,1,0,0
3946,1,0,0,51,1,0,0,20,0,1,0,0
3947,1,0,0,2,1,0,0,45,1,1,0,0
3948,1,0,0,18,1,0,1,68,0,0,1,0
3949,0,0,0,51,1,1,0,60,0,1,0,0
3950,0,0,0,9,1,1,1,20,0,1,0,0
3951,1,0,0,15,1,1,0,100,0,0,0,1
3952,1,0,1,72,1,1,1,106,0,0,0,1
3953,1,0,1,12,1,0,1,19,0,1,0,0
3954,1,0,0,60,0,1,1,40,0,1,0,0
3955,0,0,0,32,1,0,0,19,0,1,0,0
3956,1,0,0,6,1,1,1,80,1,1,0,0
3957,1,0,1,39,1,1,1,100,0,0,0,1
3958,1,0,0,2,1,1,1,75,0,1,0,0
3959,1,0,0,71,1,0,0,79,0,0,1,0
3960,0,0,0,1,1,0,0,60,1,1,0,0
3961,1,0,0,2,1,0,0,80,1,1,0,0
3962,0,0,1,72,1,1,1,110,0,1,0,0
3963,0,0,0,41,1,0,0,69,0,0,0,1
3964,1,1,0,7,1,1,1,75,0,0,0,1
3965,1,1,0,35,1,1,1,95,0,0,1,0
3966,1,0,0,31,1,1,1,80,0,0,0,1
3967,1,0,1,45,1,0,0,24,0,0,1,0
3968,1,0,0,15,1,0,0,93,1,0,0,1
3969,1,0,1,27,1,0,1,20,0,1,0,0
3970,0,1,0,31,1,0,0,91,0,0,1,0
3971,0,0,1,41,1,1,0,66,1,0,0,1
3972,1,0,0,19,1,0,0,19,0,1,0,0
3973,0,0,1,25,0,0,0,59,1,0,1,0
3974,0,0,1,15,1,1,0,105,0,0,1,0
3975,0,0,1,2,1,1,1,72,0,1,0,0
3976,1,0,0,12,1,0,0,50,1,1,0,0
3977,0,1,0,23,1,0,1,79,0,0,0,1
3978,0,0,1,22,1,0,1,20,0,1,0,0
3979,1,0,1,71,1,1,0,101,0,0,0,1
3980,0,1,1,30,1,1,1,101,0,1,0,0
3981,0,0,0,1,1,1,1,45,1,1,0,0
3982,0,0,0,20,1,1,0,19,0,0,0,1
3983,1,0,0,1,1,0,0,56,0,1,0,0
3984,0,0,1,68,1,1,0,85,0,0,0,1
3985,1,0,0,14,1,0,0,20,0,1,0,0
3986,1,0,1,2,1,1,1,20,1,0,0,1
3987,1,0,0,38,1,1,1,70,0,1,0,0
3988,1,0,0,18,1,1,0,20,0,0,1,0
3989,0,0,0,31,1,0,0,104,0,1,0,0
3990,0,0,1,71,1,0,1,64,0,1,0,0
3991,1,0,0,67,1,1,1,110,0,1,0,0
3992,1,0,0,72,1,1,0,92,0,0,0,1
3993,1,1,0,32,1,1,0,106,1,0,0,1
3994,1,0,1,4,1,1,1,81,1,0,1,0
3995,0,0,0,23,1,0,1,60,0,1,0,0
3996,0,0,1,66,1,0,0,67,0,0,0,1
3997,1,1,0,57,1,0,0,105,0,0,0,1
3998,0,0,0,36,1,0,0,90,0,1,0,0
3999,1,0,0,13,0,0,1,25,0,1,0,0
4000,0,0,0,9,1,1,1,83,1,1,0,0
4001,0,0,1,5,1,1,1,81,0,0,0,1
4002,0,0,0,67,1,1,0,86,0,0,0,1
4003,1,0,0,1,1,0,0,70,1,0,0,1
4004,1,0,0,4,1,1,0,75,1,0,0,1
4005,0,0,0,1,1,1,0,70,1,1,0,0
4006,0,0,1,31,1,0,0,20,1,0,0,1
4007,1,0,0,3,1,1,0,43,1,0,0,1
4008,0,0,1,4,1,0,0,79,0,0,1,0
4009,0,0,0,33,1,0,0,95,0,0,0,1
4010,0,0,1,58,1,0,0,25,0,1,0,0
4011,1,0,1,25,1,0,0,25,0,0,0,1
4012,1,0,0,4,1,0,0,76,1,1,0,0
4013,1,1,0,51,1,1,0,94,0,1,0,0
4014,1,0,0,19,0,1,1,25,0,1,0,0
4015,0,0,0,11,1,1,0,44,1,0,1,0
4016,0,0,0,24,1,0,0,56,0,1,0,0
4017,1,0,0,18,1,1,0,74,0,0,1,0
4018,0,0,0,4,0,0,0,24,1,0,1,0
4019,0,0,0,12,1,1,1,78,1,1,0,0
4020,1,1,0,19,1,0,0,88,1,0,0,1
4021,1,1,0,31,1,0,0,97,0,1,0,0
4022,1,1,0,61,1,0,0,64,0,1,0,0
4023,1,1,0,8,1,0,0,70,0,0,1,0
4024,0,0,1,49,1,0,0,87,0,1,0,0
4025,1,0,0,5,0,0,1,51,1,1,0,0
4026,1,0,1,35,1,1,1,73,0,0,0,1
4027,1,0,0,70,1,0,0,116,1,1,0,0
4028,1,0,0,1,1,0,1,101,1,0,0,1
4029,0,0,0,31,1,0,0,88,0,0,0,1
4030,0,1,0,13,1,0,0,74,1,1,0,0
4031,1,0,1,28,0,1,1,51,0,0,0,1
4032,1,1,0,50,1,1,1,70,0,1,0,0
4033,0,1,0,22,1,0,0,20,0,0,1,0
4034,1,0,1,36,0,0,0,61,0,1,0,0
4035,1,0,0,40,1,1,1,106,0,1,0,0
4036,1,0,1,19,1,0,0,50,0,1,0,0
4037,0,0,1,4,1,1,0,81,1,0,0,1
4038,0,0,0,35,1,0,0,86,1,0,0,1
4039,0,0,0,20,1,1,1,69,0,1,0,0
4040,1,0,0,11,1,0,0,20,0,0,1,0
4041,0,0,1,9,1,0,0,20,0,0,0,1
4042,0,0,1,71,1,0,0,99,0,1,0,0
4043,0,0,1,71,1,0,0,20,0,0,0,1
4044,0,0,0,71,1,1,0,113,0,0,0,1
4045,0,0,0,31,1,0,1,79,0,1,0,0
4046,0,1,0,1,1,1,0,70,1,1,0,0
4047,1,0,0,31,1,1,1,76,0,0,0,1
4048,0,0,0,1,1,0,0,71,1,0,0,1
4049,1,0,0,1,1,1,1,69,1,0,1,0
4050,1,0,1,67,1,1,1,80,1,1,0,0
4051,0,1,0,43,1,1,1,94,0,0,0,1
4052,1,1,0,21,1,0,0,87,0,1,0,0
4053,0,0,0,61,1,1,0,106,0,1,0,0
4054,0,0,0,72,1,0,0,25,0,1,0,0
4055,1,0,1,6,1,0,0,25,0,0,0,1
4056,0,0,1,47,1,0,0,20,0,1,0,0
4057,0,0,0,24,1,1,0,20,0,0,0,1
4058,1,0,0,39,1,1,1,81,0,1,0,0
4059,0,0,1,65,1,0,0,25,0,1,0,0
4060,0,0,0,1,1,1,0,86,1,0,0,1
4061,1,0,0,6,1,0,0,88,0,1,0,0
4062,0,1,0,56,1,0,1,101,1,1,0,0
4063,0,0,0,23,1,1,1,69,0,1,0,0
4064,1,0,0,34,1,0,0,20,0,1,0,0
4065,1,0,0,21,1,0,0,20,0,1,0,0
4066,1,0,0,62,1,1,0,69,0,0,1,0
4067,1,0,0,62,1,0,0,20,0,0,0,1
4068,0,0,0,51,1,0,0,112,0,0,1,0
4069,1,0,0,18,1,0,1,57,0,0,0,1
4070,0,0,0,34,1,1,1,74,1,1,0,0
4071,0,0,0,61,1,0,0,94,0,1,0,0
4072,1,1,0,2,1,0,1,50,0,1,0,0
4073,1,0,1,72,1,0,0,55,0,1,0,0
4074,0,0,0,53,1,1,1,110,0,1,0,0
4075,1,0,0,6,1,0,0,79,0,1,0,0
4076,0,0,0,24,1,1,1,84,0,0,0,1
4077,1,0,1,68,1,1,1,71,0,1,0,0
4078,0,0,1,47,0,0,0,60,0,0,1,0
4079,1,1,0,47,1,1,1,86,1,1,0,0
4080,0,0,1,36,1,1,0,19,0,0,0,1
4081,1,0,0,9,1,0,1,20,0,1,0,0
4082,0,0,1,61,1,1,0,101,0,0,1,0
4083,1,0,0,72,1,1,1,79,0,1,0,0
4084,0,0,1,35,1,0,1,55,0,1,0,0
4085,0,0,0,25,1,0,0,27,0,0,1,0
4086,1,1,0,35,1,1,0,101,1,0,0,1
4087,0,0,1,24,0,0,0,58,0,1,0,0
4088,1,0,0,56,1,1,1,25,1,1,0,0
4089,1,1,0,26,1,1,1,94,0,1,0,0
4090,0,0,0,72,1,0,0,80,0,1,0,0
4091,0,0,0,37,1,1,0,65,0,1,0,0
4092,0,0,0,7,1,0,0,75,1,1,0,0
4093,1,0,0,7,1,1,1,74,1,1,0,0
4094,1,0,0,69,1,0,1,79,1,1,0,0
4095,1,0,1,8,1,0,1,20,0,1,0,0
4096,0,0,1,12,0,0,1,30,0,1,0,0
4097,1,0,1,44,1,0,1,26,0,1,0,0
4098,1,0,1,72,1,0,0,81,0,1,0,0
4099,1,0,0,56,1,0,0,94,1,1,0,0
4100,0,0,0,10,1,0,0,20,0,0,0,1
4101,1,1,0,1,1,0,0,69,1,1,0,0
4102,1,0,1,47,1,0,0,54,0,1,0,0
4103,1,0,0,44,1,1,1,20,0,0,0,1
4104,1,0,0,3,1,0,0,78,1,1,0,0
4105,0,0,0,8,1,1,1,71,1,0,0,1
4106,1,0,0,16,1,1,1,21,0,1,0,0
4107,1,0,1,72,1,1,1,82,0,0,0,1
4108,0,0,0,1,1,0,0,46,1,0,1,0
4109,0,1,0,71,1,0,0,89,0,1,0,0
4110,0,1,0,56,1,0,0,68,0,0,0,1
4111,0,0,1,3,1,0,0,19,0,0,1,0
4112,1,0,1,11,1,1,1,65,0,1,0,0
4113,0,0,0,60,1,0,0,81,0,0,1,0
4114,0,1,0,42,1,0,0,105,0,0,0,1
4115,0,0,0,2,1,1,0,51,0,0,1,0
4116,0,0,0,9,1,0,0,20,0,0,1,0
4117,1,0,0,1,1,0,1,75,0,0,0,1
4118,1,0,1,52,0,0,1,50,0,1,0,0
4119,1,1,0,35,1,0,0,99,1,0,1,0
4120,1,0,1,20,1,0,1,19,1,0,1,0
4121,0,0,0,15,1,1,1,75,0,1,0,0
4122,1,0,0,17,1,0,0,71,0,0,1,0
4123,1,0,0,30,1,0,1,90,1,1,0,0
4124,0,0,0,1,1,1,1,96,0,1,0,0
4125,1,0,0,10,1,0,1,85,1,1,0,0
4126,0,0,0,13,1,0,0,70,0,1,0,0
4127,1,0,0,4,1,1,0,100,1,0,0,1
4128,0,1,0,3,1,0,0,70,1,1,0,0
4129,0,0,0,59,1,0,1,80,0,1,0,0
4130,0,0,0,2,1,0,0,70,1,1,0,0
4131,0,0,1,14,1,0,0,81,0,1,0,0
4132,1,0,0,1,0,0,0,25,1,1,0,0
4133,1,1,0,43,1,1,1,103,1,1,0,0
4134,0,0,0,16,1,1,1,75,0,1,0,0
4135,1,1,0,53,0,1,0,54,1,0,0,1
4136,0,0,1,4,1,0,0,25,0,0,1,0
4137,0,0,0,16,1,0,0,75,0,1,0,0
4138,0,0,0,43,1,0,1,55,0,1,0,0
4139,1,1,0,8,1,1,1,81,1,1,0,0
4140,1,0,1,6,1,1,1,49,0,0,1,0
4141,0,0,0,72,1,0,0,112,0,1,0,0
4142,0,0,1,60,0,0,0,50,0,0,1,0
4143,1,0,1,0,1,1,1,20,0,1,0,0
4144,0,0,0,2,1,1,1,20,0,1,0,0
4145,0,0,0,55,1,0,0,90,0,1,0,0
4146,0,0,0,56,1,1,1,99,0,1,0,0
4147,1,0,1,71,1,1,0,85,0,0,0,1
4148,1,0,0,2,1,0,0,62,1,1,0,0
4149,0,0,0,64,1,0,0,105,0,0,0,1
4150,0,0,0,42,1,0,1,74,1,1,0,0
4151,1,1,0,25,1,0,0,89,1,1,0,0
4152,0,0,1,5,1,1,0,49,0,0,0,1
4153,1,0,1,72,1,0,0,117,0,0,1,0
4154,0,1,0,33,1,1,1,81,1,1,0,0
4155,1,1,0,32,1,1,1,85,1,0,0,1
4156,1,0,1,5,1,0,0,20,0,1,0,0
4157,0,0,0,3,1,0,0,74,1,1,0,0
4158,0,1,0,6,1,1,0,84,1,0,0,1
4159,1,0,0,69,1,1,1,106,1,1,0,0
4160,0,0,0,13,1,0,0,80,0,0,1,0
4161,1,0,1,22,1,0,0,75,0,1,0,0
4162,1,0,0,61,1,0,0,70,0,0,0,1
4163,0,1,0,33,0,1,0,59,0,0,1,0
4164,1,0,0,41,1,1,1,73,1,0,0,1
4165,0,0,0,45,1,1,1,113,0,1,0,0
4166,1,1,0,70,1,0,0,90,0,0,1,0
4167,1,0,1,55,1,1,0,58,1,0,1,0
4168,1,0,1,52,0,0,0,44,0,0,0,1
4169,1,0,0,3,0,0,1,40,1,1,0,0
4170,0,0,0,30,1,1,1,100,1,0,0,1
4171,1,1,0,70,0,0,0,45,1,1,0,0
4172,0,0,1,9,1,0,0,93,0,1,0,0
4173,1,0,1,21,1,1,1,20,0,1,0,0
4174,0,0,1,55,1,0,0,76,0,1,0,0
4175,1,0,0,41,1,0,0,65,0,0,1,0
4176,0,0,1,62,1,0,0,26,0,0,1,0
4177,0,0,0,1,1,0,0,80,1,1,0,0
4178,0,1,0,67,1,0,0,55,0,0,0,1
4179,0,0,0,63,1,1,1,80,0,1,0,0
4180,1,0,0,38,1,0,0,69,0,1,0,0
4181,0,0,0,70,0,1,1,58,0,1,0,0
4182,1,0,1,38,1,1,1,20,0,1,0,0
4183,0,0,1,5,0,0,0,30,0,1,0,0
4184,1,0,0,24,1,1,1,50,0,1,0,0
4185,1,0,0,16,1,0,0,74,1,1,0,0
4186,0,0,0,68,0,1,1,39,0,0,0,1
4187,0,0,1,57,1,0,0,101,0,0,0,1
4188,1,1,0,60,1,1,1,104,0,1,0,0
4189,0,0,0,29,1,1,0,71,0,0,1,0
4190,0,0,1,9,1,1,1,66,0,1,0,0
4191,0,0,0,71,1,1,1,26,0,1,0,0
4192,0,0,0,24,0,0,0,54,1,0,1,0
4193,1,1,0,2,1,0,0,49,1,1,0,0
4194,1,0,1,66,1,1,0,21,0,0,0,1
4195,1,0,0,54,1,1,0,104,1,1,0,0
4196,0,0,0,72,1,1,0,114,0,0,0,1
4197,1,0,0,52,1,1,1,20,0,1,0,0
4198,1,0,1,71,1,1,0,77,0,0,0,1
4199,0,1,0,5,1,1,1,79,1,0,1,0
4200,1,0,0,42,1,0,0,20,0,0,0,1
4201,0,0,0,2,1,0,0,45,1,0,0,1
4202,1,0,0,11,1,0,0,75,1,0,1,0
4203,0,0,1,41,1,0,0,80,1,0,1,0
4204,0,0,1,68,1,0,1,88,0,1,0,0
4205,0,1,0,50,1,1,0,95,1,0,0,1
4206,1,0,0,53,1,1,1,94,1,0,0,1
4207,0,0,1,8,1,0,0,84,1,1,0,0
4208,0,0,0,50,1,0,0,104,0,0,1,0
4209,0,0,0,50,1,0,0,100,0,1,0,0
4210,0,0,0,8,1,1,0,60,0,0,1,0
4211,0,0,0,10,0,1,1,30,0,1,0,0
4212,0,0,1,37,1,0,1,24,0,1,0,0
4213,0,0,1,49,1,0,0,62,0,1,0,0
4214,0,0,0,17,0,1,1,36,0,1,0,0
4215,1,0,1,12,1,1,1,20,0,0,0,1
4216,1,0,1,23,1,1,0,100,1,0,0,1
4217,0,0,1,71,0,1,1,59,0,1,0,0
4218,0,0,1,71,1,1,0,78,0,1,0,0
4219,1,0,0,24,1,0,1,89,0,0,1,0
4220,1,0,1,45,1,0,0,79,0,0,1,0
4221,1,0,1,42,1,0,0,64,0,1,0,0
4222,0,0,0,18,1,0,1,96,1,0,1,0
4223,0,0,0,26,1,0,1,74,0,1,0,0
4224,1,0,1,9,1,0,0,55,1,0,0,1
4225,0,0,0,2,1,0,0,44,0,1,0,0
4226,0,0,1,5,1,1,1,45,0,1,0,0
4227,1,1,0,6,1,0,0,84,1,0,0,1
4228,1,1,0,52,1,0,1,111,0,1,0,0
4229,1,0,0,57,1,1,1,74,0,0,0,1
4230,1,0,0,29,1,0,1,75,0,1,0,0
4231,0,0,1,67,1,1,0,25,0,0,0,1
4232,0,0,0,42,1,0,1,105,1,1,0,0
4233,0,0,0,12,1,0,0,19,0,0,0,1
4234,1,0,1,7,0,0,0,34,1,0,1,0
4235,0,0,0,12,1,1,1,20,0,0,1,0
4236,0,0,0,13,0,0,0,49,1,1,0,0
4237,1,0,0,31,1,0,0,71,0,1,0,0
4238,1,0,1,9,0,0,0,30,1,0,1,0
4239,1,0,0,63,1,0,0,20,0,0,1,0
4240,1,1,0,45,1,1,1,99,0,1,0,0
4241,0,1,0,12,1,0,0,79,0,1,0,0
4242,1,0,0,41,1,0,0,80,0,1,0,0
4243,1,0,0,5,1,0,0,21,1,1,0,0
4244,1,1,0,71,0,0,0,46,0,0,0,1
4245,0,0,1,72,1,0,0,79,0,0,0,1
4246,1,0,0,9,1,1,1,69,0,0,0,1
4247,0,0,1,51,1,0,1,90,0,0,0,1
4248,0,0,1,35,0,1,1,41,0,1,0,0
4249,1,0,0,56,1,0,0,101,0,0,1,0
4250,0,1,0,18,1,1,1,75,0,0,1,0
4251,1,0,0,44,1,0,0,112,0,0,0,1
4252,0,0,1,48,0,1,0,30,0,1,0,0
4253,0,0,0,11,1,1,1,65,0,1,0,0
4254,1,0,1,71,1,1,1,106,1,1,0,0
4255,1,1,0,35,1,1,0,82,0,0,1,0
4256,1,1,0,24,0,1,0,34,0,0,0,1
4257,0,0,0,60,1,0,1,105,0,1,0,0
4258,1,0,0,6,0,1,1,30,1,0,1,0
4259,1,0,1,15,1,0,0,20,1,1,0,0
4260,1,1,0,21,1,0,0,104,0,0,1,0
4261,1,0,1,33,1,0,0,21,0,0,1,0
4262,0,0,0,1,1,0,0,21,0,1,0,0
4263,0,0,1,58,1,1,1,20,0,0,0,1
4264,0,0,0,10,1,1,1,65,0,1,0,0
4265,0,0,1,33,1,1,1,24,0,1,0,0
4266,0,1,0,1,0,1,1,25,1,0,1,0
4267,0,0,1,1,1,1,0,46,1,0,0,1
4268,1,0,1,42,1,0,1,73,0,0,1,0
4269,1,0,1,1,1,1,1,20,0,1,0,0
4270,1,0,0,38,1,1,0,20,0,0,0,1
4271,0,0,0,5,1,0,0,51,1,0,1,0
4272,1,0,0,65,1,1,0,110,0,0,0,1
4273,0,1,0,43,0,1,1,33,0,1,0,0
4274,0,0,0,72,1,0,0,85,0,0,1,0
4275,1,0,0,60,1,1,0,94,1,1,0,0
4276,1,0,0,55,1,0,0,101,0,1,0,0
4277,0,0,1,70,1,0,0,113,0,1,0,0
4278,0,0,0,6,1,0,1,74,0,0,1,0
4279,0,0,1,13,1,1,0,104,0,1,0,0
4280,1,0,1,8,1,0,0,20,0,0,0,1
4281,1,0,1,45,1,0,0,100,0,1,0,0
4282,0,0,0,54,1,1,1,110,1,0,1,0
4283,0,0,0,33,1,0,1,83,1,1,0,0
4284,1,0,1,21,1,0,1,76,0,1,0,0
4285,0,1,0,55,1,1,0,100,1,0,0,1
4286,0,0,0,1,1,1,1,75,1,1,0,0
4287,1,0,0,44,1,1,1,69,0,0,1,0
4288,1,0,0,72,1,1,1,87,0,1,0,0
4289,1,0,1,13,1,0,0,62,0,0,0,1
4290,0,0,1,36,1,0,0,104,0,1,0,0
4291,1,0,0,71,1,1,1,26,0,0,0,1
4292,1,1,0,9,1,1,1,100,1,1,0,0
4293,0,0,0,46,1,0,1,55,0,1,0,0
4294,0,1,0,61,1,0,1,104,1,0,1,0
4295,1,1,0,72,1,0,0,77,0,0,1,0
4296,1,0,0,11,1,1,0,75,1,1,0,0
4297,0,0,0,2,1,1,0,70,0,0,0,1
4298,1,0,0,2,1,0,0,19,0,1,0,0
4299,0,0,0,4,1,1,0,79,1,1,0,0
4300,1,0,0,3,1,1,0,49,1,0,1,0
4301,0,0,0,3,0,0,0,35,0,0,0,1
4302,0,0,0,43,1,0,1,65,0,0,1,0
4303,0,0,1,61,1,1,0,20,0,0,0,1
4304,0,1,0,49,1,0,0,91,1,0,1,0
4305,0,0,0,34,1,0,0,64,0,0,0,1
4306,1,0,0,1,1,1,1,50,0,1,0,0
4307,0,0,0,1,1,1,1,46,1,1,0,0
4308,0,0,0,61,1,0,1,86,0,1,0,0
4309,0,0,1,4,1,0,0,74,1,1,0,0
4310,1,0,0,59,1,0,0,69,0,0,0,1
4311,1,0,1,4,1,0,0,45,0,1,0,0
4312,1,0,1,0,1,0,0,20,0,0,0,1
4313,1,0,0,22,1,0,1,20,0,1,0,0
4314,0,0,0,72,1,1,1,85,0,1,0,0
4315,1,0,1,15,0,0,1,30,0,1,0,0
4316,0,0,0,1,1,1,0,19,1,0,0,1
4317,0,0,0,57,1,0,0,95,1,0,1,0
4318,1,0,1,39,1,0,0,86,1,0,1,0
4319,0,1,0,6,1,1,1,20,0,0,1,0
4320,0,0,0,16,1,0,0,63,0,0,1,0
4321,0,0,1,39,0,1,1,30,1,1,0,0
4322,1,0,1,4,1,0,1,20,0,1,0,0
4323,1,0,0,59,1,1,1,107,1,0,1,0
4324,0,0,1,69,1,0,0,84,0,1,0,0
4325,1,0,1,24,1,0,0,70,0,1,0,0
4326,1,0,1,6,1,0,1,20,0,1,0,0
4327,1,0,0,9,1,0,1,94,0,1,0,0
4328,0,0,1,8,1,1,0,20,0,1,0,0
4329,0,0,0,30,1,1,1,20,1,1,0,0
4330,1,0,1,62,1,0,1,71,0,1,0,0
4331,0,0,0,35,1,1,0,21,0,0,0,1
4332,0,0,1,55,1,1,0,19,0,0,0,1
4333,0,0,0,2,1,1,1,61,0,1,0,0
4334,1,1,0,29,1,0,1,94,1,1,0,0
4335,1,0,0,2,1,0,1,75,0,1,0,0
4336,1,1,0,33,0,1,1,55,0,0,0,1
4337,1,0,0,5,1,1,1,76,1,1,0,0
4338,0,0,0,1,1,0,0,69,1,1,0,0
4339,0,0,0,72,1,1,0,106,0,0,1,0
4340,1,1,0,43,1,0,0,90,1,1,0,0
4341,0,0,0,10,1,0,0,75,1,1,0,0
4342,0,0,0,70,1,1,0,26,0,0,0,1
4343,1,0,0,24,1,1,1,96,1,1,0,0
4344,0,0,0,23,1,1,0,20,0,0,0,1
4345,0,0,1,43,0,0,0,51,0,0,1,0
4346,0,0,0,1,1,1,0,19,1,1,0,0
4347,1,0,0,24,1,0,1,80,1,0,0,1
4348,0,1,1,65,1,0,0,104,0,1,0,0
4349,0,0,1,56,1,1,1,110,0,1,0,0
4350,1,1,0,1,1,0,0,79,1,1,0,0
4351,1,1,0,28,1,0,0,106,0,1,0,0
4352,0,0,0,13,0,1,1,29,0,1,0,0
4353,0,0,0,8,1,0,1,80,1,1,0,0
4354,0,0,0,3,1,0,0,70,0,0,0,1
4355,1,0,0,1,1,1,0,20,1,1,0,0
4356,0,1,0,26,1,0,0,89,1,1,0,0
4357,1,1,0,1,1,0,0,76,1,1,0,0
4358,0,0,0,5,1,0,0,20,0,0,1,0
4359,1,0,0,28,1,1,1,94,1,1,0,0
4360,0,0,0,11,1,1,1,59,0,1,0,0
4361,0,1,0,11,1,0,0,104,1,0,1,0
4362,0,1,0,66,1,0,0,80,1,0,1,0
4363,1,0,0,56,1,1,1,20,0,1,0,0
4364,0,1,0,53,1,1,0,25,0,0,0,1
4365,0,0,1,3,0,1,0,31,1,0,0,1
4366,0,1,0,72,1,1,1,117,0,1,0,0
4367,0,0,0,6,1,0,0,71,0,0,1,0
4368,0,0,1,71,1,0,1,115,0,1,0,0
4369,1,0,0,15,1,0,0,20,0,1,0,0
4370,0,1,0,57,1,0,0,70,0,0,1,0
4371,1,0,0,68,1,1,0,25,0,0,1,0
4372,0,0,0,13,0,0,0,31,1,1,0,0
4373,0,0,1,71,1,0,0,25,0,0,1,0
4374,1,0,0,5,0,0,0,40,1,0,0,1
4375,1,0,0,18,1,1,1,90,0,0,1,0
4376,1,0,1,36,1,0,1,95,0,0,1,0
4377,1,0,0,63,1,0,1,85,0,1,0,0
4378,1,0,1,39,0,0,0,55,0,0,1,0
4379,0,0,0,3,1,1,1,20,0,0,0,1
4380,1,0,0,32,1,0,0,20,0,0,0,1
4381,1,1,0,4,1,1,1,70,0,1,0,0
4382,0,1,0,32,1,1,0,93,1,1,0,0
4383,1,1,0,15,1,1,0,74,1,0,1,0
4384,0,1,0,5,1,0,1,81,1,1,0,0
4385,0,0,1,9,1,0,0,20,0,0,1,0
4386,0,0,1,31,1,0,0,81,0,0,0,1
4387,0,0,0,1,1,0,0,50,0,1,0,0
4388,1,0,1,1,1,0,0,81,0,0,0,1
4389,1,0,0,2,1,1,1,100,0,1,0,0
4390,0,0,0,35,1,0,0,23,0,1,0,0
4391,0,0,0,5,1,0,0,20,0,1,0,0
4392,1,0,1,3,1,0,0,50,1,1,0,0
4393,1,0,0,12,1,1,1,49,0,1,0,0
4394,1,0,1,56,1,1,0,24,0,1,0,0
4395,1,0,1,72,1,1,1,25,0,1,0,0
4396,0,0,0,1,1,0,0,69,1,1,0,0
4397,1,0,0,1,1,1,1,85,1,0,0,1
4398,0,0,0,26,1,1,0,90,0,0,0,1
4399,0,0,0,13,0,1,1,49,0,1,0,0
4400,0,0,1,15,1,0,0,66,0,1,0,0
4401,1,1,0,68,1,1,1,96,0,1,0,0
4402,0,1,0,27,1,0,0,101,1,1,0,0
4403,0,1,0,5,1,1,0,69,0,1,0,0
4404,0,0,0,64,1,0,1,25,0,1,0,0
4405,0,0,0,16,1,0,1,65,1,1,0,0
4406,0,0,0,2,1,1,0,80,1,1,0,0
4407,0,0,0,52,0,0,0,39,0,1,0,0
4408,0,0,0,15,1,1,0,25,0,0,0,1
4409,0,0,1,41,1,0,0,109,0,0,0,1
4410,1,1,0,20,1,0,1,71,1,1,0,0
4411,0,0,0,32,1,0,0,19,0,1,0,0
4412,1,0,0,1,1,1,0,50,1,0,1,0
4413,0,0,1,72,1,0,1,83,0,1,0,0
4414,0,0,1,34,1,0,0,85,0,1,0,0
4415,1,0,1,44,1,1,0,20,0,0,0,1
4416,1,0,0,72,1,1,0,75,0,1,0,0
4417,1,0,1,8,1,0,1,95,0,1,0,0
4418,1,0,0,7,0,0,0,34,0,0,1,0
4419,1,0,1,59,1,0,0,20,0,1,0,0
4420,0,0,0,3,1,0,0,97,1,0,1,0
4421,0,0,0,41,1,1,1,99,0,1,0,0
4422,0,0,0,61,1,0,1,25,0,0,1,0
4423,1,0,0,29,1,0,0,80,1,1,0,0
4424,0,0,1,48,1,0,0,20,0,1,0,0
4425,1,0,0,1,1,1,0,20,1,1,0,0
4426,1,0,1,64,1,1,1,25,0,0,1,0
4427,1,0,0,58,1,0,1,21,0,0,0,1
4428,1,0,0,29,1,1,1,85,0,1,0,0
4429,1,1,0,7,1,1,0,95,1,0,0,1
4430,1,0,0,67,1,0,0,111,0,1,0,0
4431,1,0,0,5,1,0,1,70,1,1,0,0
4432,0,0,0,27,1,0,0,53,0,0,0,1
4433,1,0,0,4,0,1,1,49,1,1,0,0
4434,1,0,0,1,1,1,1,20,0,1,0,0
4435,0,0,1,4,1,1,1,20,0,1,0,0
4436,1,0,1,6,1,0,0,20,0,1,0,0
4437,1,0,1,1,0,1,1,34,0,0,0,1
4438,1,0,0,49,1,1,0,84,1,0,0,1
4439,0,0,0,2,1,0,0,55,1,0,0,1
4440,1,0,1,16,1,0,0,85,0,0,0,1
4441,0,0,1,1,1,0,0,25,0,0,0,1
4442,1,0,0,25,1,0,1,70,0,1,0,0
4443,1,0,1,25,1,0,0,54,0,1,0,0
4444,0,0,0,72,1,0,0,111,0,1,0,0
4445,1,0,0,10,1,1,1,20,0,0,0,1
4446,1,0,0,54,1,0,1,84,0,1,0,0
4447,1,1,1,1,1,1,1,49,1,1,0,0
4448,0,0,0,66,1,1,1,67,0,1,0,0
4449,1,0,0,4,1,1,1,66,0,0,0,1
4450,0,0,0,7,1,1,0,20,0,1,0,0
4451,1,1,0,69,0,1,1,57,0,1,0,0
4452,0,0,0,8,1,0,0,96,1,0,0,1
4453,1,0,0,25,1,1,1,56,0,1,0,0
4454,1,1,0,37,1,0,0,101,1,1,0,0
4455,1,0,1,1,1,0,0,20,0,1,0,0
4456,1,0,1,4,1,1,0,24,0,0,0,1
4457,1,0,0,10,0,0,1,34,1,1,0,0
4458,0,0,0,13,0,1,1,35,0,1,0,0
4459,0,0,0,12,1,1,1,79,0,1,0,0
4460,1,0,0,61,1,0,1,25,0,1,0,0
4461,1,0,0,65,1,0,1,99,0,1,0,0
4462,1,0,0,56,1,1,1,65,0,1,0,0
4463,1,0,0,51,1,0,1,81,0,1,0,0
4464,1,0,1,43,1,0,1,91,0,1,0,0
4465,0,0,0,1,1,0,0,50,0,0,1,0
4466,0,0,0,3,1,0,1,54,0,1,0,0
4467,0,0,0,19,0,1,0,40,0,0,1,0
4468,1,0,0,45,1,1,0,108,0,1,0,0
4469,0,1,0,68,1,0,1,100,1,0,1,0
4470,0,0,0,1,1,0,0,20,1,1,0,0
4471,0,0,1,32,1,1,1,90,0,1,0,0
4472,1,0,1,59,0,0,1,35,0,0,0,1
4473,1,0,1,45,1,1,1,20,0,1,0,0
4474,1,1,0,24,1,0,0,104,1,0,0,1
4475,1,0,1,63,1,0,0,89,0,1,0,0
4476,1,1,0,29,1,0,0,52,0,1,0,0
4477,1,0,1,55,1,0,0,86,0,0,1,0
4478,0,0,0,8,1,0,0,85,1,1,0,0
4479,1,0,0,34,0,1,0,25,0,0,0,1
4480,0,0,0,1,1,0,1,70,1,1,0,0
4481,1,0,0,10,1,0,0,55,0,1,0,0
4482,1,0,1,71,1,1,1,73,0,1,0,0
4483,1,0,0,5,1,1,0,56,0,0,0,1
4484,1,0,0,31,1,0,1,79,0,1,0,0
4485,0,0,0,1,1,1,0,75,1,0,0,1
4486,1,0,0,20,1,1,1,89,1,1,0,0
4487,0,0,1,19,1,1,0,20,0,0,1,0
4488,1,0,1,72,1,0,1,113,0,1,0,0
4489,0,0,1,11,1,1,0,25,0,0,1,0
4490,1,0,0,4,1,1,1,90,1,0,1,0
4491,0,0,0,25,1,0,0,105,1,1,0,0
4492,1,1,0,45,1,1,0,25,0,0,0,1
4493,0,1,0,64,1,1,0,109,0,0,0,1
4494,1,0,0,4,1,0,1,21,0,1,0,0
4495,1,0,0,34,1,0,1,20,0,1,0,0
4496,0,0,1,48,1,1,0,70,0,0,0,1
4497,0,0,0,24,1,0,1,80,0,0,1,0
4498,1,1,0,8,1,0,0,61,0,0,1,0
4499,0,0,1,67,1,1,1,104,0,1,0,0
4500,1,0,0,14,1,0,1,67,0,0,1,0
4501,0,1,0,10,0,0,0,30,1,0,0,1
4502,1,0,1,42,1,1,1,97,0,1,0,0
4503,0,0,1,15,1,1,1,20,0,1,0,0
4504,0,0,0,2,1,0,0,46,0,0,1,0
4505,0,0,1,45,1,1,0,105,0,0,0,1
4506,0,0,1,4,1,1,0,84,1,0,0,1
4507,0,0,1,67,1,0,0,109,1,1,0,0
4508,1,0,0,12,1,0,0,57,1,1,0,0
4509,1,0,0,60,1,0,1,96,1,1,0,0
4510,1,0,1,1,1,1,0,51,1,1,0,0
4511,0,1,0,1,1,0,0,71,0,0,1,0
4512,0,0,0,1,1,1,0,20,1,0,0,1
4513,1,0,1,8,1,1,0,43,0,0,0,1
4514,1,1,0,5,1,0,1,90,1,1,0,0
4515,1,0,0,1,1,0,1,69,1,1,0,0
4516,0,0,1,58,1,1,0,20,0,0,0,1
4517,1,0,0,72,1,1,1,109,0,1,0,0
4518,0,0,1,23,1,1,1,25,0,1,0,0
4519,1,0,0,5,1,1,1,96,1,0,1,0
4520,1,0,0,70,0,0,0,39,0,1,0,0
4521,0,0,1,12,1,0,0,84,1,1,0,0
4522,0,0,0,7,1,0,0,70,0,0,1,0
4523,1,0,0,1,1,0,1,46,1,1,0,0
4524,1,0,1,44,0,1,1,54,0,1,0,0
4525,1,0,1,46,1,0,1,81,0,1,0,0
4526,1,0,0,20,1,0,1,20,0,1,0,0
4527,1,1,1,32,1,0,1,94,0,0,0,1
4528,1,0,0,1,1,0,1,20,0,1,0,0
4529,0,0,0,67,1,0,0,85,0,1,0,0
4530,0,1,0,29,1,0,0,99,1,0,0,1
4531,0,0,1,72,1,1,1,23,0,1,0,0
4532,1,1,0,12,1,1,1,101,1,1,0,0
4533,1,0,1,27,1,1,1,72,0,0,0,1
4534,1,0,1,56,1,0,0,116,0,1,0,0
4535,0,0,1,62,1,1,1,100,1,1,0,0
4536,1,0,0,11,0,0,1,35,0,1,0,0
4537,1,1,0,30,1,0,0,75,0,1,0,0
4538,0,0,0,40,1,0,1,20,0,1,0,0
4539,1,1,0,38,0,1,0,25,0,0,0,1
4540,0,0,0,28,0,0,0,30,0,1,0,0
4541,0,0,0,1,1,1,0,94,1,1,0,0
4542,0,0,0,12,1,1,1,45,0,1,0,0
4543,0,0,1,24,1,0,0,78,0,0,1,0
4544,1,1,0,72,1,0,1,25,0,1,0,0
4545,1,0,0,3,1,0,0,82,0,1,0,0
4546,0,0,1,72,1,1,1,116,0,1,0,0
4547,1,0,0,4,1,1,1,25,0,1,0,0
4548,0,0,0,3,1,0,1,76,0,1,0,0
4549,0,1,0,1,1,1,1,50,1,1,0,0
4550,1,0,0,43,1,1,0,78,1,0,0,1
4551,0,0,0,10,0,1,1,41,0,1,0,0
4552,0,1,0,2,1,0,0,44,0,1,0,0
4553,1,0,0,15,1,1,1,19,0,0,0,1
4554,0,1,0,3,1,0,1,75,0,1,0,0
4555,0,0,0,65,0,0,0,60,0,0,0,1
4556,1,0,0,27,1,0,1,20,0,1,0,0
4557,1,1,0,1,1,0,0,74,1,0,1,0
4558,1,0,0,35,1,1,1,21,0,1,0,0
4559,1,0,0,2,1,0,0,47,0,1,0,0
4560,0,0,0,60,1,1,1,100,0,0,1,0
4561,0,0,1,49,1,1,0,19,0,1,0,0
4562,1,0,0,3,0,1,1,35,1,0,0,1
4563,0,0,1,24,1,1,1,20,0,1,0,0
4564,1,0,1,62,1,0,0,89,0,1,0,0
4565,0,0,1,25,1,0,0,89,1,0,1,0
4566,0,0,1,10,1,0,1,89,0,0,1,0
4567,1,0,1,67,1,1,1,54,0,1,0,0
4568,1,1,0,7,1,0,1,85,1,0,1,0
4569,1,0,1,24,1,0,0,81,0,1,0,0
4570,1,1,0,72,1,0,0,116,0,1,0,0
4571,1,0,0,53,1,0,1,74,0,1,0,0
4572,1,1,0,2,1,1,1,87,1,1,0,0
4573,0,0,0,5,1,0,0,76,1,0,0,1
4574,0,0,0,52,0,1,1,35,0,0,1,0
4575,0,0,1,72,1,1,0,74,0,1,0,0
4576,1,0,1,70,1,0,0,79,0,1,0,0
4577,1,0,0,9,1,1,1,20,0,0,1,0
4578,0,0,0,2,1,0,0,20,0,1,0,0
4579,0,0,0,28,1,1,1,60,0,1,0,0
4580,1,0,0,72,1,0,0,86,0,0,0,1
4581,1,0,0,42,0,0,0,40,0,0,0,1
4582,0,0,0,11,1,1,0,102,1,0,0,1
4583,0,0,1,61,1,1,0,50,0,0,0,1
4584,1,0,1,63,1,1,0,76,0,0,0,1
4585,1,0,0,1,1,1,1,46,1,1,0,0
4586,1,0,1,23,1,1,1,48,1,0,0,1
4587,0,0,0,61,1,0,1,20,0,1,0,0
4588,1,0,0,7,1,1,1,20,0,1,0,0
4589,1,0,0,14,1,0,0,20,0,0,0,1
4590,0,1,1,23,1,1,1,88,0,0,0,1
4591,0,0,0,9,1,0,0,92,1,1,0,0
4592,0,1,0,11,1,1,0,100,1,0,1,0
4593,0,0,0,48,1,0,0,75,0,1,0,0
4594,1,0,0,63,1,0,1,20,0,1,0,0
4595,0,0,0,6,1,1,0,100,1,0,0,1
4596,0,0,0,5,0,1,1,51,0,0,1,0
4597,1,0,0,70,1,0,1,88,0,1,0,0
4598,1,0,0,8,1,1,0,66,0,1,0,0
4599,0,0,1,46,1,0,0,25,0,0,1,0
4600,1,0,1,6,1,1,1,20,0,0,0,1
4601,0,0,1,68,1,1,1,84,0,1,0,0
4602,1,0,1,31,1,1,0,21,0,0,0,1
4603,0,0,1,23,1,0,0,20,0,1,0,0
4604,0,0,0,6,1,0,1,84,1,1,0,0
4605,1,0,0,1,1,1,0,51,1,0,0,1
4606,1,0,0,2,1,1,0,79,0,0,0,1
4607,1,1,0,43,1,0,0,94,0,1,0,0
4608,1,0,1,46,1,1,0,20,0,0,0,1
4609,1,0,0,49,1,1,0,99,0,0,1,0
4610,1,0,0,51,1,1,1,95,1,0,1,0
4611,1,0,1,28,1,1,0,93,0,0,0,1
4612,1,0,0,65,1,0,0,92,1,0,0,1
4613,1,0,0,51,1,1,1,83,0,1,0,0
4614,1,0,0,1,1,0,0,21,0,1,0,0
4615,1,0,1,1,1,1,0,75,1,0,0,1
4616,0,0,0,24,1,0,0,20,0,1,0,0
4617,0,0,0,48,0,0,0,35,1,1,0,0
4618,1,1,0,1,1,0,1,80,1,1,0,0
4619,0,0,0,2,1,1,1,54,0,1,0,0
4620,1,0,0,27,1,1,1,55,0,0,0,1
4621,1,0,1,1,1,0,0,50,1,1,0,0
4622,0,0,1,70,0,0,1,58,0,1,0,0
4623,1,0,0,35,1,1,1,75,1,1,0,0
4624,1,0,0,67,0,0,1,49,0,1,0,0
4625,1,0,0,2,1,0,1,46,1,1,0,0
4626,0,0,1,15,1,1,1,21,0,1,0,0
4627,0,0,0,1,1,1,1,20,0,0,1,0
4628,1,0,1,62,1,0,0,25,0,1,0,0
4629,0,0,1,36,1,0,0,20,0,1,0,0
4630,1,0,0,1,1,1,0,20,1,1,0,0
4631,1,0,0,72,1,1,1,105,0,1,0,0
4632,1,0,0,70,1,0,0,79,0,1,0,0
4633,1,0,0,1,1,1,0,54,1,0,0,1
4634,1,0,0,24,1,0,0,58,0,1,0,0
4635,1,1,0,45,1,0,0,63,1,0,0,1
4636,1,0,0,29,1,0,0,20,0,0,1,0
4637,0,0,1,33,1,0,0,89,0,0,1,0
4638,0,0,0,7,1,1,1,100,0,1,0,0
4639,0,0,0,7,1,1,1,80,1,1,0,0
4640,1,0,0,18,1,0,1,73,0,1,0,0
4641,1,0,1,2,1,0,0,19,0,1,0,0
4642,1,0,1,66,1,0,0,80,0,0,0,1
4643,0,0,0,3,1,1,0,20,1,1,0,0
4644,0,0,0,72,1,0,0,26,0,1,0,0
4645,0,0,1,72,1,1,1,67,0,1,0,0
4646,0,1,0,13,0,0,1,45,0,1,0,0
4647,1,0,0,24,1,0,0,86,0,1,0,0
4648,1,0,0,70,1,0,1,75,0,1,0,0
4649,1,0,1,71,1,1,1,97,0,0,0,1
4650,1,0,0,56,1,1,0,60,0,1,0,0
4651,0,0,0,6,1,0,1,94,1,1,0,0
4652,0,0,0,1,1,0,0,45,1,0,1,0
4653,0,0,1,21,1,0,0,45,0,1,0,0
4654,1,0,1,14,1,0,0,65,1,0,1,0
4655,1,0,0,13,1,1,0,66,0,0,1,0
4656,0,0,0,12,1,1,1,94,1,1,0,0
4657,1,0,0,65,1,0,0,91,0,1,0,0
4658,1,0,0,30,1,0,0,84,0,1,0,0
4659,0,0,0,2,0,1,1,24,0,0,0,1
4660,0,0,1,12,1,0,0,20,0,1,0,0
4661,1,0,0,56,1,1,0,107,0,0,0,1
4662,0,1,0,67,1,0,0,92,0,1,0,0
4663,1,0,1,4,1,1,1,51,1,1,0,0
4664,0,1,0,65,1,1,1,94,0,1,0,0
4665,1,0,0,60,1,0,0,101,0,0,0,1
4666,0,0,0,37,1,0,0,100,1,1,0,0
4667,1,0,0,72,1,0,0,20,0,1,0,0
4668,0,0,1,52,1,0,0,100,0,1,0,0
4669,1,1,0,13,1,0,0,107,1,0,0,1
4670,0,1,0,56,1,0,0,97,0,1,0,0
4671,0,0,0,51,1,1,1,21,0,1,0,0
4672,1,0,1,7,0,0,0,59,0,1,0,0
4673,0,1,0,17,1,1,1,94,0,1,0,0
4674,1,0,0,18,1,0,0,20,0,0,1,0
4675,1,0,0,50,1,1,1,99,0,0,1,0
4676,0,1,0,32,1,0,0,55,0,1,0,0
4677,0,0,0,1,1,0,1,75,1,1,0,0
4678,1,0,0,46,1,1,1,95,0,1,0,0
4679,1,0,1,16,1,1,0,20,0,0,0,1
4680,0,0,0,1,1,1,0,71,1,1,0,0
4681,0,0,0,51,1,1,1,99,0,1,0,0
4682,0,0,0,25,1,1,1,109,0,1,0,0
4683,1,0,0,8,1,1,1,44,0,1,0,0
4684,0,0,0,33,1,0,1,54,0,0,1,0
4685,1,0,0,54,1,1,1,65,0,0,0,1
4686,0,0,1,18,1,1,1,25,0,0,0,1
4687,0,0,1,27,1,0,1,21,0,1,0,0
4688,1,0,1,68,1,1,1,101,0,1,0,0
4689,0,0,1,59,1,0,0,25,0,1,0,0
4690,0,1,0,56,1,0,0,77,0,1,0,0
4691,1,1,0,72,1,1,1,25,0,1,0,0
4692,0,1,0,54,1,0,1,72,0,1,0,0
4693,0,0,0,47,1,1,0,21,0,0,0,1
4694,1,0,1,50,0,0,0,43,0,1,0,0
4695,1,0,0,71,1,0,0,104,0,0,1,0
4696,0,0,0,1,1,0,1,45,0,0,0,1
4697,0,0,0,3,1,0,1,76,1,1,0,0
4698,0,0,0,21,0,1,0,35,0,0,0,1
4699,1,0,1,66,0,1,1,51,0,0,0,1
4700,0,0,1,48,1,0,0,96,1,1,0,0
4701,1,1,0,47,1,1,1,100,1,1,0,0
4702,1,0,1,60,1,0,0,24,0,0,1,0
4703,1,0,0,37,1,1,1,91,0,1,0,0
4704,1,0,1,18,1,1,0,81,0,1,0,0
4705,1,0,1,72,1,0,1,90,0,1,0,0
4706,0,0,0,6,1,0,0,91,0,1,0,0
4707,1,1,0,33,1,1,1,94,0,0,1,0
4708,1,0,0,35,1,0,0,97,0,0,0,1
4709,0,0,0,37,1,1,1,79,0,1,0,0
4710,1,1,0,1,1,0,0,70,1,0,0,1
4711,1,0,0,71,1,0,0,24,0,0,1,0
4712,1,1,0,16,1,1,1,85,0,0,1,0
4713,1,1,0,54,1,1,1,74,0,0,1,0
4714,0,0,1,72,1,1,0,85,0,0,0,1
4715,0,0,0,12,1,1,0,80,0,0,0,1
4716,0,0,1,69,1,1,0,20,0,0,0,1
4717,1,1,0,24,1,1,1,103,1,0,1,0
4718,0,0,1,8,1,0,0,20,1,0,1,0
4719,1,1,1,11,1,1,1,55,0,1,0,0
4720,0,0,0,9,1,1,1,44,0,0,1,0
4721,1,0,1,34,1,0,0,78,1,1,0,0
4722,0,0,0,66,0,0,0,47,0,0,1,0
4723,0,0,0,41,1,0,1,21,0,1,0,0
4724,0,0,1,16,1,1,0,19,0,0,1,0
4725,1,0,0,65,1,1,0,105,0,1,0,0
4726,1,0,0,27,1,0,0,20,0,0,0,1
4727,1,0,1,68,1,0,0,106,0,0,0,1
4728,1,1,0,23,1,0,0,106,1,0,0,1
4729,1,0,0,33,1,0,0,20,0,0,0,1
4730,1,1,0,25,1,1,1,90,1,1,0,0
4731,1,0,1,72,1,0,0,114,0,0,1,0
4732,1,0,0,39,1,0,0,20,0,0,0,1
4733,1,0,1,62,1,0,1,20,0,1,0,0
4734,1,0,1,53,1,0,0,20,1,0,1,0
4735,0,0,0,53,1,1,0,100,0,0,1,0
4736,1,0,0,18,1,1,0,82,1,0,0,1
4737,1,1,0,62,1,1,1,89,0,0,0,1
4738,0,0,0,70,1,1,1,65,1,1,0,0
4739,1,1,0,27,1,1,1,105,0,1,0,0
4740,0,0,0,61,1,0,0,103,0,1,0,0
4741,1,1,0,53,1,0,1,104,1,1,0,0
4742,0,0,0,54,1,0,0,104,1,0,0,1
4743,1,1,1,64,1,1,0,112,0,0,0,1
4744,0,1,0,30,1,0,0,100,1,0,0,1
4745,0,0,1,50,1,1,1,21,0,1,0,0
4746,1,0,0,38,1,1,1,105,0,1,0,0
4747,0,0,1,72,1,0,0,99,0,0,1,0
4748,1,1,0,39,1,0,0,106,1,0,1,0
4749,1,0,0,30,1,0,0,64,0,1,0,0
4750,0,1,0,26,1,0,0,95,1,0,1,0
4751,0,0,0,6,1,1,0,86,0,1,0,0
4752,0,0,0,16,1,0,0,54,1,0,1,0
4753,0,0,1,51,0,0,1,56,0,1,0,0
4754,0,0,1,17,1,1,0,99,1,0,0,1
4755,0,0,0,1,1,0,1,79,1,1,0,0
4756,1,0,0,62,1,0,0,20,0,1,0,0
4757,1,0,1,13,1,1,0,65,0,1,0,0
4758,1,0,1,64,1,0,0,73,0,0,0,1
4759,1,0,0,44,1,0,1,85,0,1,0,0
4760,0,0,1,16,1,0,0,113,0,0,1,0
4761,1,0,1,15,1,1,0,25,0,0,0,1
4762,0,0,1,36,0,0,1,41,0,1,0,0
4763,1,0,1,1,1,0,1,91,1,1,0,0
4764,1,1,0,24,1,0,0,70,0,1,0,0
4765,0,0,0,60,1,0,0,20,0,0,0,1
4766,0,0,0,3,1,1,1,92,1,0,0,1
4767,1,0,1,16,1,0,0,91,0,0,1,0
4768,1,0,0,66,1,0,0,86,0,0,0,1
4769,1,0,0,66,1,0,0,104,0,0,1,0
4770,1,0,0,45,1,0,0,20,1,0,1,0
4771,1,1,1,43,1,0,1,111,1,1,0,0
4772,1,1,1,71,1,0,0,20,0,0,1,0
4773,1,0,0,1,1,0,0,45,1,0,1,0
4774,1,0,1,1,1,1,1,71,1,0,1,0
4775,0,1,0,20,1,0,1,81,0,1,0,0
4776,0,1,0,65,0,0,1,54,0,1,0,0
4777,1,0,1,19,1,0,0,20,0,1,0,0
4778,1,0,0,36,1,1,0,20,0,0,0,1
4779,1,0,0,71,1,0,1,109,1,1,0,0
4780,0,1,0,1,0,0,1,25,1,1,0,0
4781,1,0,0,33,1,0,0,68,1,0,0,1
4782,1,0,0,71,1,0,1,54,0,1,0,0
4783,0,0,0,13,1,1,0,68,0,0,1,0
4784,0,0,0,29,1,0,0,19,0,1,0,0
4785,0,0,0,13,1,1,1,72,0,1,0,0
4786,1,0,0,22,0,1,1,57,0,0,0,1
4787,1,1,0,7,1,0,0,99,1,1,0,0
4788,1,0,0,47,1,1,0,25,0,0,0,1
4789,1,0,0,26,1,0,1,20,0,1,0,0
4790,1,1,0,13,1,1,1,60,0,1,0,0
4791,1,0,0,26,1,0,0,90,1,1,0,0
4792,1,0,1,2,1,1,1,20,0,0,1,0
4793,0,0,0,4,0,0,1,24,1,0,1,0
4794,0,0,0,52,1,0,0,81,0,1,0,0
4795,1,1,0,3,1,0,0,91,1,0,1,0
4796,1,1,0,62,1,0,1,111,0,0,1,0
4797,0,0,1,70,1,1,1,94,1,0,0,1
4798,0,0,0,71,1,1,1,104,0,1,0,0
4799,1,0,0,69,0,0,0,36,0,1,0,0
4800,1,0,0,35,1,1,1,26,0,1,0,0
4801,1,0,0,63,1,1,0,103,0,0,0,1
4802,0,1,0,69,1,0,0,105,0,1,0,0
4803,0,0,1,72,1,1,1,100,0,1,0,0
4804,0,0,0,36,1,1,1,80,0,0,1,0
4805,1,0,0,33,1,1,0,73,0,0,0,1
4806,0,0,0,28,1,0,0,90,0,0,1,0
4807,0,0,0,27,1,1,1,20,0,0,0,1
4808,0,0,0,1,1,0,0,74,0,0,0,1
4809,1,0,1,72,0,0,0,38,0,1,0,0
4810,0,0,0,63,1,1,1,98,0,1,0,0
4811,1,0,1,12,1,0,0,70,0,1,0,0
4812,1,0,1,12,1,0,0,25,0,1,0,0
4813,0,1,0,70,1,0,1,113,0,1,0,0
4814,0,0,0,1,1,1,1,45,0,1,0,0
4815,0,0,0,20,1,0,1,89,0,0,1,0
4816,0,0,0,72,1,1,0,25,0,0,1,0
4817,0,0,0,5,1,0,0,76,0,1,0,0
4818,1,0,1,39,0,0,1,25,0,0,1,0
4819,1,0,0,1,1,0,0,54,0,0,0,1
4820,1,0,1,15,1,1,0,55,0,0,0,1
4821,0,0,0,72,1,0,0,25,0,0,1,0
4822,1,0,1,24,0,0,1,36,0,0,0,1
4823,1,0,1,34,1,0,0,104,0,1,0,0
4824,0,0,0,9,1,1,1,80,1,0,1,0
4825,0,1,1,72,1,1,1,88,0,1,0,0
4826,0,0,1,8,1,1,1,21,0,1,0,0
4827,0,0,1,6,1,0,1,19,0,1,0,0
4828,0,0,0,36,1,0,0,88,1,1,0,0
4829,1,0,0,72,1,0,0,25,0,1,0,0
4830,0,0,0,8,1,0,0,50,1,0,0,1
4831,1,0,0,44,1,0,0,20,0,0,1,0
4832,0,0,0,18,1,0,0,70,0,0,1,0
4833,0,0,1,39,1,0,0,100,0,0,1,0
4834,1,0,1,60,1,1,0,95,0,0,0,1
4835,1,1,0,1,0,1,1,40,1,1,0,0
4836,1,0,0,21,1,1,0,20,0,1,0,0
4837,1,0,1,60,1,0,1,85,0,1,0,0
4838,0,0,1,62,1,1,1,71,0,0,1,0
4839,0,0,1,8,1,1,1,20,0,1,0,0
4840,1,0,0,65,1,0,0,25,0,1,0,0
4841,0,0,1,17,1,0,1,21,0,1,0,0
4842,1,0,0,60,1,1,0,61,0,1,0,0
4843,0,0,1,11,1,0,0,19,1,0,0,1
4844,0,0,0,2,1,0,0,20,0,0,1,0
4845,0,0,0,21,1,0,0,104,1,0,0,1
4846,0,0,0,66,1,0,1,103,0,1,0,0
4847,1,0,0,16,1,1,1,19,0,1,0,0
4848,1,0,1,66,1,1,1,75,0,1,0,0
4849,0,0,0,46,1,0,0,79,0,0,1,0
4850,0,0,0,70,1,0,1,90,0,0,1,0
4851,1,0,1,72,1,0,1,20,0,1,0,0
4852,1,0,0,1,1,0,0,45,0,0,0,1
4853,0,0,1,1,1,0,1,24,0,0,1,0
4854,1,1,0,8,1,0,0,101,1,0,1,0
4855,0,0,0,2,1,0,1,49,0,0,0,1
4856,1,0,1,1,1,1,1,19,0,1,0,0
4857,1,0,0,17,1,0,0,20,0,1,0,0
4858,1,0,1,58,0,0,0,50,0,0,1,0
4859,1,0,1,59,1,1,1,87,0,0,0,1
4860,0,0,0,12,1,0,0,89,1,0,0,1
4861,0,0,0,3,1,0,0,64,1,0,1,0
4862,1,0,1,32,0,0,1,51,0,1,0,0
4863,0,0,1,7,0,0,0,25,0,0,0,1
4864,1,0,1,8,1,1,1,20,0,0,1,0
4865,1,0,0,22,1,1,0,85,1,1,0,0
4866,1,0,0,66,1,1,0,97,0,1,0,0
4867,0,1,0,23,1,1,1,75,0,1,0,0
4868,0,1,0,1,1,1,1,86,1,1,0,0
4869,1,0,0,21,1,1,1,65,0,1,0,0
4870,0,0,0,9,1,1,0,75,1,0,1,0
4871,0,0,1,44,1,0,0,56,0,0,1,0
4872,1,1,0,15,1,1,0,79,1,0,0,1
4873,0,0,1,67,1,0,0,74,0,1,0,0
4874,0,0,0,56,1,0,1,98,1,1,0,0
4875,0,0,0,4,0,1,1,29,0,1,0,0
4876,1,0,1,43,1,0,1,79,0,1,0,0
4877,1,1,0,61,1,0,0,82,0,0,1,0
4878,1,0,0,44,1,1,0,65,0,1,0,0
4879,0,0,1,9,1,1,0,76,0,0,1,0
4880,0,0,1,72,1,0,0,116,0,0,0,1
4881,0,0,0,7,1,0,1,95,1,1,0,0
4882,1,0,0,9,1,0,0,44,0,0,0,1
4883,0,0,1,51,1,0,0,20,0,1,0,0
4884,1,0,0,66,0,0,1,29,0,1,0,0
4885,1,0,0,14,1,1,1,25,0,0,0,1
4886,0,0,1,10,1,0,0,20,0,0,1,0
4887,0,0,0,17,1,0,0,19,0,1,0,0
4888,1,0,0,48,1,0,1,95,0,0,1,0
4889,1,0,0,19,1,1,1,20,0,0,1,0
4890,1,0,1,1,1,0,1,19,0,1,0,0
4891,1,0,1,63,1,1,0,20,0,1,0,0
4892,1,1,0,67,1,1,1,105,0,1,0,0
4893,0,0,1,63,1,0,0,64,0,1,0,0
4894,0,1,1,71,1,1,0,69,0,0,1,0
4895,1,0,1,36,1,0,1,54,0,1,0,0
4896,1,1,0,16,1,0,0,92,0,1,0,0
4897,0,0,0,2,1,0,0,21,0,1,0,0
4898,1,0,0,72,1,0,0,105,0,1,0,0
4899,0,0,1,24,1,1,1,55,0,1,0,0
4900,1,0,0,42,1,1,1,102,1,1,0,0
4901,0,0,1,45,1,0,1,21,0,1,0,0
4902,1,0,0,59,1,0,0,100,1,1,0,0
4903,0,0,0,63,1,1,1,96,0,1,0,0
4904,1,0,0,1,1,1,1,20,0,1,0,0
4905,1,0,0,43,1,0,0,60,0,0,0,1
4906,0,0,1,71,1,1,1,87,0,0,0,1
4907,0,0,0,12,1,1,0,44,0,0,0,1
4908,1,0,1,25,1,1,1,19,0,1,0,0
4909,1,0,1,72,1,0,0,84,0,0,0,1
4910,0,0,0,6,1,0,0,55,0,0,1,0
4911,1,0,1,30,1,0,1,25,0,0,0,1
4912,0,1,0,46,1,1,1,100,0,1,0,0
4913,1,0,0,2,1,0,0,73,1,0,0,1
4914,0,0,0,47,1,1,0,106,0,0,0,1
4915,0,0,1,51,0,0,0,34,0,1,0,0
4916,0,0,0,42,1,1,1,21,0,1,0,0
4917,0,0,0,62,1,0,0,101,0,1,0,0
4918,0,0,0,5,1,0,0,21,0,0,0,1
4919,1,0,1,53,1,0,0,72,0,0,0,1
4920,0,0,0,10,1,0,0,99,1,0,0,1
4921,1,0,1,18,1,1,1,57,1,1,0,0
4922,1,0,0,1,1,1,0,20,0,1,0,0
4923,0,0,1,51,1,0,0,86,0,1,0,0
4924,1,1,0,61,1,0,0,86,0,1,0,0
4925,1,0,0,7,1,1,1,45,0,0,1,0
4926,1,0,1,50,1,0,0,104,1,0,0,1
4927,1,0,0,4,1,0,0,80,0,0,0,1
4928,0,1,0,47,1,0,0,85,1,1,0,0
4929,0,0,1,32,1,0,0,62,0,0,1,0
4930,0,0,0,2,0,0,0,45,1,1,0,0
4931,1,1,0,27,0,1,1,36,1,1,0,0
4932,0,0,1,10,1,0,1,56,0,0,1,0
4933,0,0,0,1,1,0,0,80,1,1,0,0
4934,0,0,1,21,1,1,1,74,1,0,0,1
4935,1,0,1,12,1,1,0,21,0,0,1,0
4936,1,0,0,1,1,1,1,20,1,1,0,0
4937,0,1,0,51,1,0,0,20,0,0,1,0
4938,0,0,1,3,1,0,1,59,0,1,0,0
4939,0,0,1,72,1,0,0,107,0,1,0,0
4940,0,0,0,1,1,1,1,44,1,1,0,0
4941,1,0,0,5,1,0,0,85,1,1,0,0
4942,0,1,0,1,1,1,0,85,1,1,0,0
4943,1,0,0,66,1,0,0,25,0,0,0,1
4944,1,0,0,61,1,1,0,75,0,1,0,0
4945,1,0,1,32,1,0,0,100,1,0,0,1
4946,0,0,0,65,1,0,1,19,0,1,0,0
4947,0,1,0,41,1,1,1,101,0,1,0,0
4948,0,0,0,14,1,0,0,90,1,1,0,0
4949,1,0,1,2,1,0,0,90,1,1,0,0
4950,0,0,0,29,1,1,1,58,0,1,0,0
4951,0,0,0,10,1,1,1,51,0,1,0,0
4952,1,0,1,32,1,0,1,70,1,1,0,0
4953,1,0,0,7,1,0,0,20,0,0,0,1
4954,0,0,0,71,1,0,1,77,0,1,0,0
4955,1,0,0,11,1,0,1,20,0,1,0,0
4956,1,0,0,2,1,0,1,21,0,1,0,0
4957,1,0,1,1,1,0,0,21,0,1,0,0
4958,1,0,1,23,1,1,1,20,0,1,0,0
4959,0,0,1,62,1,0,0,101,0,1,0,0
4960,0,0,0,7,1,1,1,79,0,1,0,0
4961,0,0,1,71,1,0,0,114,0,1,0,0
4962,0,0,0,2,1,0,0,87,1,1,0,0
4963,0,0,1,72,1,0,0,69,0,0,0,1
4964,0,0,1,71,1,1,1,20,0,1,0,0
4965,1,1,0,12,1,0,0,80,1,1,0,0
4966,0,0,1,3,1,1,0,44,1,1,0,0
4967,0,0,0,21,1,1,0,99,0,1,0,0
4968,1,0,0,8,1,0,0,20,0,0,0,1
4969,1,0,0,10,1,0,0,20,0,1,0,0
4970,1,0,0,3,1,0,0,50,1,0,1,0
4971,1,0,0,52,1,0,0,84,1,1,0,0
4972,1,0,0,58,1,1,0,19,0,0,0,1
4973,0,0,0,36,1,1,1,76,0,1,0,0
4974,1,0,0,61,1,0,0,81,0,1,0,0
4975,1,0,1,62,1,1,1,20,0,0,0,1
4976,0,1,0,72,1,0,0,115,0,0,0,1
4977,0,0,0,59,1,0,0,93,0,0,1,0
4978,1,0,0,13,1,0,0,20,0,1,0,0
4979,1,0,1,34,1,1,0,90,0,0,0,1
4980,0,0,1,1,1,1,0,46,1,0,1,0
4981,1,0,0,22,1,0,0,54,1,1,0,0
4982,0,0,0,71,1,1,1,24,0,0,1,0
4983,1,1,0,49,1,0,0,90,1,1,0,0
4984,0,1,0,9,1,0,0,90,0,1,0,0
4985,1,0,0,4,1,1,0,78,1,0,0,1
4986,1,0,1,72,1,1,1,25,0,1,0,0
4987,0,0,0,25,1,1,0,100,1,0,0,1
4988,1,1,0,1,0,0,0,25,1,0,1,0
4989,1,0,0,42,1,0,0,20,0,1,0,0
4990,0,1,0,35,1,0,0,99,0,1,0,0
4991,0,0,1,1,0,0,1,25,0,0,1,0
4992,0,0,0,3,1,0,0,19,0,1,0,0
4993,1,0,0,44,1,0,0,60,0,0,0,1
4994,1,0,1,45,1,0,1,95,0,1,0,0
4995,1,0,1,1,0,1,1,30,1,1,0,0
4996,1,0,0,71,1,1,0,91,0,0,0,1
4997,0,0,0,18,1,0,0,96,0,1,0,0
4998,0,0,0,2,1,1,1,75,0,0,1,0
4999,0,0,1,1,1,0,0,50,1,0,0,1
5000,0,0,0,33,1,0,0,100,0,1,0,0
5001,1,0,0,72,1,0,0,89,0,1,0,0
5002,1,1,0,71,0,0,0,56,0,0,0,1
5003,0,0,1,2,1,1,1,74,1,1,0,0
5004,0,0,1,57,1,1,1,20,0,1,0,0
5005,0,0,1,52,1,0,1,51,0,0,1,0
5006,1,0,0,49,1,1,0,104,1,1,0,0
5007,0,0,0,1,1,0,0,71,1,1,0,0
5008,0,0,0,1,1,0,0,21,1,0,0,1
5009,0,0,1,7,1,1,1,21,0,0,1,0
5010,1,1,0,18,1,1,0,94,0,0,0,1
5011,1,0,0,2,1,1,1,70,0,1,0,0
5012,1,0,0,37,1,0,0,55,0,1,0,0
5013,1,0,0,1,1,0,0,24,1,1,0,0
5014,0,0,1,48,0,0,0,45,0,1,0,0
5015,1,0,0,37,1,1,0,96,0,1,0,0
5016,1,0,0,3,1,0,0,74,0,1,0,0
5017,1,0,0,35,1,0,0,55,1,0,1,0
5018,0,0,0,15,1,0,0,20,0,0,0,1
5019,1,0,0,1,1,1,1,20,0,1,0,0
5020,1,0,1,72,1,0,0,21,0,0,0,1
5021,1,0,0,18,1,1,1,19,0,0,1,0
5022,0,0,0,2,1,0,1,86,1,0,0,1
5023,1,0,0,35,1,0,1,55,0,1,0,0
5024,0,0,0,11,1,1,0,49,1,0,0,1
5025,0,1,0,26,1,0,1,79,0,1,0,0
5026,1,1,0,37,1,0,0,72,0,0,1,0
5027,0,1,0,56,1,1,1,100,0,1,0,0
5028,1,0,1,69,1,0,1,60,0,0,0,1
5029,0,0,1,71,1,0,0,20,0,1,0,0
5030,1,0,1,62,1,0,1,116,0,1,0,0
5031,1,0,0,50,0,0,1,35,0,1,0,0
5032,0,0,1,62,1,1,1,111,0,1,0,0
5033,0,0,0,54,1,0,0,100,0,1,0,0
5034,1,0,0,63,1,0,0,87,0,0,1,0
5035,1,0,1,22,1,0,1,58,0,1,0,0
5036,0,0,0,30,1,1,1,19,0,1,0,0
5037,1,1,0,57,1,0,1,54,0,1,0,0
5038,0,1,0,58,1,0,0,98,0,0,1,0
5039,1,1,0,55,0,0,1,45,0,1,0,0
5040,0,0,0,37,1,1,1,102,1,1,0,0
5041,1,0,0,2,1,0,0,54,0,0,1,0
5042,1,1,0,49,1,0,0,88,0,0,1,0
5043,1,1,0,24,1,1,1,79,1,1,0,0
5044,0,0,0,29,1,0,1,55,0,1,0,0
5045,1,0,0,1,1,1,1,45,1,1,0,0
5046,1,0,0,72,1,0,0,110,0,1,0,0
5047,0,0,0,11,1,1,1,64,0,1,0,0
5048,0,0,1,7,1,0,1,69,1,0,1,0
5049,0,0,1,59,1,0,0,21,0,1,0,0
5050,0,0,0,68,1,1,1,56,0,0,0,1
5051,0,0,1,67,1,1,1,94,0,1,0,0
5052,0,1,0,2,1,0,0,79,1,1,0,0
5053,1,1,0,31,1,1,1,91,0,1,0,0
5054,1,0,1,16,1,0,0,64,0,0,1,0
5055,0,0,0,1,1,1,0,80,1,0,0,1
5056,1,0,0,17,1,1,0,94,1,0,0,1
5057,0,1,0,7,1,1,1,89,0,1,0,0
5058,1,0,0,1,1,0,0,21,0,1,0,0
5059,0,0,0,10,0,1,1,36,0,1,0,0
5060,0,0,0,2,1,0,0,90,0,1,0,0
5061,0,0,1,59,1,1,0,90,0,0,1,0
5062,0,1,0,3,1,0,0,75,1,1,0,0
5063,0,0,0,72,1,1,1,85,0,1,0,0
5064,0,0,0,22,1,0,0,89,0,1,0,0
5065,1,0,0,13,1,1,0,51,0,0,1,0
5066,0,0,0,10,1,0,0,45,0,0,0,1
5067,0,0,1,35,0,0,0,46,0,1,0,0
5068,1,0,0,71,1,0,0,99,0,0,0,1
5069,1,1,0,32,1,1,1,75,1,1,0,0
5070,1,0,0,5,1,0,1,56,0,0,1,0
5071,0,1,0,31,1,0,1,85,0,1,0,0
5072,1,0,0,46,1,1,1,45,0,1,0,0
5073,0,1,0,20,1,0,0,79,1,0,1,0
5074,1,0,0,10,1,0,0,80,0,0,1,0
5075,1,0,1,47,1,0,1,107,1,1,0,0
5076,0,0,0,23,1,0,1,90,0,0,1,0
5077,0,0,0,21,1,0,0,94,0,0,0,1
5078,0,0,0,63,1,1,1,90,0,0,1,0
5079,0,1,0,2,1,1,1,50,1,1,0,0
5080,0,0,0,5,1,1,1,20,0,0,0,1
5081,0,1,0,4,1,0,0,80,0,0,0,1
5082,0,0,0,52,0,0,0,66,0,0,1,0
5083,1,0,0,26,1,0,0,20,0,1,0,0
5084,0,1,0,2,1,0,0,70,1,0,1,0
5085,0,0,0,1,1,0,0,20,0,1,0,0
5086,1,0,0,44,0,0,0,54,0,0,1,0
5087,1,0,0,2,0,0,0,25,1,1,0,0
5088,0,0,0,2,1,0,0,20,0,0,0,1
5089,0,0,0,33,1,0,0,108,0,1,0,0
5090,1,0,0,30,1,1,1,95,0,1,0,0
5091,0,1,0,14,1,0,0,100,1,1,0,0
5092,1,0,0,1,1,0,0,20,1,1,0,0
5093,1,0,0,12,1,1,0,95,0,0,0,1
5094,1,0,0,41,1,1,1,89,0,0,1,0
5095,1,0,1,9,1,0,0,103,0,0,1,0
5096,0,1,0,69,1,1,0,110,0,0,0,1
5097,1,0,0,1,1,1,1,80,1,1,0,0
5098,1,0,0,2,1,1,1,20,0,1,0,0
5099,0,0,0,2,1,0,0,49,1,1,0,0
5100,1,0,0,30,1,0,1,56,0,1,0,0
5101,0,0,0,51,1,1,1,94,0,1,0,0
5102,0,1,0,50,1,1,1,101,0,0,0,1
5103,0,0,0,69,1,0,1,24,0,0,1,0
5104,0,0,0,70,1,0,0,110,0,0,0,1
5105,1,0,0,52,1,0,1,61,0,0,1,0
5106,1,0,0,18,1,0,0,49,1,1,0,0
5107,1,0,0,46,1,0,0,89,0,1,0,0
5108,1,0,1,55,1,0,0,19,0,1,0,0
5109,0,1,0,5,1,0,0,76,1,0,0,1
5110,0,1,0,3,1,1,1,87,1,1,0,0
5111,1,0,0,6,1,0,1,19,0,1,0,0
5112,1,0,1,70,1,0,0,84,0,1,0,0
5113,0,0,1,59,1,1,1,72,0,0,0,1
5114,0,0,0,40,0,1,1,55,0,1,0,0
5115,1,0,0,71,1,0,0,20,0,0,0,1
5116,1,0,0,5,1,0,1,80,0,1,0,0
5117,0,0,1,10,1,0,0,86,0,0,0,1
5118,0,1,1,65,1,1,1,107,0,1,0,0
5119,1,0,0,5,0,0,1,24,0,1,0,0
5120,1,0,1,1,1,0,0,50,0,0,1,0
5121,1,0,1,57,1,1,0,19,0,0,1,0
5122,0,0,0,62,1,0,0,81,0,1,0,0
5123,1,1,0,30,1,0,1,69,0,1,0,0
5124,1,0,0,29,0,0,0,34,0,0,0,1
5125,0,0,1,56,1,1,1,25,0,1,0,0
5126,1,0,0,58,0,1,1,45,0,1,0,0
5127,1,1,0,35,1,1,1,73,0,0,1,0
5128,1,0,1,67,1,1,1,105,0,1,0,0
5129,0,0,0,70,1,0,1,85,0,1,0,0
5130,1,0,1,24,1,0,0,56,0,1,0,0
5131,1,0,0,34,1,1,1,57,0,1,0,0
5132,0,1,0,71,1,1,0,100,0,0,1,0
5133,0,1,0,4,1,1,1,83,0,1,0,0
5134,1,0,0,12,1,1,1,81,1,1,0,0
5135,1,0,0,15,1,0,0,52,1,1,0,0
5136,1,0,1,46,1,1,1,25,0,1,0,0
5137,1,0,1,44,1,1,1,62,0,1,0,0
5138,1,0,0,40,1,1,1,103,0,0,0,1
5139,0,1,0,14,1,1,0,105,1,0,0,1
5140,0,1,0,68,1,0,1,61,0,1,0,0
5141,1,0,0,33,1,0,0,61,0,1,0,0
5142,0,0,1,29,1,1,1,20,0,0,1,0
5143,0,0,0,59,1,0,0,107,0,0,1,0
5144,1,0,0,25,1,0,0,74,0,1,0,0
5145,0,0,0,7,1,1,0,69,0,0,1,0
5146,1,1,0,16,1,1,1,70,0,1,0,0
5147,1,0,1,38,1,0,0,74,0,1,0,0
5148,0,0,0,10,1,1,1,68,0,0,0,1
5149,1,0,0,69,1,0,0,20,0,0,0,1
5150,1,1,0,54,0,0,0,55,0,1,0,0
5151,0,0,1,53,1,0,0,85,0,1,0,0
5152,1,0,1,1,1,1,0,20,1,0,0,1
5153,0,0,0,41,1,0,1,75,0,1,0,0
5154,0,0,1,31,1,1,1,20,0,1,0,0
5155,1,1,0,20,1,0,1,107,0,0,1,0
5156,1,0,1,19,0,0,0,25,0,0,1,0
5157,0,0,0,50,1,0,0,76,0,0,0,1
5158,1,0,1,27,1,1,0,20,0,0,0,1
5159,1,0,0,54,1,1,1,110,1,1,0,0
5160,0,1,0,42,1,0,1,95,0,1,0,0
5161,0,0,1,1,1,0,0,19,0,1,0,0
5162,1,0,1,12,1,0,0,19,0,1,0,0
5163,1,0,1,49,1,0,0,101,1,1,0,0
5164,1,0,0,27,1,1,0,69,0,1,0,0
5165,0,0,0,24,1,0,1,20,0,1,0,0
5166,1,0,1,67,1,1,1,105,0,0,1,0
5167,0,0,0,2,1,0,0,45,0,0,0,1
5168,1,0,0,72,1,0,1,114,0,1,0,0
5169,0,1,0,52,1,0,0,106,0,0,1,0
5170,1,0,0,10,1,0,0,74,1,1,0,0
5171,1,1,0,72,1,0,0,74,0,1,0,0
5172,0,0,0,7,1,0,0,75,1,0,0,1
5173,1,1,1,72,1,0,0,116,0,1,0,0
5174,0,0,1,51,1,0,1,81,0,1,0,0
5175,0,1,0,26,1,0,0,98,0,0,1,0
5176,0,1,0,52,1,0,0,109,0,1,0,0
5177,1,0,1,47,1,1,1,21,0,1,0,0
5178,1,0,0,36,1,1,1,19,0,0,1,0
5179,0,0,0,3,1,0,0,20,1,1,0,0
5180,0,1,0,1,1,0,0,71,0,0,0,1
5181,1,1,0,12,0,1,0,44,1,0,0,1
5182,1,0,0,72,1,1,0,112,0,0,1,0
5183,1,0,0,12,1,1,1,20,0,1,0,0
5184,1,1,0,1,1,1,1,95,1,0,0,1
5185,1,0,0,30,1,0,0,70,0,0,1,0
5186,0,0,0,42,1,0,0,50,0,1,0,0
5187,1,0,0,3,1,1,1,69,1,1,0,0
5188,1,1,0,13,1,1,1,89,1,1,0,0
5189,0,0,0,12,1,1,0,100,1,1,0,0
5190,1,1,0,57,1,1,1,101,1,1,0,0
5191,1,1,0,32,1,1,0,85,1,0,0,1
5192,1,0,0,68,1,0,0,77,0,0,0,1
5193,0,0,1,8,1,1,0,20,0,0,0,1
5194,0,0,0,1,1,0,1,20,1,1,0,0
5195,1,0,1,46,1,0,0,20,0,0,0,1
5196,1,0,0,10,1,1,1,95,0,0,1,0
5197,1,1,0,4,0,1,1,30,0,0,0,1
5198,1,1,0,1,1,1,1,46,0,1,0,0
5199,0,1,0,4,1,1,1,85,1,0,1,0
5200,0,0,0,68,1,1,1,20,0,0,1,0
5201,1,0,1,58,1,0,0,94,0,0,1,0
5202,1,0,0,1,0,1,1,24,0,0,0,1
5203,1,1,0,12,1,0,0,73,0,1,0,0
5204,1,0,1,72,1,0,0,114,0,1,0,0
5205,0,0,0,5,1,1,1,100,1,1,0,0
5206,0,0,1,20,1,0,0,20,0,0,0,1
5207,1,0,1,27,1,0,0,19,0,1,0,0
5208,0,0,0,31,1,0,0,85,0,1,0,0
5209,0,0,0,70,1,1,1,98,0,0,0,1
5210,1,0,1,67,1,0,0,69,0,0,1,0
5211,1,0,0,3,1,1,1,50,0,1,0,0
5212,1,0,0,1,1,0,0,20,1,0,0,1
5213,1,0,1,28,1,1,1,54,0,1,0,0
5214,1,0,1,29,1,0,1,20,0,1,0,0
5215,0,0,0,4,1,0,0,75,1,1,0,0
5216,0,0,0,50,1,0,0,80,0,0,1,0
5217,0,1,0,34,1,1,0,64,0,1,0,0
5218,1,0,1,67,1,0,0,90,0,0,1,0
5219,1,0,1,72,1,0,0,104,0,1,0,0
5220,0,1,0,4,1,0,0,100,1,0,1,0
5221,0,1,0,7,1,1,1,84,0,0,1,0
5222,0,0,0,47,1,1,0,104,0,1,0,0
5223,0,0,1,11,1,1,0,51,0,0,0,1
5224,1,0,0,40,1,1,1,105,1,0,1,0
5225,1,1,0,40,1,1,1,102,1,0,1,0
5226,0,0,0,41,1,0,0,20,0,1,0,0
5227,1,0,0,31,1,1,1,94,0,1,0,0
5228,1,0,0,62,1,0,0,23,0,1,0,0
5229,0,0,0,61,1,1,1,104,0,0,1,0
5230,0,0,1,67,0,1,1,36,0,0,0,1
5231,0,1,0,72,1,1,1,24,0,1,0,0
5232,1,0,0,62,0,0,0,39,0,1,0,0
5233,0,1,0,2,1,0,1,70,1,1,0,0
5234,0,0,0,59,1,1,1,100,0,0,1,0
5235,1,0,0,4,1,1,1,56,0,1,0,0
5236,1,0,0,72,1,0,1,90,0,0,1,0
5237,1,0,1,70,1,0,0,65,0,1,0,0
5238,1,0,0,71,1,0,0,24,0,0,1,0
5239,1,0,1,38,1,0,1,99,1,0,1,0
5240,1,1,0,19,1,0,1,91,1,0,0,1
5241,1,0,0,3,1,0,0,70,1,0,1,0
5242,0,0,1,4,1,1,1,58,0,1,0,0
5243,0,0,0,4,1,0,1,46,1,0,1,0
5244,1,0,1,18,1,1,1,95,1,1,0,0
5245,1,0,0,51,1,0,0,25,0,0,0,1
5246,0,0,0,13,1,0,1,85,1,1,0,0
5247,1,0,0,3,1,1,1,80,0,1,0,0
5248,0,1,0,10,1,0,0,85,1,0,0,1
5249,1,0,0,61,1,0,0,99,0,0,0,1
5250,1,0,0,12,1,1,1,20,0,1,0,0
5251,1,0,1,31,0,0,1,35,1,1,0,0
5252,1,0,0,1,1,1,1,20,0,1,0,0
5253,1,0,0,72,0,0,0,66,0,0,1,0
5254,1,1,0,14,1,1,1,90,1,0,0,1
5255,1,0,0,11,1,1,1,80,1,1,0,0
5256,1,1,1,56,1,1,1,95,0,0,0,1
5257,1,0,0,31,1,1,1,81,0,1,0,0
5258,1,0,0,4,1,1,1,20,0,0,1,0
5259,1,1,0,21,1,1,1,65,0,1,0,0
5260,0,0,1,22,1,1,1,21,0,1,0,0
5261,1,0,1,1,1,1,1,70,1,0,0,1
5262,1,1,0,23,1,1,0,90,0,0,1,0
5263,0,0,0,29,0,0,0,40,0,1,0,0
5264,1,1,0,47,1,0,0,60,0,0,1,0
5265,0,1,0,65,1,1,1,109,0,0,1,0
5266,0,0,0,1,0,0,0,30,0,0,1,0
5267,1,0,1,8,1,0,0,54,0,0,1,0
5268,0,0,1,24,1,1,0,83,0,0,0,1
5269,1,1,0,9,1,0,0,84,1,1,0,0
5270,1,1,0,5,1,0,0,50,1,1,0,0
5271,0,1,0,25,1,0,0,90,1,1,0,0
5272,0,0,0,2,1,1,1,69,1,1,0,0
5273,0,0,1,6,1,0,0,20,0,0,0,1
5274,1,0,1,41,1,1,1,20,0,0,1,0
5275,0,0,0,11,1,1,0,45,0,1,0,0
5276,0,1,0,29,1,0,0,99,1,0,1,0
5277,0,0,1,30,1,0,1,20,0,1,0,0
5278,0,0,1,72,1,1,1,116,0,1,0,0
5279,1,0,1,70,1,1,0,98,0,0,0,1
5280,0,0,0,25,1,1,0,54,0,0,1,0
5281,0,0,1,12,0,1,0,29,1,0,0,1
5282,0,0,0,12,1,1,1,20,0,1,0,0
5283,0,0,0,63,1,0,0,108,1,1,0,0
5284,0,0,0,47,1,0,0,99,1,1,0,0
5285,1,0,0,72,1,0,0,99,0,0,0,1
5286,0,0,0,18,1,0,1,50,0,1,0,0
5287,0,0,0,71,1,0,0,85,0,1,0,0
5288,1,0,0,1,1,0,1,75,1,1,0,0
5289,1,0,1,42,1,1,1,54,0,0,1,0
5290,0,0,0,19,1,0,0,89,0,0,0,1
5291,1,0,1,72,1,1,1,105,0,0,1,0
5292,0,0,0,70,1,0,0,114,0,0,1,0
5293,0,1,1,56,1,1,1,73,0,0,1,0
5294,0,0,0,46,0,1,1,46,0,0,0,1
5295,0,0,0,2,1,1,1,20,0,1,0,0
5296,0,0,1,72,1,0,0,108,0,0,1,0
5297,1,1,0,69,1,0,0,85,0,0,0,1
5298,0,0,0,1,1,1,1,20,0,1,0,0
5299,0,0,0,53,1,1,1,21,1,1,0,0
5300,0,0,0,29,1,0,1,20,0,1,0,0
5301,1,0,0,35,0,1,1,49,0,1,0,0
5302,1,0,0,9,1,0,0,88,0,1,0,0
5303,1,0,0,19,1,0,0,89,0,1,0,0
5304,0,0,0,61,1,0,1,115,0,1,0,0
5305,1,0,0,8,1,0,0,55,0,0,0,1
5306,0,0,0,29,1,1,1,101,0,1,0,0
5307,1,0,0,72,1,0,1,108,0,1,0,0
5308,1,0,1,1,1,0,0,100,1,0,0,1
5309,0,0,0,7,1,0,0,67,0,0,0,1
5310,1,0,0,16,1,1,0,49,0,1,0,0
5311,1,0,1,21,0,0,0,26,0,1,0,0
5312,0,0,0,7,0,0,0,40,1,1,0,0
5313,1,1,0,7,1,0,1,90,1,1,0,0
5314,1,0,1,32,1,0,0,91,0,0,0,1
5315,1,0,0,67,1,0,0,116,1,1,0,0
5316,0,0,1,67,1,1,1,109,0,0,1,0
5317,1,0,0,24,1,0,0,55,0,1,0,0
5318,1,0,0,17,1,0,0,21,0,0,0,1
5319,1,0,0,24,1,1,1,50,0,0,0,1
5320,1,0,0,28,1,0,0,97,0,0,0,1
5321,0,1,0,38,1,0,1,95,0,0,1,0
5322,0,0,1,38,1,0,0,80,1,1,0,0
5323,1,0,0,1,1,1,1,79,1,0,1,0
5324,1,0,1,72,1,1,0,103,1,0,1,0
5325,0,0,0,8,1,0,0,101,1,0,1,0
5326,1,1,0,62,1,0,0,90,0,1,0,0
5327,1,0,0,67,1,0,0,88,0,0,0,1
5328,0,0,1,18,1,1,0,20,0,0,1,0
5329,1,0,0,2,1,0,0,64,0,1,0,0
5330,1,0,1,33,0,0,1,34,0,1,0,0
5331,0,0,0,71,1,0,0,24,0,0,0,1
5332,0,0,0,7,1,0,0,21,0,0,1,0
5333,1,0,0,5,1,0,1,70,1,1,0,0
5334,0,0,1,17,1,1,1,93,0,0,0,1
5335,1,0,0,12,1,0,1,20,0,0,1,0
5336,0,1,0,50,1,0,0,109,0,1,0,0
5337,1,0,0,45,1,0,0,51,0,1,0,0
5338,1,0,0,56,1,0,0,99,0,0,0,1
5339,0,0,1,59,1,1,1,76,0,1,0,0
5340,1,0,0,1,1,1,0,87,1,0,1,0
5341,1,0,0,1,1,1,1,81,1,1,0,0
5342,1,0,1,67,1,0,0,90,0,1,0,0
5343,1,0,1,39,0,0,0,45,0,0,0,1
5344,0,0,1,36,1,0,0,93,0,0,0,1
5345,0,0,1,72,1,0,1,70,0,1,0,0
5346,1,1,0,66,1,1,0,100,1,0,0,1
5347,0,0,0,9,1,1,1,20,0,0,0,1
5348,0,0,0,68,1,0,0,26,0,0,1,0
5349,1,0,0,7,1,1,1,24,0,0,0,1
5350,1,0,0,1,1,1,0,20,0,0,0,1
5351,1,0,0,4,1,0,1,50,1,0,1,0
5352,1,0,0,39,1,0,1,73,0,1,0,0
5353,0,0,1,7,1,0,0,21,0,1,0,0
5354,1,1,0,72,1,0,1,84,0,1,0,0
5355,1,1,0,46,1,1,1,101,1,1,0,0
5356,1,0,1,61,1,0,0,98,0,0,1,0
5357,1,0,0,20,1,0,0,20,0,0,0,1
5358,1,0,0,43,1,0,0,100,1,1,0,0
5359,1,0,1,62,1,0,0,21,0,1,0,0
5360,0,0,1,69,0,1,1,46,0,1,0,0
5361,1,0,1,2,1,0,0,61,0,0,1,0
5362,1,1,0,32,1,1,0,81,0,0,0,1
5363,1,0,0,10,1,1,0,104,1,0,0,1
5364,1,0,1,68,1,1,1,100,0,1,0,0
5365,1,0,0,13,1,0,0,75,1,0,0,1
5366,1,0,0,2,1,0,0,54,1,0,0,1
5367,1,0,0,34,1,1,0,26,0,0,0,1
5368,0,0,1,72,1,0,1,90,0,1,0,0
5369,1,0,0,64,1,0,0,105,0,1,0,0
5370,1,0,1,60,1,1,1,21,0,1,0,0
5371,0,0,0,3,1,1,1,65,0,0,1,0
5372,0,0,0,2,1,1,1,70,0,1,0,0
5373,0,0,0,65,1,0,1,96,0,0,0,1
5374,1,0,1,50,1,1,1,25,0,1,0,0
5375,0,0,0,63,1,0,0,81,0,1,0,0
5376,0,1,0,60,1,1,0,89,0,0,1,0
5377,0,0,0,22,1,0,0,26,0,1,0,0
5378,0,1,0,8,1,1,0,81,1,0,0,1
5379,0,0,0,23,1,1,1,74,0,0,1,0
5380,1,0,0,4,1,0,1,74,1,1,0,0
5381,1,1,0,2,1,1,1,19,0,1,0,0
5382,0,0,1,20,1,0,0,20,0,0,1,0
5383,0,0,1,0,1,1,1,81,0,1,0,0
5384,0,0,1,2,1,1,0,20,1,1,0,0
5385,0,0,0,62,1,1,1,26,0,1,0,0
5386,0,1,0,14,1,0,0,80,0,1,0,0
5387,0,0,0,56,1,0,0,20,0,1,0,0
5388,0,1,0,34,1,0,0,94,1,1,0,0
5389,1,0,0,63,1,0,1,90,0,1,0,0
5390,0,0,1,49,0,1,1,36,0,1,0,0
5391,1,0,0,34,1,0,0,101,0,0,1,0
5392,1,0,0,1,1,0,0,44,0,0,0,1
5393,1,0,1,72,1,0,1,91,0,1,0,0
5394,1,0,1,13,1,1,1,50,0,1,0,0
5395,0,0,1,68,1,0,1,83,1,1,0,0
5396,0,0,0,4,1,0,0,70,1,0,1,0
5397,1,0,0,18,1,0,1,55,0,1,0,0
5398,1,0,0,19,1,0,0,100,1,1,0,0
5399,0,1,0,40,1,0,0,79,1,0,1,0
5400,0,0,1,14,1,0,1,20,0,1,0,0
5401,0,0,0,46,1,0,0,45,0,0,0,1
5402,1,0,0,1,1,0,0,85,1,0,0,1
5403,0,0,0,8,1,1,0,65,0,1,0,0
5404,1,0,1,23,1,0,1,60,0,0,1,0
5405,0,1,0,56,1,1,1,73,0,0,1,0
5406,1,0,0,3,1,1,1,84,0,0,0,1
5407,0,0,0,55,1,0,0,65,0,0,0,1
5408,1,0,0,4,1,1,0,49,0,0,0,1
5409,0,0,1,72,0,1,1,65,0,1,0,0
5410,0,0,0,17,1,0,1,19,0,0,0,1
5411,0,0,1,65,1,0,0,99,0,1,0,0
5412,1,0,0,1,1,1,1,20,1,0,1,0
5413,0,0,0,52,1,0,1,80,0,1,0,0
5414,1,0,0,25,1,1,1,20,0,0,1,0
5415,0,0,0,58,1,1,0,94,0,1,0,0
5416,0,0,0,71,0,0,1,48,0,0,1,0
5417,1,0,0,3,1,0,0,74,0,0,0,1
5418,1,0,1,17,1,1,1,67,0,1,0,0
5419,1,0,0,1,1,1,1,70,0,0,0,1
5420,1,0,0,17,1,1,1,80,0,0,0,1
5421,0,0,1,13,1,0,0,54,0,0,0,1
5422,0,1,0,1,1,0,0,70,1,0,0,1
5423,1,0,0,29,1,0,1,59,0,1,0,0
5424,0,0,0,57,1,1,1,113,1,0,0,1
5425,0,0,0,12,1,1,1,51,0,1,0,0
5426,1,1,0,13,1,1,0,90,1,0,0,1
5427,1,0,0,53,1,1,1,25,0,1,0,0
5428,1,0,0,57,1,0,1,60,0,1,0,0
5429,0,1,0,65,1,1,0,106,1,0,0,1
5430,0,0,0,4,1,1,0,60,1,1,0,0
5431,0,1,0,13,1,0,0,55,0,0,1,0
5432,0,0,1,8,1,0,0,19,0,1,0,0
5433,0,0,0,60,1,0,1,106,0,0,1,0
5434,0,0,0,15,1,1,1,88,1,1,0,0
5435,0,0,0,1,1,0,1,70,1,0,1,0
5436,0,0,0,4,1,0,0,20,0,1,0,0
5437,1,0,1,34,0,1,0,30,0,1,0,0
5438,1,0,1,1,1,0,1,45,0,1,0,0
5439,0,1,0,35,1,1,1,108,0,1,0,0
5440,1,0,1,2,1,0,0,55,0,1,0,0
5441,0,0,1,34,1,1,0,21,0,0,0,1
5442,1,0,0,15,1,1,0,20,0,0,0,1
5443,0,0,0,42,1,0,0,66,0,1,0,0
5444,0,0,0,70,1,1,1,20,0,1,0,0
5445,1,0,1,34,1,1,1,79,0,0,0,1
5446,1,0,0,1,1,0,0,20,1,1,0,0
5447,1,1,0,42,1,0,0,79,0,1,0,0
5448,0,0,0,1,1,1,1,19,0,0,1,0
5449,0,0,1,57,1,0,1,53,0,0,0,1
5450,0,0,0,14,1,1,1,65,1,1,0,0
5451,1,0,0,10,1,1,1,57,0,0,1,0
5452,0,0,0,22,1,0,0,65,0,0,1,0
5453,0,0,0,15,1,0,0,20,1,0,0,1
5454,1,0,0,60,1,0,1,24,0,1,0,0
5455,1,1,0,9,1,0,0,99,1,1,0,0
5456,1,0,0,59,1,0,0,61,0,1,0,0
5457,1,0,0,34,1,0,0,106,1,1,0,0
5458,0,0,0,1,1,0,0,100,1,1,0,0
5459,0,0,0,48,1,0,1,97,0,1,0,0
5460,1,0,1,71,1,0,0,90,0,0,0,1
5461,0,0,1,71,0,0,0,60,0,0,0,1
5462,0,0,0,9,1,1,0,44,1,0,1,0
5463,0,0,0,10,1,0,0,24,0,1,0,0
5464,0,0,0,72,1,0,0,115,0,0,0,1
5465,1,0,0,3,0,0,0,30,0,0,1,0
5466,1,0,0,57,0,0,0,54,0,0,1,0
5467,0,0,0,35,1,1,1,57,0,0,1,0
5468,1,0,0,50,1,0,1,70,0,1,0,0
5469,1,0,0,9,1,0,1,86,0,1,0,0
5470,1,0,1,12,1,0,1,49,0,0,0,1
5471,1,1,0,60,1,1,1,98,0,1,0,0
5472,1,0,0,46,0,1,0,30,1,1,0,0
5473,0,0,0,12,0,0,0,34,0,1,0,0
5474,0,0,0,11,1,1,1,54,0,1,0,0
5475,1,0,0,39,0,1,0,41,0,1,0,0
5476,1,0,1,50,1,0,1,104,1,1,0,0
5477,0,0,0,19,1,1,0,87,0,0,0,1
5478,1,0,1,72,1,0,1,105,0,0,0,1
5479,1,1,0,7,1,0,1,96,1,1,0,0
5480,1,0,0,37,1,0,0,67,0,1,0,0
5481,1,0,1,31,1,1,1,26,0,1,0,0
5482,0,0,0,1,1,0,0,70,1,0,1,0
5483,0,1,0,72,1,1,1,112,0,1,0,0
5484,0,0,1,32,1,1,1,61,0,0,0,1
5485,1,0,0,46,1,0,0,73,0,1,0,0
5486,0,0,0,27,1,1,0,96,0,0,0,1
5487,1,0,1,69,1,0,0,21,0,0,1,0
5488,0,1,0,4,1,1,1,89,1,0,1,0
5489,1,0,0,14,1,0,0,93,0,1,0,0
5490,0,0,0,32,1,0,0,20,0,1,0,0
5491,1,0,0,67,1,0,0,19,0,1,0,0
5492,0,0,0,1,1,1,0,20,0,0,0,1
5493,1,0,0,43,1,1,1,91,0,1,0,0
5494,1,0,0,21,1,0,1,20,0,1,0,0
5495,1,0,0,2,1,0,1,49,0,1,0,0
5496,0,0,0,12,0,1,0,50,0,0,0,1
5497,0,0,0,28,0,0,0,36,0,0,1,0
5498,0,1,0,30,1,0,0,104,0,1,0,0
5499,1,0,0,16,1,0,1,89,1,1,0,0
5500,1,0,1,31,1,0,0,79,1,0,0,1
5501,0,0,1,14,1,0,0,59,0,1,0,0
5502,0,1,0,72,1,0,1,110,0,1,0,0
5503,0,0,1,53,1,0,0,21,0,0,1,0
5504,1,0,0,68,0,1,1,40,0,0,1,0
5505,0,0,0,50,1,0,0,90,0,0,1,0
5506,0,1,0,70,1,0,0,106,0,1,0,0
5507,0,0,0,65,1,0,0,60,0,0,1,0
5508,0,0,0,1,1,1,0,70,1,0,0,1
5509,0,0,0,36,1,0,0,95,0,1,0,0
5510,0,0,0,57,0,0,1,59,0,1,0,0
5511,0,0,0,9,1,1,0,88,0,0,0,1
5512,1,0,1,3,1,1,0,55,1,1,0,0
5513,0,0,1,19,1,0,1,25,0,0,0,1
5514,0,0,0,68,1,0,0,119,0,1,0,0
5515,1,1,0,29,1,0,0,96,1,0,0,1
5516,0,1,0,17,1,1,0,83,0,1,0,0
5517,1,1,0,71,1,0,1,115,0,0,1,0
5518,1,0,1,1,1,1,1,89,1,1,0,0
5519,0,0,1,49,1,0,0,79,0,1,0,0
5520,0,0,0,13,1,1,1,84,1,0,1,0
5521,1,0,0,39,1,0,0,100,0,1,0,0
5522,0,0,1,49,1,0,1,20,0,1,0,0
5523,0,0,1,22,1,0,1,85,0,1,0,0
5524,1,0,1,61,1,0,0,68,0,0,0,1
5525,1,0,0,1,1,1,0,21,1,0,1,0
5526,0,0,0,2,1,1,0,104,1,0,1,0
5527,0,0,1,7,1,1,1,20,0,0,1,0
5528,1,1,0,71,1,0,0,25,0,0,1,0
5529,1,0,0,17,1,0,0,20,0,1,0,0
5530,0,0,0,3,1,1,1,76,1,0,1,0
5531,1,0,0,72,1,0,0,25,0,0,1,0
5532,1,1,0,40,1,0,0,56,0,0,0,1
5533,1,0,0,14,1,1,1,20,0,1,0,0
5534,0,0,0,65,1,1,1,108,0,1,0,0
5535,0,0,0,47,1,1,0,100,0,0,0,1
5536,1,0,0,25,1,0,0,20,0,1,0,0
5537,1,1,0,2,1,1,1,73,0,0,0,1
5538,1,1,0,46,0,0,1,60,1,1,0,0
5539,0,0,1,55,1,0,0,21,0,0,1,0
5540,0,0,0,63,1,0,0,110,0,1,0,0
5541,1,0,1,62,1,1,1,86,0,0,0,1
5542,0,0,0,48,0,1,0,45,1,0,0,1
5543,1,0,0,18,1,0,1,78,0,1,0,0
5544,1,0,0,71,1,1,1,86,0,1,0,0
5545,1,0,1,35,1,0,1,90,0,1,0,0
5546,0,0,0,27,1,0,0,57,0,1,0,0
5547,1,0,1,68,1,0,1,92,0,1,0,0
5548,0,0,0,3,1,1,0,20,0,0,0,1
5549,0,0,0,39,1,0,1,21,0,1,0,0
5550,0,0,0,53,1,0,0,94,0,0,1,0
5551,0,0,1,28,1,0,0,90,1,1,0,0
5552,1,0,0,5,1,0,0,75,0,0,1,0
5553,1,0,0,10,1,0,0,20,0,1,0,0
5554,1,0,0,50,0,0,0,35,0,0,0,1
5555,1,0,0,19,1,0,0,79,0,0,0,1
5556,1,0,1,17,1,0,1,70,0,1,0,0
5557,1,0,0,20,1,0,1,52,0,1,0,0
5558,0,0,1,63,1,1,1,20,0,0,0,1
5559,1,0,0,72,1,0,0,87,0,1,0,0
5560,1,0,0,52,1,0,1,92,0,1,0,0
5561,0,0,1,59,1,0,0,20,0,1,0,0
5562,1,0,1,30,1,1,1,64,0,1,0,0
5563,0,1,0,19,1,0,0,95,0,1,0,0
5564,1,0,1,47,1,1,0,113,0,0,0,1
5565,1,0,0,43,0,0,0,44,0,1,0,0
5566,1,0,0,57,0,1,0,58,0,0,0,1
5567,1,0,0,59,1,1,1,54,0,0,1,0
5568,0,0,0,12,1,1,1,85,0,1,0,0
5569,1,0,0,43,1,0,1,56,0,1,0,0
5570,1,0,0,64,1,1,1,87,0,1,0,0
5571,1,0,1,6,1,1,0,20,0,0,1,0
5572,1,1,0,1,1,1,0,70,1,0,0,1
5573,1,0,1,17,1,0,1,25,0,1,0,0
5574,0,1,0,60,1,0,0,106,1,1,0,0
5575,1,0,1,72,1,1,0,114,0,0,1,0
5576,1,0,0,5,0,0,0,43,1,1,0,0
5577,0,0,1,65,1,0,0,109,0,0,1,0
5578,1,0,0,6,1,0,0,59,0,0,0,1
5579,1,0,0,4,1,1,1,74,1,0,0,1
5580,0,0,1,20,1,0,0,106,1,0,1,0
5581,0,0,0,61,1,1,1,24,0,0,0,1
5582,0,1,0,65,1,1,0,105,1,0,0,1
5583,0,0,0,72,1,0,1,116,0,1,0,0
5584,0,1,0,8,1,1,1,106,1,1,0,0
5585,0,0,0,12,1,0,0,74,1,1,0,0
5586,0,1,0,43,1,0,0,108,1,0,1,0
5587,0,1,0,30,0,0,1,40,1,0,1,0
5588,1,0,0,58,1,0,0,81,0,1,0,0
5589,0,0,0,46,1,0,0,71,0,0,0,1
5590,1,0,0,24,1,0,0,94,0,1,0,0
5591,1,0,1,49,0,0,1,52,1,1,0,0
5592,1,1,0,4,1,0,0,71,0,0,0,1
5593,1,0,1,10,1,0,0,50,0,0,1,0
5594,1,0,1,54,1,1,1,55,1,1,0,0
5595,0,0,0,50,0,0,0,40,0,1,0,0
5596,0,0,1,48,1,1,0,82,1,0,0,1
5597,0,0,0,30,1,1,1,85,1,1,0,0
5598,0,0,1,3,1,0,0,64,0,0,1,0
5599,0,0,1,1,1,0,1,20,1,1,0,0
5600,0,0,1,48,0,0,1,46,0,1,0,0
5601,0,0,0,29,1,0,0,66,0,0,1,0
5602,0,0,0,3,1,0,0,20,0,0,0,1
5603,0,0,0,14,1,0,0,59,0,1,0,0
5604,0,1,0,49,1,0,1,102,0,1,0,0
5605,0,0,1,69,1,0,0,19,0,1,0,0
5606,0,0,1,72,0,0,0,54,0,0,1,0
5607,0,0,1,66,1,0,0,58,0,1,0,0
5608,1,0,1,53,1,0,0,96,0,0,1,0
5609,1,1,0,15,1,1,1,86,1,1,0,0
5610,0,0,0,10,0,1,1,30,0,1,0,0
5611,1,0,0,27,1,1,1,50,0,1,0,0
5612,0,0,0,72,1,0,0,73,0,0,1,0
5613,1,0,0,21,1,1,0,55,0,0,0,1
5614,0,0,0,1,1,1,1,55,1,0,1,0
5615,1,0,0,55,1,0,0,59,0,1,0,0
5616,0,0,1,58,1,0,0,20,0,1,0,0
5617,0,1,0,6,1,0,0,74,1,1,0,0
5618,0,0,0,12,1,0,0,20,0,1,0,0
5619,0,0,0,18,0,0,1,40,0,0,1,0
5620,1,0,0,3,1,1,1,70,0,0,0,1
5621,1,0,1,55,1,1,1,59,0,1,0,0
5622,1,0,0,4,1,1,1,75,1,1,0,0
5623,0,1,0,10,0,0,0,35,1,1,0,0
5624,0,1,0,70,1,1,1,91,0,1,0,0
5625,0,0,0,50,1,0,0,20,0,1,0,0
5626,1,0,1,72,1,0,0,24,0,1,0,0
5627,1,1,0,66,1,1,1,111,1,1,0,0
5628,1,1,0,2,1,1,1,94,1,1,0,0
5629,0,0,1,44,1,0,0,78,0,1,0,0
5630,1,0,0,56,1,1,1,25,1,1,0,0
5631,1,0,0,6,1,0,0,50,0,1,0,0
5632,1,0,0,25,1,0,0,21,0,0,0,1
5633,1,0,0,6,1,1,0,21,0,1,0,0
5634,1,0,0,1,1,0,0,45,1,1,0,0
5635,0,0,0,53,1,0,0,106,1,1,0,0
5636,0,0,0,14,1,0,0,106,1,1,0,0
5637,1,0,1,66,0,1,1,55,0,0,1,0
5638,1,0,0,68,1,0,0,100,0,1,0,0
5639,0,0,0,28,1,0,0,55,0,1,0,0
5640,0,0,1,3,0,0,1,30,1,1,0,0
5641,0,0,0,24,1,1,0,95,0,0,1,0
5642,0,0,0,9,0,0,0,41,0,0,1,0
5643,1,0,0,22,1,0,1,20,0,1,0,0
5644,0,0,0,56,1,0,1,105,0,1,0,0
5645,1,0,1,21,1,1,0,46,0,0,1,0
5646,1,1,0,16,1,0,0,87,1,1,0,0
5647,1,0,1,72,1,0,0,25,0,1,0,0
5648,1,0,0,1,1,0,0,45,0,0,1,0
5649,0,0,1,32,1,0,0,99,0,1,0,0
5650,0,0,0,1,1,0,0,20,0,0,1,0
5651,0,0,0,25,1,1,1,19,0,1,0,0
5652,0,0,1,17,1,0,0,62,0,1,0,0
5653,1,0,0,33,1,0,1,96,1,1,0,0
5654,1,0,1,14,1,0,1,69,0,0,0,1
5655,0,0,0,72,0,1,0,66,0,0,0,1
5656,1,0,0,47,1,0,0,103,0,1,0,0
5657,0,0,0,39,1,1,1,105,1,1,0,0
5658,0,0,0,6,1,1,1,21,0,1,0,0
5659,0,0,1,11,1,1,0,21,0,0,0,1
5660,0,1,0,20,1,1,0,91,0,0,1,0
5661,1,0,1,62,1,0,0,106,0,1,0,0
5662,1,0,0,1,0,0,1,24,1,1,0,0
5663,1,0,1,34,0,1,1,41,0,1,0,0
5664,1,0,1,28,1,0,1,85,0,1,0,0
5665,1,0,1,42,0,0,0,45,0,1,0,0
5666,0,1,0,24,0,0,0,41,1,0,1,0
5667,0,0,0,55,1,0,0,73,0,1,0,0
5668,1,0,0,36,1,1,1,85,1,1,0,0
5669,1,0,0,24,1,0,1,56,1,0,1,0
5670,0,0,0,25,1,1,0,66,0,1,0,0
5671,0,0,1,33,1,1,0,20,0,0,0,1
5672,0,1,0,1,1,1,0,78,1,0,1,0
5673,0,1,0,2,1,0,0,70,1,0,1,0
5674,1,0,1,39,1,0,0,101,0,0,0,1
5675,1,0,0,55,0,0,1,55,1,1,0,0
5676,0,0,1,72,1,0,0,71,0,1,0,0
5677,0,0,1,70,1,0,1,74,0,0,1,0
5678,0,0,0,4,1,0,0,69,1,1,0,0
5679,1,0,0,7,1,1,1,85,1,1,0,0
5680,0,0,1,54,1,0,0,20,0,1,0,0
5681,0,0,1,31,1,0,0,104,1,0,1,0
5682,0,1,1,60,1,0,0,75,0,1,0,0
5683,0,0,0,1,1,0,0,50,0,1,0,0
5684,1,1,0,65,1,0,1,71,0,0,1,0
5685,0,0,0,12,1,0,0,20,0,0,0,1
5686,1,0,1,72,0,0,1,65,0,1,0,0
5687,0,0,0,7,1,0,1,19,0,0,1,0
5688,0,1,0,44,1,0,0,85,0,0,0,1
5689,1,1,0,7,1,0,1,89,0,1,0,0
5690,1,0,0,12,1,0,0,25,0,0,0,1
5691,1,0,0,62,1,0,0,60,0,0,1,0
5692,1,0,1,4,1,0,0,20,0,1,0,0
5693,0,0,0,5,1,1,0,64,0,0,0,1
5694,0,0,0,2,1,0,0,76,1,0,1,0
5695,1,0,0,1,1,1,1,70,1,0,0,1
5696,0,0,1,40,1,0,0,71,0,1,0,0
5697,0,0,0,1,0,1,1,36,0,0,1,0
5698,1,0,1,25,1,1,1,20,0,1,0,0
5699,1,0,0,6,1,0,1,56,0,1,0,0
5700,1,0,0,41,1,1,1,74,0,1,0,0
5701,1,0,1,9,1,0,0,50,0,1,0,0
5702,1,1,0,1,1,1,1,75,1,1,0,0
5703,0,0,0,22,1,1,0,76,0,0,0,1
5704,0,0,0,38,1,1,1,89,0,1,0,0
5705,1,0,0,23,1,0,0,99,1,1,0,0
5706,1,0,1,60,1,0,1,77,0,1,0,0
5707,0,0,0,47,1,0,0,66,0,1,0,0
5708,0,0,1,72,1,1,1,93,0,1,0,0
5709,1,0,1,70,1,0,0,106,0,0,1,0
5710,1,0,0,1,1,1,1,71,0,0,0,1
5711,0,0,1,4,1,1,1,86,1,1,0,0
5712,0,0,0,8,1,0,0,76,0,1,0,0
5713,1,0,1,71,1,1,0,114,0,0,0,1
5714,0,0,0,2,1,1,1,80,1,1,0,0
5715,1,0,1,34,1,1,1,20,0,1,0,0
5716,1,0,0,40,1,0,0,80,0,1,0,0
5717,1,0,0,20,1,0,0,19,0,0,0,1
5718,0,0,0,27,1,0,1,89,0,1,0,0
5719,1,0,0,30,1,0,0,97,0,0,0,1
5720,0,0,0,9,1,1,1,69,0,0,1,0
5721,0,0,0,3,1,0,0,95,0,0,0,1
5722,1,0,0,12,1,1,1,25,0,1,0,0
5723,0,0,0,71,1,1,1,86,0,1,0,0
5724,0,0,1,27,1,0,1,24,0,1,0,0
5725,0,0,1,40,1,1,0,64,0,0,0,1
5726,1,0,0,52,0,0,0,30,0,0,0,1
5727,0,0,0,70,1,1,1,95,0,0,0,1
5728,1,0,1,3,1,1,1,71,0,1,0,0
5729,1,0,1,10,1,0,0,24,0,1,0,0
5730,1,0,0,7,1,0,0,19,1,0,0,1
5731,1,0,0,61,1,0,0,96,0,1,0,0
5732,0,0,0,7,1,0,1,63,0,1,0,0
5733,1,0,1,72,1,0,0,105,0,0,0,1
5734,1,0,0,1,1,1,0,20,0,0,0,1
5735,1,0,0,1,1,0,0,60,1,0,0,1
5736,1,1,0,3,1,0,0,77,1,1,0,0
5737,1,0,1,25,1,0,0,26,0,1,0,0
5738,0,0,1,1,0,0,0,30,1,1,0,0
5739,0,0,1,33,1,1,1,79,0,0,0,1
5740,0,1,0,32,1,0,0,80,0,0,0,1
5741,1,0,1,52,1,1,1,25,0,1,0,0
5742,0,1,0,28,1,1,1,101,1,0,0,1
5743,0,1,0,16,1,0,0,85,1,0,0,1
5744,1,0,1,26,1,0,0,79,0,0,1,0
5745,1,0,0,1,1,1,0,79,1,0,0,1
5746,1,0,1,58,1,1,1,82,0,1,0,0
5747,0,1,0,60,1,1,0,106,0,0,1,0
5748,1,0,0,32,1,1,1,91,0,1,0,0
5749,0,0,0,18,1,1,1,20,0,0,1,0
5750,1,0,0,1,1,0,1,95,1,1,0,0
5751,0,1,1,48,0,0,0,30,0,0,0,1
5752,1,1,1,51,1,1,0,84,1,0,0,1
5753,0,0,0,72,0,0,0,54,1,1,0,0
5754,1,0,0,23,1,0,0,81,1,1,0,0
5755,1,0,0,5,1,1,1,81,1,1,0,0
5756,1,1,0,11,1,0,0,20,1,0,0,1
5757,1,1,0,52,1,1,0,104,1,1,0,0
5758,0,0,0,41,1,0,0,50,0,0,1,0
5759,0,0,0,63,1,0,1,82,0,1,0,0
5760,1,0,0,61,1,0,1,106,0,1,0,0
5761,0,0,0,12,1,0,0,89,0,0,0,1
5762,0,0,0,1,1,1,1,91,1,1,0,0
5763,1,0,0,4,1,0,1,20,0,1,0,0
5764,0,0,0,14,1,1,1,80,0,0,0,1
5765,1,0,0,69,1,1,1,24,0,0,1,0
5766,1,0,0,44,0,0,0,54,0,0,1,0
5767,0,1,0,13,1,0,0,101,1,0,0,1
5768,1,0,1,9,1,0,1,102,0,0,1,0
5769,1,0,1,22,1,1,1,20,0,0,0,1
5770,0,0,1,1,1,1,0,20,1,0,1,0
5771,1,1,0,1,0,0,0,43,1,1,0,0
5772,0,0,0,71,1,1,0,94,1,0,0,1
5773,0,0,1,42,1,0,0,23,0,1,0,0
5774,1,0,0,1,1,0,0,80,1,1,0,0
5775,1,0,0,1,1,1,1,75,1,0,0,1
5776,0,1,0,42,1,1,0,85,1,0,0,1
5777,0,0,1,8,1,1,0,56,0,0,0,1
5778,1,1,0,65,1,0,0,101,0,1,0,0
5779,1,0,0,20,1,0,1,69,0,0,1,0
5780,0,0,0,1,1,0,0,82,1,0,1,0
5781,1,0,1,42,1,0,1,69,0,1,0,0
5782,1,0,1,51,1,0,1,24,0,1,0,0
5783,1,0,0,43,1,0,1,80,0,1,0,0
5784,0,0,0,46,1,0,1,94,0,1,0,0
5785,1,0,0,52,1,0,0,89,0,0,0,1
5786,0,0,0,10,1,1,0,20,0,0,0,1
5787,1,1,0,35,1,0,1,91,0,1,0,0
5788,1,0,1,66,1,0,0,66,0,1,0,0
5789,0,0,1,52,1,0,0,96,0,0,0,1
5790,1,0,0,46,1,0,0,109,0,1,0,0
5791,1,0,1,50,1,1,1,70,0,1,0,0
5792,1,0,0,13,1,0,1,102,1,1,0,0
5793,0,1,0,27,1,1,0,78,1,1,0,0
5794,1,0,0,22,1,1,1,101,0,0,0,1
5795,1,0,0,71,1,1,1,86,0,1,0,0
5796,1,0,0,26,1,0,0,45,0,0,0,1
5797,1,1,0,45,1,1,1,94,0,1,0,0
5798,0,0,0,16,1,1,1,19,0,1,0,0
5799,1,0,0,49,1,0,0,107,0,1,0,0
5800,0,0,1,14,1,1,1,26,0,1,0,0
5801,1,1,0,17,1,1,1,45,1,1,0,0
5802,0,0,1,72,1,0,0,24,0,1,0,0
5803,1,0,0,49,1,1,1,95,0,1,0,0
5804,0,0,0,67,1,1,0,21,0,0,0,1
5805,0,0,0,29,0,0,0,31,0,1,0,0
5806,1,0,1,13,1,0,0,97,0,1,0,0
5807,0,0,1,72,1,0,0,110,0,0,0,1
5808,1,0,0,58,1,1,1,50,0,0,0,1
5809,1,0,1,72,1,0,1,90,0,1,0,0
5810,0,1,0,1,1,1,1,72,0,1,0,0
5811,1,1,0,5,1,1,0,20,0,0,0,1
5812,0,0,1,34,1,0,1,116,0,1,0,0
5813,0,0,1,72,1,1,1,118,0,0,0,1
5814,1,1,0,51,1,0,0,94,0,1,0,0
5815,0,0,1,4,1,1,1,56,1,1,0,0
5816,1,0,0,4,1,0,0,86,1,1,0,0
5817,0,1,0,24,1,0,0,94,1,1,0,0
5818,0,1,0,31,0,1,1,50,0,0,0,1
5819,1,0,0,1,1,1,1,54,1,0,0,1
5820,1,1,0,1,1,0,0,45,1,0,1,0
5821,0,0,1,34,1,1,0,68,0,0,1,0
5822,0,1,0,22,1,0,1,74,1,1,0,0
5823,0,1,0,4,1,0,0,20,0,1,0,0
5824,1,0,0,72,1,1,0,101,0,0,0,1
5825,1,0,0,8,1,0,1,20,0,1,0,0
5826,1,0,0,1,0,0,1,24,1,1,0,0
5827,0,0,0,1,1,1,1,80,1,1,0,0
5828,0,0,0,1,1,1,0,26,0,0,0,1
5829,0,0,0,9,1,0,0,91,1,0,1,0
5830,1,1,0,33,1,1,0,101,0,0,1,0
5831,1,0,1,53,1,0,1,105,0,1,0,0
5832,1,0,0,57,1,0,1,87,0,1,0,0
5833,0,0,0,60,1,0,0,79,0,1,0,0
5834,1,0,0,72,0,1,1,65,0,1,0,0
5835,1,1,0,32,1,0,0,94,0,0,0,1
5836,1,1,0,48,1,0,0,99,0,0,1,0
5837,0,0,1,22,1,0,0,19,0,1,0,0
5838,0,0,1,65,0,1,0,45,0,1,0,0
5839,0,0,0,65,1,1,1,59,0,1,0,0
5840,0,0,0,1,1,0,0,20,0,0,1,0
5841,0,1,0,66,1,0,0,101,0,0,1,0
5842,1,0,0,71,1,1,0,105,0,1,0,0
5843,1,0,0,17,1,1,1,70,1,0,1,0
5844,1,1,0,2,1,0,1,45,1,1,0,0
5845,1,0,0,51,1,1,1,96,0,1,0,0
5846,1,0,0,20,1,1,1,71,0,1,0,0
5847,1,0,0,71,1,1,1,110,0,0,1,0
5848,1,0,1,67,1,1,1,111,1,0,0,1
5849,0,1,0,1,1,0,0,75,1,0,0,1
5850,1,0,0,16,1,0,1,75,0,1,0,0
5851,0,1,0,55,1,1,1,89,0,0,1,0
5852,0,0,1,7,1,0,1,76,0,1,0,0
5853,0,0,1,43,1,1,1,64,0,0,1,0
5854,0,0,0,1,1,1,0,55,1,1,0,0
5855,0,0,0,4,0,0,0,25,0,1,0,0
5856,1,1,0,72,1,0,0,114,0,1,0,0
5857,0,1,0,49,1,1,1,103,0,1,0,0
5858,1,0,0,53,1,0,0,94,1,0,1,0
5859,0,0,0,60,0,1,0,50,0,0,0,1
5860,0,1,0,68,1,0,1,97,1,1,0,0
5861,1,1,0,57,1,0,0,80,0,0,0,1
5862,0,0,0,7,1,0,1,81,1,1,0,0
5863,0,0,0,1,1,1,1,19,0,1,0,0
5864,0,0,1,7,1,0,0,69,0,0,0,1
5865,1,0,0,68,1,0,0,24,0,1,0,0
5866,1,0,1,19,1,0,0,100,1,1,0,0
5867,0,0,0,2,1,0,0,80,0,0,0,1
5868,0,0,1,67,1,0,0,106,0,1,0,0
5869,1,0,1,67,1,1,1,60,0,0,1,0
5870,1,0,0,35,1,1,0,69,0,1,0,0
5871,0,0,1,67,1,1,0,107,0,1,0,0
5872,0,0,0,11,1,0,1,90,1,1,0,0
5873,1,1,0,56,1,0,1,86,0,1,0,0
5874,1,0,0,8,0,1,1,29,0,1,0,0
5875,0,0,1,22,1,0,0,25,0,0,0,1
5876,1,0,0,71,1,0,1,84,0,1,0,0
5877,0,0,1,46,0,1,1,35,0,0,1,0
5878,0,0,0,66,1,0,0,105,0,0,1,0
5879,1,0,0,15,1,0,0,49,0,0,0,1
5880,1,0,0,25,1,0,0,96,0,1,0,0
5881,1,0,0,32,1,0,0,20,0,0,1,0
5882,1,0,0,8,1,0,0,67,0,0,0,1
5883,1,0,0,6,1,0,0,25,0,1,0,0
5884,0,0,0,3,1,0,0,46,0,0,1,0
5885,1,0,1,11,1,1,0,60,0,0,1,0
5886,1,0,1,15,1,0,0,91,0,0,0,1
5887,0,0,0,23,1,0,0,90,1,1,0,0
5888,0,0,0,1,1,1,1,44,0,1,0,0
5889,1,0,1,37,0,0,0,40,0,1,0,0
5890,1,0,1,69,1,1,0,81,0,0,0,1
5891,1,0,0,71,1,0,0,79,0,0,1,0
5892,0,0,1,8,1,0,0,55,0,1,0,0
5893,0,0,0,6,0,1,0,63,0,0,0,1
5894,0,0,0,58,1,1,1,84,0,1,0,0
5895,0,0,1,39,1,0,0,90,1,1,0,0
5896,1,1,0,23,1,1,0,90,0,0,0,1
5897,1,0,1,66,1,1,0,20,0,0,0,1
5898,1,0,0,51,1,1,0,83,0,0,1,0
5899,0,0,0,7,1,1,1,80,1,1,0,0
5900,1,0,1,15,1,0,0,20,0,1,0,0
5901,1,0,0,51,1,1,1,80,1,1,0,0
5902,1,0,0,4,1,0,0,19,0,1,0,0
5903,0,0,0,18,1,1,1,50,0,0,0,1
5904,1,0,0,46,1,1,1,94,1,0,1,0
5905,1,1,0,3,1,0,1,106,1,1,0,0
5906,1,0,0,63,1,1,1,25,0,1,0,0
5907,1,0,1,52,1,0,0,96,1,1,0,0
5908,0,0,0,17,1,0,0,69,0,1,0,0
5909,0,0,0,43,1,1,1,85,0,0,1,0
5910,1,0,0,69,1,0,0,20,0,1,0,0
5911,0,0,1,70,1,0,0,80,0,1,0,0
5912,0,0,0,4,1,1,1,24,0,1,0,0
5913,1,0,1,60,1,0,1,21,0,0,1,0
5914,0,0,0,20,0,0,0,24,1,1,0,0
5915,1,0,1,69,1,0,0,96,0,0,0,1
5916,0,0,1,48,1,1,1,105,0,0,0,1
5917,0,0,0,1,0,0,0,31,0,1,0,0
5918,1,0,1,8,1,0,0,51,1,0,0,1
5919,1,1,0,1,1,0,0,46,0,0,0,1
5920,0,0,0,1,1,0,1,20,0,1,0,0
5921,1,0,0,22,1,0,0,20,0,0,1,0
5922,1,1,0,16,0,1,1,39,1,0,0,1
5923,1,0,0,72,1,0,1,118,0,1,0,0
5924,1,0,0,11,1,0,0,61,0,0,0,1
5925,1,0,0,4,1,1,0,91,0,0,1,0
5926,0,0,0,8,1,0,0,20,0,1,0,0
5927,0,1,0,54,1,1,0,82,1,0,0,1
5928,1,0,0,69,1,0,0,82,0,0,0,1
5929,1,1,0,46,1,1,1,80,1,1,0,0
5930,0,0,1,67,1,1,1,51,0,0,0,1
5931,1,0,1,71,1,0,1,90,0,1,0,0
5932,1,1,0,20,1,0,1,90,0,1,0,0
5933,0,0,0,41,1,1,1,114,1,1,0,0
5934,1,1,0,3,0,1,1,41,1,1,0,0
5935,1,0,0,15,0,0,0,51,0,1,0,0
5936,1,0,0,22,1,0,0,79,1,0,0,1
5937,1,0,0,18,1,1,1,81,1,1,0,0
5938,0,0,0,9,1,1,1,98,1,1,0,0
5939,1,0,0,26,1,0,0,76,0,1,0,0
5940,1,1,0,71,1,0,1,106,0,0,1,0
5941,0,0,0,16,1,0,0,19,0,1,0,0
5942,0,1,0,72,1,0,0,89,0,1,0,0
5943,1,0,0,42,1,0,1,25,0,1,0,0
5944,1,0,1,47,1,0,0,96,0,1,0,0
5945,1,0,0,66,1,0,1,66,0,1,0,0
5946,1,0,0,5,1,0,0,49,1,0,1,0
5947,1,0,0,4,0,1,0,30,1,0,0,1
5948,0,0,1,42,1,0,1,19,0,0,0,1
5949,1,0,0,69,0,0,0,61,0,1,0,0
5950,1,0,0,60,1,0,0,117,0,1,0,0
5951,0,0,0,12,1,1,1,19,0,1,0,0
5952,1,0,0,3,1,1,0,45,1,1,0,0
5953,1,0,0,54,1,0,0,105,1,1,0,0
5954,1,0,1,6,1,0,0,20,0,1,0,0
5955,1,0,0,2,1,0,0,20,0,0,0,1
5956,1,1,0,57,1,1,1,94,0,1,0,0
5957,0,0,0,63,1,0,1,21,0,1,0,0
5958,0,0,1,41,1,0,0,94,0,1,0,0
5959,1,0,0,25,1,0,0,99,0,0,0,1
5960,0,0,0,65,1,1,1,85,0,0,1,0
5961,0,0,0,54,1,0,0,20,0,1,0,0
5962,1,0,0,61,1,0,1,94,0,1,0,0
5963,1,0,1,19,1,1,0,20,0,0,1,0
5964,0,0,0,12,1,0,0,19,0,1,0,0
5965,0,0,1,18,1,0,0,25,0,0,1,0
5966,1,0,1,68,1,1,1,95,0,1,0,0
5967,0,0,1,10,1,0,0,100,1,1,0,0
5968,1,1,0,20,1,1,0,95,1,0,1,0
5969,1,0,0,42,1,0,1,99,1,1,0,0
5970,1,0,0,45,0,1,1,42,0,1,0,0
5971,1,0,0,72,1,0,0,115,0,0,0,1
5972,0,1,0,35,1,1,0,111,0,1,0,0
5973,1,0,1,72,1,1,1,90,0,0,0,1
5974,0,0,0,8,1,0,0,100,1,1,0,0
5975,0,0,0,37,1,0,1,65,1,1,0,0
5976,0,0,0,21,1,0,0,105,0,1,0,0
5977,0,0,0,71,1,0,0,80,0,0,0,1
5978,1,0,0,40,1,1,1,67,0,1,0,0
5979,1,0,0,10,1,0,0,62,0,0,0,1
5980,0,1,0,25,1,0,0,88,0,0,1,0
5981,0,0,1,41,1,0,0,75,0,0,0,1
5982,1,1,0,19,1,0,0,96,1,0,1,0
5983,0,1,0,23,1,0,0,95,0,1,0,0
5984,1,0,0,57,1,1,1,108,0,1,0,0
5985,0,0,0,2,1,1,0,84,0,0,1,0
5986,0,0,0,70,1,0,1,80,0,1,0,0
5987,1,0,0,1,1,0,0,88,1,0,0,1
5988,1,0,0,70,1,0,0,110,1,0,0,1
5989,0,0,0,72,1,1,1,97,0,1,0,0
5990,1,1,0,25,1,0,1,106,1,1,0,0
5991,1,0,0,23,1,0,1,104,1,1,0,0
5992,1,0,0,65,1,1,0,20,0,0,1,0
5993,1,0,1,25,1,0,1,21,0,1,0,0
5994,0,1,0,15,1,1,1,83,1,1,0,0
5995,1,1,0,41,0,0,1,54,0,0,0,1
5996,0,0,0,1,1,0,0,55,0,0,0,1
5997,1,0,0,48,1,1,1,71,0,1,0,0
5998,1,0,1,4,1,0,0,61,1,0,0,1
5999,1,0,0,17,1,1,1,20,0,0,0,1
6000,0,1,0,42,1,0,0,105,1,0,1,0
6001,1,0,1,49,0,0,0,39,0,1,0,0
6002,1,0,0,21,1,1,1,20,0,1,0,0
6003,1,0,1,60,1,1,0,111,0,0,0,1
6004,1,0,0,58,1,0,1,24,0,0,1,0
6005,1,0,0,31,1,1,0,20,0,0,1,0
6006,0,0,0,61,1,0,0,101,0,1,0,0
6007,1,0,1,64,1,0,0,90,0,0,1,0
6008,0,0,1,61,0,0,0,61,0,0,1,0
6009,1,0,0,67,1,1,1,71,0,1,0,0
6010,1,0,0,55,1,1,0,26,0,0,0,1
6011,0,0,0,20,1,0,0,20,0,1,0,0
6012,1,0,0,11,1,0,1,80,0,1,0,0
6013,0,0,1,72,1,1,1,117,0,0,1,0
6014,0,0,1,57,1,0,1,84,0,0,1,0
6015,1,1,0,70,0,0,1,44,0,1,0,0
6016,0,0,0,68,1,1,1,110,0,0,1,0
6017,1,0,0,1,1,0,0,85,1,1,0,0
6018,1,0,0,47,1,0,0,79,0,0,0,1
6019,0,0,0,15,1,1,0,65,1,0,1,0
6020,0,0,1,69,1,0,0,20,0,0,1,0
6021,0,0,0,3,1,0,0,55,1,1,0,0
6022,0,0,1,1,1,0,0,19,1,1,0,0
6023,1,0,0,33,1,0,0,89,0,0,0,1
6024,1,0,1,53,1,1,1,70,0,1,0,0
6025,0,1,0,20,1,0,0,81,0,1,0,0
6026,1,1,0,1,1,0,0,94,1,1,0,0
6027,1,0,0,10,1,1,0,99,0,0,0,1
6028,0,0,0,32,1,0,1,20,0,1,0,0
6029,1,1,0,56,1,0,1,101,0,1,0,0
6030,0,0,0,71,1,0,0,19,0,1,0,0
6031,0,1,0,13,1,0,0,70,1,1,0,0
6032,0,0,0,2,1,1,1,20,0,1,0,0
6033,1,0,0,17,1,1,1,96,0,1,0,0
6034,1,0,0,2,1,0,0,55,1,0,1,0
6035,0,0,0,72,1,1,1,101,0,0,1,0
6036,1,0,0,26,0,0,1,55,0,0,1,0
6037,1,0,1,5,1,1,1,26,1,1,0,0
6038,1,0,0,3,1,1,1,101,1,0,0,1
6039,0,0,0,26,1,0,0,81,0,1,0,0
6040,0,0,1,59,1,0,1,66,0,1,0,0
6041,0,0,1,27,1,0,0,50,0,1,0,0
6042,1,0,0,57,1,0,0,103,0,0,1,0
6043,0,0,0,1,1,0,0,44,1,1,0,0
6044,0,0,0,37,1,1,1,20,0,1,0,0
6045,0,0,0,6,1,0,0,49,0,0,1,0
6046,1,0,0,18,1,0,1,76,0,1,0,0
6047,1,0,1,19,1,1,0,101,1,1,0,0
6048,0,0,1,67,1,1,1,76,0,1,0,0
6049,1,1,0,34,1,0,0,72,0,0,0,1
6050,0,0,0,22,1,1,1,49,1,1,0,0
6051,1,0,0,52,1,0,0,91,0,1,0,0
6052,1,0,0,56,0,0,0,54,0,0,0,1
6053,1,1,0,18,1,1,0,95,1,0,0,1
6054,1,1,1,56,1,1,1,105,1,1,0,0
6055,1,0,0,4,1,0,0,90,0,1,0,0
6056,0,0,0,64,1,1,0,115,0,0,1,0
6057,1,0,0,61,1,0,0,81,0,1,0,0
6058,0,1,0,71,1,0,0,99,0,1,0,0
6059,1,0,0,2,1,0,0,70,1,0,1,0
6060,1,1,0,64,1,0,1,102,0,1,0,0
6061,1,0,0,45,1,1,0,108,0,1,0,0
6062,1,0,0,18,1,0,1,24,0,1,0,0
6063,1,0,1,66,1,0,0,26,0,0,0,1
6064,1,0,0,37,0,0,0,41,0,1,0,0
6065,1,0,1,39,1,1,0,25,0,0,0,1
6066,1,0,0,25,1,0,1,85,1,1,0,0
6067,1,0,0,22,1,0,0,87,0,0,1,0
6068,1,0,0,10,1,0,0,20,0,1,0,0
6069,0,0,0,20,1,0,0,20,0,0,1,0
6070,1,1,0,8,1,1,0,64,0,0,0,1
6071,0,0,0,49,1,1,1,52,0,0,0,1
6072,0,1,0,65,1,0,0,106,0,1,0,0
6073,1,1,0,1,1,1,0,45,0,0,1,0
6074,1,0,0,5,1,0,0,94,1,1,0,0
6075,0,1,0,72,1,0,0,97,0,0,1,0
6076,0,0,0,72,1,0,0,110,0,0,1,0
6077,0,0,0,53,1,1,1,100,0,0,0,1
6078,1,0,0,21,1,1,0,75,0,0,1,0
6079,0,1,1,70,1,1,0,108,0,1,0,0
6080,0,0,1,33,1,0,0,104,1,1,0,0
6081,0,0,0,23,1,0,0,76,1,1,0,0
6082,1,0,1,45,1,1,1,55,0,1,0,0
6083,0,0,1,35,1,1,0,20,0,0,0,1
6084,1,0,0,16,1,1,1,20,1,1,0,0
6085,0,0,0,49,1,1,0,107,0,1,0,0
6086,1,0,0,1,1,1,0,19,1,0,0,1
6087,1,0,0,61,1,0,0,81,0,0,1,0
6088,1,1,1,68,1,0,0,20,0,1,0,0
6089,1,0,0,1,1,1,1,20,0,1,0,0
6090,0,0,0,60,0,0,1,54,0,0,0,1
6091,1,0,1,53,1,1,1,26,0,1,0,0
6092,0,1,0,28,1,1,1,103,1,0,0,1
6093,0,0,0,2,1,0,0,70,1,0,0,1
6094,0,1,0,1,1,0,0,70,0,0,0,1
6095,0,0,0,16,1,0,0,73,1,1,0,0
6096,0,0,1,72,1,0,1,20,0,1,0,0
6097,0,0,0,6,1,1,0,55,0,0,0,1
6098,1,0,0,3,1,1,0,108,0,0,1,0
6099,1,0,1,49,1,1,0,90,0,0,0,1
6100,0,0,0,1,1,1,1,50,1,1,0,0
6101,1,0,0,50,1,1,1,94,0,0,0,1
6102,0,1,1,12,0,1,0,29,0,0,0,1
6103,1,1,0,32,1,0,0,80,1,1,0,0
6104,1,0,1,68,1,1,0,103,0,0,1,0
6105,1,0,0,1,1,1,1,21,0,0,1,0
6106,1,0,0,40,0,0,0,36,0,1,0,0
6107,1,0,0,5,1,0,0,51,0,1,0,0
6108,1,0,0,72,1,0,0,79,0,1,0,0
6109,0,0,0,1,1,1,0,85,1,1,0,0
6110,0,0,0,58,1,0,0,109,0,1,0,0
6111,0,0,0,24,1,1,1,25,0,1,0,0
6112,0,1,0,3,1,1,1,84,1,0,1,0
6113,0,0,1,62,1,1,1,20,0,1,0,0
6114,1,0,1,72,1,0,0,111,0,1,0,0
6115,0,1,0,50,1,0,1,71,1,0,0,1
6116,1,0,1,66,1,1,0,20,0,0,1,0
6117,1,0,1,40,1,0,0,81,0,0,0,1
6118,1,0,0,40,1,1,1,71,0,0,0,1
6119,1,0,1,67,1,0,0,103,0,0,1,0
6120,0,1,0,56,1,0,0,105,0,1,0,0
6121,0,0,1,64,1,0,0,20,0,0,0,1
6122,1,1,0,20,1,0,0,84,0,0,1,0
6123,1,1,0,71,1,1,1,96,0,0,1,0
6124,1,0,1,41,1,0,0,75,0,0,1,0
6125,1,0,1,72,0,1,1,49,0,1,0,0
6126,1,0,1,18,0,0,1,46,0,1,0,0
6127,1,1,0,71,1,1,1,71,0,0,1,0
6128,1,0,0,46,1,0,1,66,0,1,0,0
6129,0,0,1,46,1,0,0,20,0,1,0,0
6130,1,0,0,57,1,0,0,55,0,0,0,1
6131,0,0,0,68,1,1,1,81,0,1,0,0
6132,0,0,0,1,0,0,0,25,0,1,0,0
6133,1,0,0,38,1,0,0,20,0,1,0,0
6134,0,1,0,32,1,0,0,79,0,1,0,0
6135,0,0,0,2,1,1,1,45,0,0,0,1
6136,1,0,0,10,1,0,0,70,0,0,0,1
6137,0,0,0,72,1,0,0,19,0,1,0,0
6138,0,0,1,65,1,1,1,111,0,1,0,0
6139,1,0,0,21,1,0,0,84,0,1,0,0
6140,0,0,0,67,1,0,0,20,0,1,0,0
6141,0,0,0,12,1,1,1,76,0,1,0,0
6142,0,1,0,25,1,1,0,103,1,1,0,0
6143,0,1,0,8,1,0,0,85,0,0,1,0
6144,1,0,0,1,1,0,1,19,0,1,0,0
6145,0,0,1,65,1,0,0,79,0,0,0,1
6146,0,1,0,2,1,0,1,55,1,1,0,0
6147,0,0,1,62,0,0,1,49,0,0,1,0
6148,1,0,0,36,1,1,0,85,1,0,0,1
6149,0,0,0,38,1,0,0,19,0,0,1,0
6150,1,0,1,57,1,0,1,60,0,1,0,0
6151,1,0,0,32,1,0,1,20,0,1,0,0
6152,1,0,0,44,1,0,1,90,0,1,0,0
6153,1,0,0,2,1,0,0,54,1,0,0,1
6154,0,0,0,41,1,1,1,114,1,0,0,1
6155,0,0,1,14,1,0,0,91,1,1,0,0
6156,0,0,0,56,1,0,1,86,0,1,0,0
6157,0,1,0,7,1,0,0,85,1,1,0,0
6158,1,0,0,11,1,0,0,20,0,1,0,0
6159,0,0,0,13,1,0,0,20,0,0,1,0
6160,0,0,0,71,1,1,0,105,0,0,1,0
6161,1,0,0,22,1,0,1,25,0,1,0,0
6162,1,0,0,42,1,0,0,99,0,0,0,1
6163,0,0,1,15,1,1,1,20,0,1,0,0
6164,1,0,1,69,1,1,0,92,0,0,0,1
6165,0,0,1,23,1,0,1,75,0,1,0,0
6166,1,0,0,19,1,1,1,74,1,1,0,0
6167,0,0,1,63,1,0,1,51,0,1,0,0
6168,1,0,1,68,1,0,1,73,0,1,0,0
6169,1,0,0,1,1,0,0,81,1,1,0,0
6170,0,0,0,18,0,0,0,39,1,1,0,0
6171,0,0,0,71,0,1,1,58,0,1,0,0
6172,0,0,1,15,1,0,1,20,0,1,0,0
6173,1,0,1,8,1,1,1,20,0,1,0,0
6174,1,1,0,21,1,0,0,97,1,1,0,0
6175,0,0,0,6,1,0,1,90,0,0,1,0
6176,1,1,0,69,0,1,1,30,0,1,0,0
6177,1,0,1,68,0,0,0,56,0,1,0,0
6178,0,0,0,1,1,0,0,20,0,0,0,1
6179,1,0,1,62,1,1,1,20,0,1,0,0
6180,1,0,1,38,1,1,1,79,0,0,0,1
6181,1,0,0,5,1,1,1,85,1,0,1,0
6182,1,1,0,3,1,1,0,95,1,0,0,1
6183,0,0,0,45,1,0,0,116,0,0,1,0
6184,0,0,0,1,1,1,0,21,1,1,0,0
6185,0,1,0,9,1,1,1,76,0,0,1,0
6186,0,0,0,20,1,1,1,70,0,0,1,0
6187,0,1,0,54,1,0,0,80,1,0,0,1
6188,1,0,0,20,1,0,0,20,0,1,0,0
6189,1,0,0,48,1,1,0,108,0,0,0,1
6190,1,1,0,54,0,0,1,25,0,1,0,0
6191,0,0,0,1,1,1,0,50,0,1,0,0
6192,0,0,0,1,1,0,1,44,0,1,0,0
6193,1,0,0,1,1,1,1,20,0,0,1,0
6194,1,0,0,48,1,1,1,20,0,0,1,0
6195,0,0,0,1,1,1,1,20,0,1,0,0
6196,0,0,0,37,1,1,1,72,0,0,0,1
6197,1,0,0,1,1,0,0,19,0,1,0,0
6198,1,0,1,39,1,1,0,25,0,0,0,1
6199,0,0,0,4,1,0,1,56,0,1,0,0
6200,0,0,1,33,1,0,0,24,0,0,0,1
6201,1,0,0,18,1,0,1,19,0,1,0,0
6202,1,0,0,4,1,1,0,50,1,0,1,0
6203,1,0,1,56,1,1,1,21,0,0,1,0
6204,0,0,0,17,1,0,0,70,1,1,0,0
6205,1,0,0,50,1,1,1,90,0,1,0,0
6206,1,0,1,72,1,1,1,20,0,1,0,0
6207,1,0,0,10,1,0,1,75,0,1,0,0
6208,0,0,1,25,1,1,0,20,0,0,0,1
6209,0,0,0,71,1,0,0,25,0,0,1,0
6210,0,0,1,20,1,0,0,26,0,0,1,0
6211,1,0,0,14,1,0,1,86,1,1,0,0
6212,1,0,1,62,1,0,0,56,0,0,1,0
6213,1,0,1,8,0,0,0,26,1,0,0,1
6214,1,1,0,54,1,0,0,90,0,0,0,1
6215,0,0,0,61,1,1,1,119,0,1,0,0
6216,0,0,1,67,0,1,0,60,0,0,0,1
6217,1,1,0,49,1,0,1,81,0,0,1,0
6218,1,0,0,66,1,0,0,92,0,0,1,0
6219,1,0,0,47,1,0,0,104,0,1,0,0
6220,1,0,0,21,0,0,0,36,0,0,0,1
6221,1,0,0,51,1,0,0,99,0,0,1,0
6222,0,1,0,22,1,1,1,82,0,1,0,0
6223,1,0,0,3,1,0,1,21,0,1,0,0
6224,0,0,0,64,1,1,1,110,0,0,1,0
6225,0,0,0,67,0,1,1,53,0,0,0,1
6226,1,0,0,72,1,1,0,25,0,0,0,1
6227,1,0,1,37,1,0,0,61,0,1,0,0
6228,0,1,0,37,1,1,0,20,0,0,1,0
6229,1,1,0,41,1,1,0,98,1,0,0,1
6230,1,0,0,65,1,0,0,104,0,1,0,0
6231,1,0,0,47,1,0,1,20,0,1,0,0
6232,0,0,0,26,1,1,1,75,1,1,0,0
6233,1,0,0,9,1,0,0,85,1,1,0,0
6234,0,0,1,60,1,1,0,81,0,0,0,1
6235,1,1,0,1,1,0,0,86,1,1,0,0
6236,0,0,0,62,0,1,1,44,0,1,0,0
6237,0,0,0,6,1,0,1,69,1,1,0,0
6238,0,0,0,53,1,1,1,99,0,1,0,0
6239,0,0,0,32,1,1,1,76,0,0,0,1
6240,1,0,0,67,1,1,1,118,1,1,0,0
6241,0,0,0,15,1,0,0,25,1,1,0,0
6242,1,0,0,49,0,1,1,30,0,0,0,1
6243,0,0,1,22,1,1,0,55,1,0,0,1
6244,1,0,0,64,1,1,1,105,0,1,0,0
6245,1,0,0,21,1,1,0,82,1,0,1,0
6246,0,1,0,12,1,0,0,98,1,0,0,1
6247,0,0,0,43,1,1,1,94,0,0,0,1
6248,1,0,1,66,1,0,0,20,0,0,0,1
6249,0,0,0,44,1,1,1,96,1,1,0,0
6250,0,1,0,17,1,1,1,21,0,0,0,1
6251,0,0,0,1,1,0,0,50,1,1,0,0
6252,1,1,0,51,1,0,0,98,1,1,0,0
6253,1,0,0,9,1,0,0,20,1,1,0,0
6254,0,0,0,64,1,0,1,100,1,0,0,1
6255,1,0,0,8,1,1,1,75,0,0,1,0
6256,1,0,1,57,1,0,0,74,0,1,0,0
6257,0,0,0,59,1,0,1,69,0,1,0,0
6258,1,0,0,64,1,0,0,66,0,1,0,0
6259,0,0,1,1,1,0,0,19,0,0,0,1
6260,0,0,1,72,1,0,0,86,0,0,0,1
6261,1,0,0,1,1,0,0,80,1,0,0,1
6262,1,1,0,51,1,1,1,25,0,0,1,0
6263,0,0,0,42,1,0,0,84,1,0,1,0
6264,0,0,0,1,1,0,1,20,0,0,0,1
6265,0,0,0,56,1,0,0,103,0,1,0,0
6266,1,0,0,39,1,1,1,106,0,1,0,0
6267,1,0,1,25,0,0,1,41,0,1,0,0
6268,1,1,1,71,1,0,0,73,0,0,1,0
6269,1,0,0,10,1,0,0,46,0,1,0,0
6270,1,0,0,40,1,0,0,85,0,0,0,1
6271,1,0,1,68,1,1,1,24,0,0,1,0
6272,1,0,1,61,1,0,0,20,0,0,1,0
6273,1,0,1,69,1,0,1,87,0,1,0,0
6274,0,0,0,30,1,1,1,85,1,0,1,0
6275,1,0,0,1,1,1,0,46,1,0,0,1
6276,0,0,0,22,1,0,0,19,0,0,1,0
6277,1,0,1,38,1,0,0,95,0,1,0,0
6278,0,0,0,3,1,1,1,75,1,0,0,1
6279,1,0,0,1,0,0,0,35,1,1,0,0
6280,1,0,0,41,1,0,0,90,0,0,1,0
6281,0,0,0,7,1,0,0,50,0,0,1,0
6282,0,0,1,68,1,0,0,104,0,0,0,1
6283,1,0,0,5,1,0,1,64,0,1,0,0
6284,1,0,1,41,1,1,1,103,1,1,0,0
6285,0,0,1,35,1,0,0,26,0,0,1,0
6286,1,0,0,19,1,0,0,86,1,1,0,0
6287,1,0,1,69,1,1,1,79,0,1,0,0
6288,1,0,1,45,1,1,1,74,0,1,0,0
6289,1,0,1,67,1,1,1,68,0,0,0,1
6290,0,0,1,61,1,1,1,79,0,0,0,1
6291,1,0,0,24,1,1,0,85,0,0,1,0
6292,0,0,0,22,1,1,1,69,1,0,1,0
6293,0,0,0,63,1,0,0,81,0,0,0,1
6294,0,0,0,1,0,0,0,36,1,1,0,0
6295,0,0,0,24,1,0,0,104,0,0,0,1
6296,0,0,0,39,1,0,0,96,1,0,1,0
6297,1,0,1,63,1,1,1,91,0,0,1,0
6298,1,0,0,1,1,1,1,51,0,1,0,0
6299,0,0,1,26,0,1,0,30,0,0,0,1
6300,1,0,0,41,0,1,0,51,0,0,0,1
6301,1,0,0,22,1,1,0,20,0,1,0,0
6302,1,0,1,35,1,1,1,90,0,1,0,0
6303,1,0,1,37,1,1,1,20,0,0,0,1
6304,0,0,0,55,1,0,1,104,0,1,0,0
6305,0,0,0,38,1,1,1,66,0,1,0,0
6306,0,0,1,32,0,1,1,35,0,0,1,0
6307,0,0,1,14,1,0,0,86,0,1,0,0
6308,1,0,1,62,1,0,1,104,0,1,0,0
6309,0,0,0,14,1,1,0,86,1,0,0,1
6310,1,0,1,29,1,0,0,89,1,0,1,0
6311,1,0,0,54,1,1,1,90,0,0,1,0
6312,0,0,1,71,1,0,1,95,0,0,1,0
6313,1,0,0,47,1,0,1,95,0,1,0,0
6314,1,1,0,2,1,1,1,95,1,1,0,0
6315,0,0,1,45,0,0,0,51,0,0,0,1
6316,1,0,0,70,1,1,0,76,0,0,0,1
6317,0,0,1,4,1,1,1,20,1,1,0,0
6318,1,0,1,33,1,0,0,82,0,1,0,0
6319,1,1,1,20,1,0,0,94,0,1,0,0
6320,1,0,1,56,1,0,0,24,0,0,1,0
6321,0,0,0,12,1,0,0,100,1,1,0,0
6322,1,0,1,1,1,0,1,20,0,1,0,0
6323,0,1,0,38,1,1,1,57,1,0,1,0
6324,0,0,1,12,1,0,1,58,0,1,0,0
6325,1,0,0,1,1,0,1,20,1,1,0,0
6326,1,0,0,28,1,0,0,18,0,0,0,1
6327,0,0,1,43,1,0,1,50,0,0,1,0
6328,0,0,0,61,1,1,0,107,1,0,0,1
6329,1,0,0,16,1,0,1,55,0,0,0,1
6330,1,0,0,10,1,1,1,70,1,1,0,0
6331,1,0,1,63,1,0,0,80,0,0,1,0
6332,1,0,0,62,1,0,1,24,0,0,0,1
6333,1,0,0,46,0,1,1,40,0,0,1,0
6334,1,0,1,1,1,1,1,20,0,0,0,1
6335,0,0,1,9,1,0,0,55,0,1,0,0
6336,1,0,0,2,1,1,1,96,1,1,0,0
6337,1,0,1,35,1,1,1,69,0,0,1,0
6338,1,0,1,69,1,0,0,82,0,1,0,0
6339,1,0,0,33,1,0,0,80,0,1,0,0
6340,0,0,0,46,1,1,1,21,0,1,0,0
6341,0,1,0,1,1,1,1,70,1,1,0,0
6342,0,0,0,1,1,1,1,76,0,1,0,0
6343,0,0,1,65,1,0,0,26,0,0,1,0
6344,0,0,0,15,1,1,1,59,0,1,0,0
6345,1,0,0,7,1,1,0,69,0,1,0,0
6346,1,0,0,19,1,0,0,78,1,1,0,0
6347,1,0,1,25,1,0,1,76,0,1,0,0
6348,1,0,0,38,1,0,1,70,0,1,0,0
6349,0,0,0,53,1,0,0,19,0,0,0,1
6350,1,0,0,1,1,0,0,45,1,1,0,0
6351,0,0,1,1,1,1,1,69,1,1,0,0
6352,1,0,1,52,1,1,1,21,0,1,0,0
6353,0,0,0,43,1,0,0,79,0,1,0,0
6354,1,0,1,23,1,0,1,54,0,0,1,0
6355,0,0,0,2,1,1,1,81,1,0,0,1
6356,0,0,0,34,1,0,1,50,0,0,1,0
6357,1,0,1,6,1,1,1,45,1,0,1,0
6358,1,0,0,26,1,0,0,52,0,0,0,1
6359,1,0,0,2,1,0,1,45,0,1,0,0
6360,0,0,1,11,1,0,0,20,0,1,0,0
6361,1,0,0,1,1,0,0,50,1,1,0,0
6362,1,0,0,53,1,1,1,98,0,1,0,0
6363,1,0,0,1,1,0,1,20,0,1,0,0
6364,1,0,0,14,1,1,0,76,0,0,0,1
6365,0,1,0,22,1,1,1,26,0,1,0,0
6366,1,0,0,64,1,0,0,84,0,0,0,1
6367,0,0,0,62,1,0,0,72,0,0,0,1
6368,1,0,0,36,1,1,1,65,1,1,0,0
6369,1,0,0,4,1,0,1,81,1,0,0,1
6370,1,0,1,38,1,1,1,85,0,1,0,0
6371,1,0,0,32,1,1,0,86,0,0,0,1
6372,0,0,1,61,0,0,0,51,0,0,0,1
6373,0,0,0,70,1,0,1,26,0,1,0,0
6374,1,1,0,31,1,0,0,89,0,0,0,1
6375,1,0,0,9,1,0,1,19,1,1,0,0
6376,0,0,0,66,1,0,0,90,0,0,0,1
6377,0,0,0,10,1,0,0,20,0,1,0,0
6378,0,0,1,30,1,0,1,64,0,1,0,0
6379,1,0,1,5,1,1,1,90,0,1,0,0
6380,1,0,1,54,1,1,1,24,0,1,0,0
6381,1,0,0,59,0,0,0,41,1,1,0,0
6382,1,0,1,40,1,0,0,25,0,0,1,0
6383,1,0,0,35,1,0,0,109,0,0,0,1
6384,0,0,0,12,1,0,0,62,1,0,1,0
6385,1,0,0,42,1,1,1,95,1,1,0,0
6386,0,0,0,72,1,1,0,108,0,0,0,1
6387,1,0,1,63,0,0,0,39,0,1,0,0
6388,1,0,0,4,1,0,0,20,0,1,0,0
6389,0,1,1,68,0,0,0,53,0,0,0,1
6390,1,0,0,32,1,0,1,65,0,0,1,0
6391,1,0,1,5,1,1,0,80,1,0,1,0
6392,0,0,0,72,1,0,0,109,0,1,0,0
6393,1,0,0,1,1,1,1,76,1,1,0,0
6394,0,1,0,1,1,0,0,56,1,0,1,0
6395,0,0,1,71,1,1,1,91,0,0,1,0
6396,0,0,1,46,1,1,1,19,0,1,0,0
6397,0,0,0,13,0,0,0,24,1,0,1,0
6398,0,0,0,41,1,1,1,81,0,0,0,1
6399,1,1,0,30,1,1,1,75,0,1,0,0
6400,0,0,0,1,1,1,0,69,1,0,0,1
6401,0,0,1,22,0,0,0,49,0,1,0,0
6402,1,0,1,1,1,1,0,20,0,0,0,1
6403,0,0,0,10,1,1,1,78,0,0,0,1
6404,0,0,0,19,0,1,1,45,1,0,0,1
6405,1,0,1,27,1,1,1,56,0,0,1,0
6406,0,0,0,14,1,0,0,70,0,1,0,0
6407,1,0,0,59,1,0,0,114,0,0,1,0
6408,1,0,0,2,1,1,1,76,1,0,0,1
6409,1,0,1,12,1,0,0,21,0,0,1,0
6410,1,0,0,4,1,1,0,46,0,0,1,0
6411,1,1,0,65,1,0,1,110,0,1,0,0
6412,1,0,1,2,1,0,1,97,0,0,0,1
6413,0,1,0,71,1,1,1,106,0,1,0,0
6414,0,1,0,30,1,1,0,92,1,0,0,1
6415,0,0,0,29,1,0,0,75,0,0,1,0
6416,0,0,1,5,1,0,0,99,1,0,0,1
6417,0,0,0,17,1,1,1,93,0,1,0,0
6418,0,0,1,61,1,1,0,24,0,0,1,0
6419,0,0,1,16,1,1,1,89,1,1,0,0
6420,1,0,1,47,1,1,1,20,0,0,1,0
6421,1,0,0,37,1,0,0,79,0,0,0,1
6422,1,0,0,8,0,0,0,25,0,0,1,0
6423,0,0,1,64,0,1,0,55,0,0,0,1
6424,0,0,1,40,1,0,0,25,0,0,0,1
6425,0,0,0,10,1,0,0,21,0,0,1,0
6426,0,0,0,9,1,0,0,76,1,0,1,0
6427,0,1,0,53,1,0,0,94,0,0,0,1
6428,0,0,0,1,1,0,1,21,0,1,0,0
6429,1,0,0,13,1,1,0,20,0,0,1,0
6430,0,0,0,34,1,0,0,55,0,1,0,0
6431,1,0,1,21,1,0,0,25,0,0,0,1
6432,1,0,1,0,1,0,0,20,0,1,0,0
6433,0,0,0,25,1,0,0,76,0,0,0,1
6434,1,0,1,1,1,0,0,70,0,1,0,0
6435,0,1,0,2,1,0,0,75,1,0,0,1
6436,0,0,1,47,1,0,0,21,0,0,0,1
6437,0,0,0,72,1,1,0,94,0,0,0,1
6438,0,1,0,31,1,1,1,100,1,1,0,0
6439,0,0,1,0,1,0,1,20,0,1,0,0
6440,1,0,0,47,1,1,1,20,0,1,0,0
6441,1,0,0,72,1,0,0,25,0,1,0,0
6442,1,0,0,1,1,0,0,21,0,0,1,0
6443,1,0,0,9,0,0,0,35,1,1,0,0
6444,1,0,0,4,0,1,0,30,0,0,1,0
6445,1,1,0,19,1,1,1,87,0,1,0,0
6446,1,0,0,43,1,1,1,75,1,0,1,0
6447,0,0,1,43,1,0,0,75,0,0,1,0
6448,1,0,1,18,1,1,1,46,0,0,1,0
6449,0,1,0,39,1,0,0,100,0,1,0,0
6450,1,1,0,11,1,0,0,111,0,0,0,1
6451,1,0,0,1,0,1,1,36,1,0,1,0
6452,0,0,0,1,1,1,1,69,1,1,0,0
6453,0,0,0,43,0,1,1,34,0,1,0,0
6454,1,0,1,12,1,1,1,26,0,1,0,0
6455,1,0,1,52,1,0,0,85,0,1,0,0
6456,1,0,0,71,1,0,1,83,0,0,0,1
6457,0,0,0,71,1,0,0,109,0,0,1,0
6458,1,0,0,30,1,0,0,94,0,1,0,0
6459,0,0,1,39,1,0,0,24,0,1,0,0
6460,0,0,1,3,1,0,1,55,1,1,0,0
6461,1,0,0,3,1,0,1,21,0,1,0,0
6462,1,0,1,68,1,0,1,76,1,1,0,0
6463,0,0,1,41,1,1,0,19,0,0,1,0
6464,0,0,0,8,1,1,0,87,1,1,0,0
6465,0,0,0,72,1,0,0,24,0,0,0,1
6466,1,0,0,10,1,1,1,80,1,1,0,0
6467,1,0,1,12,1,1,1,54,1,1,0,0
6468,0,0,0,72,1,0,0,110,0,0,1,0
6469,0,1,0,17,1,0,0,85,1,0,0,1
6470,0,0,1,68,1,0,0,78,0,0,1,0
6471,0,0,0,57,1,0,0,104,1,0,1,0
6472,0,1,0,37,1,1,1,107,1,0,1,0
6473,1,0,1,1,1,0,1,49,1,1,0,0
6474,0,0,0,53,1,0,0,107,1,0,0,1
6475,0,0,0,34,1,1,0,80,0,1,0,0
6476,0,0,0,49,1,1,0,60,1,0,1,0
6477,0,0,0,70,1,1,1,86,0,0,0,1
6478,1,1,0,67,1,1,1,65,0,0,0,1
6479,0,0,0,51,1,0,0,25,0,1,0,0
6480,0,0,0,3,1,0,0,70,0,1,0,0
6481,0,0,0,1,1,0,1,71,0,1,0,0
6482,1,0,1,56,1,1,1,76,0,1,0,0
6483,1,0,0,12,1,0,1,113,1,1,0,0
6484,1,0,1,27,1,1,0,101,0,0,1,0
6485,0,0,1,58,1,0,1,105,0,1,0,0
6486,0,0,0,6,1,1,0,20,0,1,0,0
6487,0,0,1,64,1,1,1,24,0,0,0,1
6488,0,0,1,16,1,0,1,80,0,1,0,0
6489,0,0,1,44,1,0,0,94,0,1,0,0
6490,1,0,1,16,1,0,0,20,0,0,1,0
6491,0,0,0,18,1,0,1,20,0,1,0,0
6492,1,0,0,44,1,0,0,20,0,0,0,1
6493,1,1,0,30,1,0,0,102,0,0,1,0
6494,1,0,0,25,1,0,0,79,0,1,0,0
6495,0,0,0,14,1,0,1,71,1,1,0,0
6496,0,0,1,4,1,1,1,51,1,1,0,0
6497,0,0,0,42,1,1,1,99,0,1,0,0
6498,0,0,1,7,1,0,1,20,0,1,0,0
6499,1,0,0,19,1,0,0,85,0,1,0,0
6500,1,1,1,7,1,0,0,46,0,0,0,1
6501,0,0,1,10,1,1,1,66,0,0,1,0
6502,0,0,0,15,1,0,0,102,0,1,0,0
6503,1,0,0,12,1,0,0,107,1,0,1,0
6504,0,0,1,12,1,0,1,19,1,1,0,0
6505,0,0,0,8,1,0,0,19,0,0,0,1
6506,0,0,1,10,1,1,1,20,0,1,0,0
6507,1,1,0,55,1,1,1,74,0,1,0,0
6508,0,0,0,69,1,1,1,82,0,1,0,0
6509,0,0,0,16,1,0,0,20,0,1,0,0
6510,1,0,0,51,0,1,1,30,0,0,0,1
6511,0,0,0,71,1,0,0,90,0,0,0,1
6512,0,0,0,54,1,0,0,70,1,1,0,0
6513,1,0,0,1,1,1,0,49,0,1,0,0
6514,0,0,0,26,1,0,0,55,0,0,0,1
6515,0,0,0,8,1,0,0,20,1,1,0,0
6516,0,0,0,12,1,0,0,20,0,1,0,0
6517,0,1,0,5,1,0,0,74,1,1,0,0
6518,0,0,1,69,0,0,0,55,0,1,0,0
6519,1,1,0,46,1,1,1,99,0,0,1,0
6520,0,0,0,46,1,0,1,96,1,1,0,0
6521,1,0,0,9,1,1,0,96,0,0,0,1
6522,0,0,0,53,1,0,0,112,0,1,0,0
6523,0,0,0,41,0,0,0,40,0,0,1,0
6524,0,0,0,41,1,1,1,20,0,1,0,0
6525,0,0,0,68,0,0,0,45,0,0,0,1
6526,0,0,0,36,0,1,1,31,0,0,1,0
6527,0,0,0,47,1,0,0,65,0,1,0,0
6528,1,0,1,4,1,0,0,49,1,0,0,1
6529,1,0,1,61,1,1,1,81,0,1,0,0
6530,1,1,0,36,1,0,0,84,1,0,1,0
6531,0,0,0,1,1,0,0,20,0,1,0,0
6532,0,1,0,14,1,0,0,79,1,0,1,0
6533,0,0,0,50,1,1,1,109,1,1,0,0
6534,1,0,1,27,1,0,1,85,0,0,1,0
6535,1,0,0,23,1,0,1,20,0,0,1,0
6536,1,0,0,3,1,0,0,75,1,1,0,0
6537,0,0,0,36,1,1,1,105,0,0,1,0
6538,0,0,0,24,1,0,1,75,1,1,0,0
6539,0,0,1,65,1,0,0,106,1,1,0,0
6540,1,0,0,31,0,0,0,50,0,0,1,0
6541,0,0,0,63,1,0,0,80,0,0,0,1
6542,0,0,0,67,1,1,1,60,0,1,0,0
6543,0,0,0,58,1,0,0,24,0,0,1,0
6544,0,0,0,15,1,1,1,105,1,1,0,0
6545,1,0,0,16,1,0,0,81,0,1,0,0
6546,1,0,0,1,1,0,0,46,1,1,0,0
6547,0,0,0,8,1,0,0,66,0,0,0,1
6548,0,0,0,2,1,0,0,71,1,1,0,0
6549,0,0,1,71,1,0,0,90,0,1,0,0
6550,1,0,0,4,1,1,1,20,0,1,0,0
6551,1,0,1,68,1,0,1,83,0,0,1,0
6552,0,0,0,15,1,0,1,56,0,1,0,0
6553,1,0,1,13,1,0,0,52,0,0,0,1
6554,0,0,0,42,1,0,1,20,0,1,0,0
6555,1,0,1,4,1,0,0,45,0,0,1,0
6556,0,0,0,50,1,0,0,110,0,0,1,0
6557,0,0,1,4,0,1,1,57,0,1,0,0
6558,0,0,1,2,1,0,0,52,0,1,0,0
6559,0,0,1,46,1,0,1,19,0,1,0,0
6560,1,0,0,58,1,0,0,105,1,0,1,0
6561,1,0,1,17,0,0,1,44,0,1,0,0
6562,1,0,1,21,1,1,1,20,0,1,0,0
6563,0,0,0,2,1,1,1,95,1,1,0,0
6564,0,0,1,68,1,0,0,85,0,1,0,0
6565,0,1,0,28,1,1,1,111,0,1,0,0
6566,0,0,1,40,1,1,1,26,0,0,0,1
6567,0,0,0,8,1,1,1,20,0,1,0,0
6568,1,0,0,35,1,0,0,75,1,0,0,1
6569,0,0,0,5,1,0,0,64,0,0,0,1
6570,1,0,1,14,1,0,0,20,0,1,0,0
6571,1,0,0,6,1,0,0,50,0,0,1,0
6572,1,0,0,67,1,1,0,66,0,0,0,1
6573,1,1,0,63,1,0,0,84,0,0,1,0
6574,0,0,0,8,1,1,1,85,1,1,0,0
6575,0,0,0,5,1,1,0,54,0,1,0,0
6576,1,0,0,6,1,0,0,83,1,1,0,0
6577,1,0,0,49,1,1,0,94,0,0,0,1
6578,0,0,1,61,1,1,0,19,0,0,1,0
6579,0,0,0,1,1,1,0,70,1,0,0,1
6580,1,0,0,10,1,0,0,20,0,0,1,0
6581,0,0,0,72,1,1,0,117,0,0,1,0
6582,1,0,0,53,1,1,1,77,0,0,0,1
6583,1,0,0,9,1,0,0,70,0,0,1,0
6584,0,0,0,1,1,0,0,20,1,0,0,1
6585,1,0,0,4,1,0,0,20,0,0,1,0
6586,0,0,1,22,1,1,0,21,0,0,0,1
6587,1,0,0,34,1,1,1,100,1,1,0,0
6588,0,0,0,5,1,1,0,89,1,0,0,1
6589,0,0,0,5,1,1,0,20,1,0,0,1
6590,0,0,0,56,1,0,1,24,0,1,0,0
6591,1,1,0,11,1,0,1,79,0,1,0,0
6592,0,0,1,33,1,0,0,58,0,0,1,0
6593,1,0,0,58,1,0,0,86,0,1,0,0
6594,1,1,0,34,1,0,0,76,0,1,0,0
6595,0,0,0,65,1,0,0,26,0,0,0,1
6596,1,1,0,2,1,1,0,44,1,0,1,0
6597,1,1,0,17,1,0,0,82,1,1,0,0
6598,1,0,1,63,0,0,0,41,0,0,0,1
6599,0,0,1,72,1,1,1,25,0,1,0,0
6600,0,0,1,43,1,0,0,93,0,1,0,0
6601,1,0,0,72,1,1,1,113,0,0,0,1
6602,0,0,1,6,1,1,1,20,0,1,0,0
6603,1,0,0,1,1,1,0,25,0,1,0,0
6604,0,0,1,26,1,0,0,60,1,1,0,0
6605,0,0,1,72,1,1,1,95,0,0,1,0
6606,0,1,0,56,1,1,1,112,1,1,0,0
6607,1,0,0,1,1,0,0,20,1,1,0,0
6608,1,0,0,17,1,0,0,103,0,0,1,0
6609,0,0,0,1,1,0,0,55,0,1,0,0
6610,1,0,1,68,1,0,1,86,0,1,0,0
6611,0,0,1,61,1,1,0,25,0,0,1,0
6612,0,0,0,11,0,0,1,40,0,1,0,0
6613,0,0,0,15,1,0,0,49,0,1,0,0
6614,1,0,0,1,1,0,0,19,0,0,0,1
6615,0,0,0,34,1,0,0,85,0,1,0,0
6616,1,0,0,72,1,1,1,24,0,1,0,0
6617,1,0,0,26,1,1,0,62,0,0,1,0
6618,1,0,0,66,1,1,1,95,0,1,0,0
6619,0,0,0,1,1,0,0,50,0,1,0,0
6620,0,0,0,64,1,0,1,85,0,1,0,0
6621,1,0,0,3,1,0,0,61,0,0,0,1
6622,0,0,0,20,1,1,0,20,0,1,0,0
6623,0,0,1,48,1,1,1,103,1,1,0,0
6624,1,0,1,43,1,0,0,72,0,0,0,1
6625,1,1,0,14,1,1,1,20,0,1,0,0
6626,0,0,1,57,1,0,1,20,0,1,0,0
6627,1,0,1,72,1,0,0,66,0,0,1,0
6628,1,0,0,72,1,0,1,26,0,0,1,0
6629,1,0,1,38,1,1,0,81,0,0,0,1
6630,0,0,0,2,1,0,1,50,1,1,0,0
6631,0,1,0,4,1,1,0,95,1,1,0,0
6632,0,0,0,26,1,1,0,70,0,1,0,0
6633,1,0,0,3,0,1,1,30,0,1,0,0
6634,1,0,1,26,1,1,1,20,0,1,0,0
6635,0,0,0,15,0,0,0,39,0,0,1,0
6636,1,0,1,22,1,1,0,100,0,0,1,0
6637,0,0,1,13,1,0,0,25,0,0,1,0
6638,0,1,0,6,0,0,0,44,0,0,0,1
6639,1,1,0,20,1,0,1,54,0,0,1,0
6640,1,0,1,72,1,0,0,20,0,0,1,0
6641,1,1,0,34,1,0,0,100,0,1,0,0
6642,1,0,0,1,1,0,0,45,1,1,0,0
6643,0,0,0,52,1,0,1,21,0,1,0,0
6644,0,0,0,69,1,1,1,25,0,0,1,0
6645,0,0,0,39,1,0,0,20,0,1,0,0
6646,1,0,1,65,1,0,0,75,1,0,1,0
6647,1,0,0,68,1,0,0,25,0,0,0,1
6648,0,0,0,25,1,0,0,85,0,1,0,0
6649,1,0,0,6,1,0,0,84,1,1,0,0
6650,0,1,0,64,1,0,0,70,1,1,0,0
6651,1,0,1,7,1,1,0,70,1,1,0,0
6652,0,0,1,32,1,0,0,86,0,0,0,1
6653,1,0,0,41,1,0,0,20,0,1,0,0
6654,1,0,0,2,1,1,1,45,1,1,0,0
6655,1,0,0,24,0,1,0,51,0,0,0,1
6656,0,0,0,1,1,1,0,19,0,0,0,1
6657,0,0,0,54,0,0,0,44,0,0,1,0
6658,0,0,1,39,1,1,1,60,0,1,0,0
6659,0,0,0,14,1,1,0,80,1,0,0,1
6660,1,0,1,7,1,0,1,70,0,1,0,0
6661,1,0,0,25,1,0,0,20,0,0,0,1
6662,1,0,1,44,1,0,0,93,0,0,1,0
6663,1,0,1,61,1,0,0,100,0,1,0,0
6664,1,0,0,72,1,1,1,114,0,0,1,0
6665,0,0,1,43,1,0,0,99,0,1,0,0
6666,0,0,0,58,1,1,0,108,0,1,0,0
6667,0,0,0,71,0,0,1,67,0,1,0,0
6668,1,0,0,22,1,1,1,95,0,1,0,0
6669,1,1,0,34,1,1,1,85,0,1,0,0
6670,1,1,0,52,1,1,0,73,0,0,0,1
6671,0,1,0,64,0,0,1,44,0,0,0,1
6672,1,0,0,44,1,0,0,85,0,0,0,1
6673,1,0,1,13,1,0,0,45,0,1,0,0
6674,1,0,0,24,1,1,0,91,1,1,0,0
6675,1,0,1,70,1,1,0,115,0,0,1,0
6676,1,0,0,70,1,1,1,77,0,1,0,0
6677,0,1,0,1,1,0,0,85,1,1,0,0
6678,1,0,1,72,1,0,0,21,0,0,0,1
6679,0,0,0,11,1,0,0,76,1,0,0,1
6680,1,0,0,12,1,0,1,60,1,0,0,1
6681,1,0,0,72,1,1,1,111,0,1,0,0
6682,0,1,0,8,1,1,1,101,1,0,0,1
6683,1,0,0,15,1,0,0,85,0,0,1,0
6684,0,0,1,13,1,0,0,56,0,0,1,0
6685,0,0,0,68,1,0,0,80,0,1,0,0
6686,0,0,0,17,1,1,1,80,0,0,0,1
6687,0,0,1,71,1,1,1,25,0,1,0,0
6688,1,0,0,6,1,0,0,69,0,0,0,1
6689,0,0,1,24,1,1,1,20,0,0,1,0
6690,0,0,0,6,1,1,1,91,1,0,0,1
6691,0,0,1,47,1,0,0,19,0,0,1,0
6692,0,0,0,4,1,1,0,76,0,1,0,0
6693,1,1,0,13,1,0,0,94,0,1,0,0
6694,0,0,0,3,1,1,0,75,0,0,0,1
6695,1,0,0,12,1,1,0,54,0,0,0,1
6696,0,0,0,17,1,1,1,80,0,1,0,0
6697,0,0,0,19,1,1,0,58,0,0,1,0
6698,1,0,0,52,1,0,1,21,0,0,1,0
6699,1,0,0,29,1,0,0,90,0,0,0,1
6700,1,0,0,3,1,1,1,45,0,0,0,1
6701,1,1,0,3,0,0,1,36,1,0,1,0
6702,1,0,1,32,1,0,1,84,0,1,0,0
6703,1,0,0,1,1,0,0,81,1,1,0,0
6704,1,0,0,55,1,1,1,104,1,0,1,0
6705,1,0,0,20,1,0,0,99,0,1,0,0
6706,1,0,1,22,1,0,0,20,0,1,0,0
6707,1,1,1,60,1,1,0,81,0,0,0,1
6708,0,1,0,27,1,1,1,88,1,1,0,0
6709,1,0,0,1,1,1,1,74,1,0,1,0
6710,0,0,0,4,1,0,0,94,1,0,1,0
6711,1,0,0,3,1,1,1,85,1,1,0,0
6712,1,1,0,12,0,0,1,29,0,1,0,0
6713,1,0,0,17,1,1,1,52,1,1,0,0
6714,0,0,1,48,1,1,1,20,0,1,0,0
6715,0,0,1,12,1,1,1,78,1,1,0,0
6716,0,0,1,45,1,1,1,25,0,1,0,0
6717,0,0,1,1,1,1,1,51,0,1,0,0
6718,1,0,0,72,1,1,1,85,0,1,0,0
6719,1,0,0,28,1,1,0,100,0,0,0,1
6720,1,0,0,51,1,1,0,81,0,0,0,1
6721,0,0,1,1,1,1,0,50,0,0,0,1
6722,0,0,0,8,1,1,1,66,0,0,1,0
6723,0,0,1,43,1,0,0,106,0,0,0,1
6724,0,0,0,22,1,0,0,84,1,0,0,1
6725,0,0,1,18,1,0,0,20,0,1,0,0
6726,1,1,0,54,1,0,1,65,0,1,0,0
6727,1,0,0,13,1,0,0,81,1,1,0,0
6728,0,0,0,69,1,1,1,85,0,0,0,1
6729,1,0,1,66,0,0,0,57,0,0,0,1
6730,0,0,0,53,1,0,0,19,0,0,1,0
6731,1,0,0,3,1,0,0,19,0,0,0,1
6732,0,0,0,20,1,1,1,20,0,1,0,0
6733,1,0,0,1,1,0,0,19,1,1,0,0
6734,1,0,0,38,1,0,0,62,1,1,0,0
6735,0,0,0,13,1,0,0,20,0,0,0,1
6736,1,1,0,57,1,0,0,90,0,0,0,1
6737,1,0,0,67,1,1,1,20,0,0,0,1
6738,0,1,0,11,1,0,0,56,0,1,0,0
6739,0,0,0,14,1,0,0,50,0,1,0,0
6740,1,0,1,21,1,0,1,80,0,1,0,0
6741,1,0,0,1,1,0,1,20,1,1,0,0
6742,1,0,0,59,1,0,0,25,0,0,0,1
6743,1,0,0,43,1,1,0,101,1,1,0,0
6744,1,0,1,7,0,1,1,39,0,0,1,0
6745,0,0,1,56,1,1,1,81,0,1,0,0
6746,1,0,0,13,1,0,0,73,0,1,0,0
6747,0,0,1,3,0,0,0,30,0,0,1,0
6748,1,0,1,8,1,0,1,76,0,1,0,0
6749,0,0,0,1,1,1,0,70,1,0,1,0
6750,0,0,1,5,0,0,0,34,0,0,1,0
6751,1,0,1,19,1,0,0,24,0,0,0,1
6752,0,0,1,0,0,0,0,53,0,0,0,1
6753,0,0,1,71,1,1,0,20,0,0,1,0
6754,1,0,0,9,0,1,0,45,1,0,0,1
6755,0,0,0,1,1,1,1,74,1,1,0,0
6756,0,0,1,24,1,0,1,25,0,1,0,0
6757,1,0,0,3,1,0,0,20,0,0,1,0
6758,0,0,0,39,1,0,0,103,1,1,0,0
6759,0,0,1,69,1,1,1,93,0,0,1,0
6760,0,0,0,33,1,0,0,61,0,1,0,0
6761,1,0,0,24,1,0,0,51,0,1,0,0
6762,1,0,0,16,1,0,0,20,0,1,0,0
6763,0,0,1,39,1,1,0,20,0,0,1,0
6764,1,0,0,37,1,0,1,20,0,1,0,0
6765,0,0,1,71,1,1,0,91,0,0,0,1
6766,1,1,0,29,1,0,0,90,0,0,1,0
6767,0,0,0,68,1,0,0,92,0,1,0,0
6768,0,0,1,52,1,1,1,101,0,0,0,1
6769,0,0,0,3,1,0,0,60,0,0,0,1
6770,1,0,0,1,1,0,1,82,1,1,0,0
6771,1,0,1,72,1,0,0,115,0,1,0,0
6772,1,0,0,26,1,0,0,84,1,0,1,0
6773,0,0,0,3,1,1,1,80,0,1,0,0
6774,1,0,0,3,1,0,0,20,0,1,0,0
6775,1,0,0,59,1,1,0,111,0,0,0,1
6776,0,1,1,33,1,0,0,105,0,0,0,1
6777,0,1,0,26,1,0,0,86,0,1,0,0
6778,1,0,0,30,1,0,0,100,0,0,0,1
6779,1,0,0,22,1,0,0,79,0,1,0,0
6780,0,0,1,72,1,0,0,90,0,1,0,0
6781,1,0,0,7,1,0,1,25,0,1,0,0
6782,0,1,1,66,1,0,0,111,0,1,0,0
6783,1,0,1,71,1,0,0,106,0,0,0,1
6784,0,0,0,8,1,1,0,75,0,1,0,0
6785,1,0,0,15,1,1,1,103,0,0,0,1
6786,1,0,1,70,1,0,0,106,0,1,0,0
6787,0,0,1,55,1,1,1,85,0,1,0,0
6788,1,0,0,1,1,0,0,19,0,1,0,0
6789,1,0,0,63,1,0,0,102,0,1,0,0
6790,1,0,0,10,1,1,0,20,0,0,0,1
6791,0,1,0,3,1,0,0,74,0,1,0,0
6792,1,0,0,54,1,1,0,20,0,0,1,0
6793,1,0,1,72,0,1,1,67,0,0,0,1
6794,0,1,0,28,1,0,0,26,0,0,0,1
6795,1,1,1,65,1,1,1,86,0,1,0,0
6796,1,0,1,70,1,1,0,20,0,1,0,0
6797,0,0,0,55,1,0,1,51,0,1,0,0
6798,0,0,0,68,1,0,1,20,0,1,0,0
6799,1,0,1,45,1,1,1,19,0,0,0,1
6800,0,0,0,9,1,0,1,75,0,0,1,0
6801,0,0,0,72,1,1,1,116,0,0,1,0
6802,1,0,1,64,1,1,1,99,0,1,0,0
6803,0,0,1,72,1,1,1,84,0,0,1,0
6804,1,1,1,47,1,0,1,85,0,1,0,0
6805,1,0,0,1,1,1,1,20,1,0,1,0
6806,1,0,1,19,1,0,0,21,0,0,0,1
6807,0,0,0,6,1,0,0,49,1,0,0,1
6808,0,0,0,48,1,0,1,24,0,0,0,1
6809,0,0,0,1,1,1,1,20,0,1,0,0
6810,1,0,1,63,1,0,0,74,0,1,0,0
6811,1,0,0,8,1,0,0,75,1,1,0,0
6812,0,0,1,65,1,0,1,104,0,1,0,0
6813,0,0,1,43,1,0,0,20,0,0,0,1
6814,0,0,1,38,1,1,1,54,0,1,0,0
6815,0,0,0,1,1,1,0,45,1,0,0,1
6816,1,0,1,2,1,0,1,20,0,1,0,0
6817,1,0,0,4,1,1,0,80,1,0,0,1
6818,1,1,0,69,1,0,0,110,0,0,0,1
6819,1,0,0,3,1,1,1,74,0,1,0,0
6820,0,0,1,70,1,1,1,110,0,1,0,0
6821,1,0,1,4,1,1,1,49,1,1,0,0
6822,0,0,0,46,1,0,1,103,0,1,0,0
6823,0,0,0,2,0,0,0,45,1,1,0,0
6824,1,0,1,65,1,1,1,70,0,1,0,0
6825,0,0,0,19,1,1,1,97,0,1,0,0
6826,1,0,0,21,1,0,0,62,0,1,0,0
6827,1,0,0,48,1,0,0,79,0,1,0,0
6828,0,1,0,17,1,0,0,89,1,0,0,1
6829,1,1,0,64,1,0,0,20,0,0,0,1
6830,0,0,0,66,1,0,0,92,0,0,0,1
6831,1,0,1,70,1,1,1,78,0,1,0,0
6832,1,0,1,29,1,0,0,80,0,0,0,1
6833,1,0,0,1,1,1,1,63,0,1,0,0
6834,0,0,0,47,1,0,0,20,0,0,0,1
6835,0,0,0,71,1,1,1,21,0,0,1,0
6836,1,0,1,42,1,0,1,21,0,1,0,0
6837,0,1,0,62,1,0,1,80,0,1,0,0
6838,0,0,0,56,0,1,1,45,0,1,0,0
6839,0,0,0,70,1,1,1,116,1,1,0,0
6840,1,0,1,43,1,0,0,24,0,1,0,0
6841,1,1,0,44,1,0,0,88,1,1,0,0
6842,1,0,1,27,0,0,0,46,0,0,1,0
6843,1,0,0,31,1,1,1,103,1,1,0,0
6844,1,0,0,13,1,0,1,20,0,1,0,0
6845,0,0,1,26,1,0,0,91,1,1,0,0
6846,0,0,0,59,1,1,1,18,0,1,0,0
6847,1,0,0,51,1,0,0,95,1,1,0,0
6848,1,0,0,1,1,0,0,85,1,1,0,0
6849,0,0,0,48,1,1,1,107,1,1,0,0
6850,0,0,1,70,1,1,0,81,0,0,0,1
6851,0,0,0,16,1,1,1,20,0,0,0,1
6852,1,1,0,67,1,0,0,103,0,1,0,0
6853,1,0,0,28,0,1,1,30,0,1,0,0
6854,1,0,0,4,1,0,0,66,0,1,0,0
6855,1,0,0,72,1,0,0,19,0,0,1,0
6856,1,0,0,25,0,1,0,38,0,0,0,1
6857,1,0,0,48,1,0,1,97,0,1,0,0
6858,1,0,0,72,1,1,1,106,0,1,0,0
6859,0,0,0,2,1,1,1,86,1,0,0,1
6860,1,0,0,56,1,1,1,86,0,1,0,0
6861,1,0,0,69,1,1,1,19,0,1,0,0
6862,1,0,0,9,1,1,1,45,1,1,0,0
6863,0,0,0,37,1,1,0,80,0,0,1,0
6864,0,0,0,51,0,0,0,56,0,1,0,0
6865,1,0,1,70,1,0,0,25,0,0,0,1
6866,0,0,0,38,1,1,1,104,0,1,0,0
6867,1,0,0,23,1,0,0,91,1,0,0,1
6868,1,0,1,44,1,0,1,20,0,1,0,0
6869,1,0,1,5,1,0,0,20,0,0,1,0
6870,0,1,0,67,1,1,1,105,0,1,0,0
6871,0,0,1,72,1,1,1,21,0,1,0,0
6872,0,0,0,7,1,0,1,94,0,0,1,0
6873,1,0,1,54,1,1,0,80,0,0,0,1
6874,0,0,0,41,1,0,0,81,0,1,0,0
6875,0,0,0,63,1,0,0,109,0,0,0,1
6876,1,0,0,1,1,0,1,70,1,0,1,0
6877,1,0,1,59,1,0,1,100,0,1,0,0
6878,0,0,0,50,1,0,1,110,1,1,0,0
6879,0,0,0,3,1,0,1,95,1,1,0,0
6880,0,1,0,71,1,1,0,99,0,0,0,1
6881,1,0,0,57,1,0,0,21,0,1,0,0
6882,1,1,0,15,1,1,1,80,1,0,1,0
6883,1,0,1,72,0,0,1,55,0,1,0,0
6884,0,1,0,42,1,0,0,74,1,1,0,0
6885,0,0,0,72,1,1,1,98,0,1,0,0
6886,0,0,1,18,1,1,1,25,0,1,0,0
6887,0,0,1,70,1,1,0,65,0,0,0,1
6888,1,0,1,26,1,0,1,84,1,1,0,0
6889,1,1,0,64,1,0,1,26,0,1,0,0
6890,1,1,1,8,1,0,0,80,1,0,1,0
6891,1,0,1,68,1,0,0,113,1,1,0,0
6892,1,1,0,22,1,0,1,90,0,0,1,0
6893,0,0,1,72,1,0,0,85,0,1,0,0
6894,0,0,1,23,1,1,1,20,0,1,0,0
6895,1,0,0,24,0,0,0,29,0,0,0,1
6896,1,0,0,16,1,0,0,94,1,1,0,0
6897,0,0,0,63,1,0,0,108,0,1,0,0
6898,0,0,1,72,1,0,1,107,0,0,1,0
6899,1,0,0,6,1,0,0,85,1,1,0,0
6900,0,0,0,62,1,0,1,94,0,0,1,0
6901,0,0,0,9,1,1,0,19,0,0,1,0
6902,0,0,0,71,1,1,0,25,0,0,1,0
6903,1,0,0,18,1,1,0,56,0,0,1,0
6904,1,1,0,9,1,0,0,74,0,1,0,0
6905,0,1,0,48,1,0,0,117,1,1,0,0
6906,0,0,1,33,1,0,0,20,0,0,0,1
6907,0,0,0,27,1,0,1,102,0,1,0,0
6908,0,0,0,70,1,0,0,104,0,1,0,0
6909,0,0,0,17,1,0,0,20,0,1,0,0
6910,1,0,0,41,1,1,1,56,0,0,0,1
6911,0,1,0,7,1,0,0,48,0,0,0,1
6912,1,0,0,26,1,1,1,80,1,1,0,0
6913,1,0,0,10,1,1,1,52,0,0,1,0
6914,1,0,0,57,0,1,1,53,0,1,0,0
6915,1,0,0,35,1,1,1,61,0,0,0,1
6916,0,0,0,28,1,0,0,81,0,0,0,1
6917,1,1,0,72,1,1,1,110,0,0,0,1
6918,1,1,0,27,1,0,1,85,0,0,1,0
6919,1,0,1,67,1,1,1,21,0,1,0,0
6920,1,0,0,11,1,0,0,20,0,0,0,1
6921,1,0,0,69,1,1,1,105,1,1,0,0
6922,0,0,1,52,1,0,1,98,0,1,0,0
6923,1,0,0,52,1,1,0,81,0,0,1,0
6924,0,0,0,24,1,0,1,20,0,1,0,0
6925,0,0,0,12,1,0,0,20,0,0,1,0
6926,0,0,1,1,1,0,1,44,1,1,0,0
6927,1,0,1,15,1,1,0,19,0,1,0,0
6928,0,0,0,9,1,0,0,94,1,0,1,0
6929,0,0,0,18,1,0,0,89,0,1,0,0
6930,0,0,0,66,1,1,1,25,0,1,0,0
6931,1,0,1,46,1,0,1,57,0,0,1,0
6932,0,0,0,2,1,0,0,74,1,1,0,0
6933,1,0,0,17,1,0,1,87,0,1,0,0
6934,1,0,1,47,0,1,1,40,0,0,0,1
6935,1,1,0,63,1,1,1,108,0,0,0,1
6936,0,0,0,1,1,1,1,20,1,1,0,0
6937,0,0,1,70,1,0,0,66,0,1,0,0
6938,0,0,1,38,1,1,0,20,0,0,0,1
6939,0,0,1,58,1,0,1,24,0,0,1,0
6940,0,0,0,60,1,0,0,65,0,0,0,1
6941,0,0,0,68,1,0,0,88,0,0,1,0
6942,0,0,0,48,1,0,0,61,0,0,0,1
6943,0,0,1,35,1,0,0,107,0,1,0,0
6944,1,0,0,71,1,0,0,80,0,1,0,0
6945,0,0,0,55,1,1,1,57,0,0,0,1
6946,1,0,0,42,1,0,0,100,0,1,0,0
6947,1,0,1,56,1,1,1,97,0,0,1,0
6948,1,0,0,40,0,0,1,62,0,0,1,0
6949,1,1,0,72,1,0,0,85,0,0,1,0
6950,0,0,1,32,1,0,0,91,1,1,0,0
6951,0,0,0,35,1,0,0,85,1,0,0,1
6952,0,0,0,58,1,1,1,102,1,1,0,0
6953,0,0,0,45,1,1,1,74,0,1,0,0
6954,0,0,0,20,1,0,0,82,1,1,0,0
6955,1,0,0,3,1,0,0,70,0,1,0,0
6956,0,0,1,68,1,1,0,89,0,0,0,1
6957,0,0,0,9,1,0,1,75,1,1,0,0
6958,0,1,0,36,1,0,0,75,0,0,0,1
6959,0,0,0,37,0,0,1,40,0,0,1,0
6960,1,1,0,1,1,1,1,71,1,1,0,0
6961,1,0,1,72,1,1,1,104,0,1,0,0
6962,0,0,0,1,1,0,1,80,1,1,0,0
6963,0,0,1,55,1,1,1,56,0,1,0,0
6964,1,0,0,28,1,0,0,54,0,0,1,0
6965,0,0,0,52,0,1,1,59,0,1,0,0
6966,1,1,0,1,1,0,0,44,0,0,1,0
6967,1,0,0,42,1,1,1,80,0,1,0,0
6968,0,0,1,49,1,1,1,95,0,1,0,0
6969,0,0,0,26,1,0,0,96,0,1,0,0
6970,0,0,1,35,1,1,1,20,0,1,0,0
6971,1,1,0,1,1,1,1,45,0,1,0,0
6972,0,1,0,52,1,1,1,108,0,0,1,0
6973,0,0,0,72,1,0,1,111,0,0,1,0
6974,1,0,0,45,1,1,1,85,0,0,1,0
6975,1,0,0,41,1,1,0,105,1,0,0,1
6976,1,0,0,54,1,0,0,87,0,0,0,1
6977,1,1,1,22,0,0,0,40,1,1,0,0
6978,0,0,0,72,1,1,0,92,0,0,0,1
6979,0,0,1,14,1,0,0,80,0,1,0,0
6980,1,0,0,63,1,0,0,19,0,1,0,0
6981,1,0,0,7,1,0,0,19,0,1,0,0
6982,1,0,0,72,1,0,0,109,0,0,0,1
6983,1,0,1,7,1,0,1,49,1,1,0,0
6984,1,0,0,1,1,0,0,45,0,1,0,0
6985,1,0,0,16,1,0,0,75,0,0,1,0
6986,0,0,1,14,1,1,1,60,0,1,0,0
6987,0,0,0,1,1,1,1,71,1,0,1,0
6988,0,0,0,60,0,1,0,44,0,1,0,0
6989,0,1,1,1,1,1,0,71,1,0,1,0
6990,1,1,0,45,1,0,1,75,0,1,0,0
6991,1,0,0,1,1,1,1,46,1,1,0,0
6992,0,0,0,72,1,1,1,109,1,0,1,0
6993,1,0,1,6,1,1,1,19,0,1,0,0
6994,1,0,0,1,1,1,0,55,0,0,1,0
6995,0,0,0,19,1,1,0,56,0,0,0,1
6996,0,0,1,24,1,0,0,64,0,0,1,0
6997,1,0,0,64,1,0,1,76,0,1,0,0
6998,1,0,0,17,1,0,1,91,0,1,0,0
6999,0,0,0,8,1,0,0,44,0,1,0,0
7000,0,1,0,24,1,0,0,20,0,0,1,0
7001,1,0,0,11,1,0,0,20,0,1,0,0
7002,0,0,0,40,1,1,1,57,0,0,0,1
7003,1,0,1,36,1,0,0,25,0,1,0,0
7004,1,0,0,71,1,1,1,108,1,1,0,0
7005,1,0,0,7,1,0,0,19,0,0,1,0
7006,1,0,0,3,1,1,1,77,0,1,0,0
7007,0,0,0,38,1,0,0,20,0,0,0,1
7008,1,0,1,0,1,1,1,26,0,1,0,0
7009,0,0,1,1,1,1,1,75,1,1,0,0
7010,1,0,0,25,1,1,1,71,1,1,0,0
7011,1,0,1,69,1,0,0,20,0,1,0,0
7012,0,1,0,36,1,1,0,92,0,0,0,1
7013,1,0,0,63,1,1,1,100,0,1,0,0
7014,1,0,0,12,1,1,1,96,1,1,0,0
7015,1,0,1,19,1,0,1,20,0,1,0,0
7016,1,0,1,18,1,0,0,88,0,1,0,0
7017,1,0,0,32,1,0,0,79,0,0,0,1
7018,1,0,0,56,1,0,1,105,0,1,0,0
7019,0,0,0,6,1,0,0,20,1,0,0,1
7020,1,0,0,9,0,0,0,51,0,1,0,0
7021,1,0,1,32,0,0,0,36,0,0,1,0
7022,0,1,0,58,1,1,1,100,0,0,1,0
7023,1,0,0,8,1,1,1,59,0,1,0,0
7024,1,0,0,17,1,1,1,65,0,1,0,0
7025,1,1,0,27,1,1,1,71,0,1,0,0
7026,0,0,0,13,1,0,0,86,0,1,0,0
7027,1,0,0,49,0,0,0,50,0,1,0,0
7028,0,0,0,21,1,0,0,21,0,0,0,1
7029,1,0,0,36,0,0,0,35,0,1,0,0
7030,0,1,0,1,1,0,0,76,1,1,0,0
7031,0,0,1,42,1,1,0,20,0,0,1,0
7032,0,0,1,16,1,1,1,80,0,1,0,0
7033,0,0,1,49,1,0,1,108,1,1,0,0
7034,1,1,0,64,1,1,1,102,0,1,0,0
7035,0,0,0,2,1,0,1,45,0,1,0,0
7036,1,0,1,72,1,0,0,89,0,0,1,0
7037,0,0,0,1,0,0,0,25,1,0,0,1
7038,1,0,0,1,1,1,0,95,1,0,1,0
7039,0,0,1,23,1,1,1,91,0,0,1,0
7040,1,0,1,12,1,0,0,21,0,1,0,0
7041,1,1,0,12,1,1,1,99,1,1,0,0
7042,1,0,0,26,1,0,1,20,0,0,0,1
